-1.077100,0.437269,WANDER,FORWARD,SUSCEPTIBLE
-1.089907,0.463208,WANDER,FORWARD,SUSCEPTIBLE
-1.107614,0.499075,WANDER,FORWARD,SUSCEPTIBLE
-1.125322,0.534942,WANDER,FORWARD,SUSCEPTIBLE
-1.143030,0.570809,WANDER,FORWARD,SUSCEPTIBLE
-1.160738,0.606676,WANDER,FORWARD,SUSCEPTIBLE
-1.178446,0.642543,WANDER,FORWARD,SUSCEPTIBLE
-1.196154,0.678410,WANDER,FORWARD,SUSCEPTIBLE
-1.213861,0.714277,WANDER,FORWARD,SUSCEPTIBLE
-1.231569,0.750143,WANDER,FORWARD,SUSCEPTIBLE
-1.249277,0.786010,WANDER,FORWARD,SUSCEPTIBLE
-1.266985,0.821877,WANDER,FORWARD,SUSCEPTIBLE
-1.284693,0.857744,DIR_LEFT,TURN_LEFT,SUSCEPTIBLE
-1.295017,0.878656,DIR_LEFT,TURN_LEFT,SUSCEPTIBLE
-1.307714,0.894032,DIR_LEFT,TURN_LEFT,SUSCEPTIBLE
-1.324187,0.905245,WANDER,FORWARD,SUSCEPTIBLE
-1.358800,0.916366,WANDER,FORWARD,SUSCEPTIBLE
-1.397475,0.926567,WANDER,FORWARD,SUSCEPTIBLE
-1.436181,0.936659,WANDER,FORWARD,SUSCEPTIBLE
-1.474887,0.946751,WANDER,FORWARD,SUSCEPTIBLE
-1.513593,0.956843,WANDER,FORWARD,SUSCEPTIBLE
-1.552299,0.966935,WANDER,FORWARD,SUSCEPTIBLE
-1.591005,0.977026,WANDER,FORWARD,SUSCEPTIBLE
-1.629711,0.987118,WANDER,FORWARD,SUSCEPTIBLE
-1.668417,0.997210,WANDER,FORWARD,SUSCEPTIBLE
-1.707123,1.007302,WANDER,TURN_RIGHT,SUSCEPTIBLE
-1.729690,1.013186,WANDER,TURN_LEFT,SUSCEPTIBLE
-1.747316,1.022512,WANDER,FORWARD,SUSCEPTIBLE
-1.782100,1.033465,WANDER,TURN_LEFT,SUSCEPTIBLE
-1.804618,1.039533,WANDER,FORWARD,SUSCEPTIBLE
-1.841024,1.040342,WANDER,TURN_RIGHT,SUSCEPTIBLE
-1.864339,1.039817,WANDER,FORWARD,SUSCEPTIBLE
-1.900012,1.047128,WANDER,FORWARD,SUSCEPTIBLE
-1.938746,1.057109,WANDER,FORWARD,SUSCEPTIBLE
-1.977452,1.067201,DIR_LEFT,TURN_LEFT,SUSCEPTIBLE
-2.000019,1.073085,DIR_LEFT,TURN_LEFT,SUSCEPTIBLE
-2.019954,1.073552,DIR_LEFT,TURN_LEFT,SUSCEPTIBLE
-2.039213,1.068438,DIR_LEFT,TURN_LEFT,SUSCEPTIBLE
-2.056251,1.058104,DIR_LEFT,TURN_LEFT,SUSCEPTIBLE
-2.069685,1.043386,DIR_LEFT,TURN_LEFT,SUSCEPTIBLE
-2.078427,1.025479,FOLLOW,FORWARD,SUSCEPTIBLE
-2.084484,0.989632,DIR_LEFT,TURN_LEFT,SUSCEPTIBLE
-2.087269,0.966477,WANDER,FORWARD,SUSCEPTIBLE
-2.082864,0.930330,WANDER,FORWARD,SUSCEPTIBLE
-2.076046,0.890917,WANDER,FORWARD,SUSCEPTIBLE
-2.069115,0.851522,WANDER,FORWARD,SUSCEPTIBLE
-2.062184,0.812127,WANDER,FORWARD,SUSCEPTIBLE
-2.055253,0.772732,WANDER,FORWARD,SUSCEPTIBLE
-2.048323,0.733337,WANDER,FORWARD,SUSCEPTIBLE
-2.041392,0.693942,WANDER,FORWARD,SUSCEPTIBLE
-2.034461,0.654547,WANDER,FORWARD,SUSCEPTIBLE
-2.027530,0.615152,WANDER,TURN_RIGHT,SUSCEPTIBLE
-2.023489,0.592184,WANDER,FORWARD,SUSCEPTIBLE
-2.025624,0.555832,WANDER,FORWARD,SUSCEPTIBLE
-2.029963,0.516069,WANDER,FORWARD,SUSCEPTIBLE
-2.034417,0.476318,WANDER,FORWARD,SUSCEPTIBLE
-2.038870,0.436567,WANDER,FORWARD,SUSCEPTIBLE
-2.043323,0.396815,WANDER,FORWARD,SUSCEPTIBLE
-2.047776,0.357064,WANDER,FORWARD,SUSCEPTIBLE
-2.052229,0.317313,WANDER,FORWARD,SUSCEPTIBLE
-2.056683,0.277561,WANDER,FORWARD,SUSCEPTIBLE
-2.061136,0.237810,WANDER,TURN_RIGHT,SUSCEPTIBLE
-2.063732,0.214634,WANDER,FORWARD,SUSCEPTIBLE
-2.076026,0.180357,WANDER,FORWARD,SUSCEPTIBLE
-2.091397,0.143430,DIR_RIGHT,TURN_RIGHT,SUSCEPTIBLE
-2.100420,0.121925,DIR_RIGHT,TURN_RIGHT,SUSCEPTIBLE
-2.112150,0.105799,DIR_RIGHT,TURN_RIGHT,SUSCEPTIBLE
-2.127905,0.093598,DIR_RIGHT,TURN_RIGHT,SUSCEPTIBLE
-2.146460,0.086332,DIR_RIGHT,TURN_RIGHT,SUSCEPTIBLE
-2.166311,0.084590,DIR_RIGHT,TURN_RIGHT,SUSCEPTIBLE
-2.185847,0.088514,FOLLOW,FORWARD,SUSCEPTIBLE
-2.218011,0.105461,FOLLOW,FORWARD,SUSCEPTIBLE
-2.252361,0.125954,WANDER,FORWARD,SUSCEPTIBLE
-2.286654,0.146546,WANDER,FORWARD,SUSCEPTIBLE
-2.320947,0.167137,WANDER,FORWARD,SUSCEPTIBLE
-2.355239,0.187729,WANDER,FORWARD,SUSCEPTIBLE
-2.389532,0.208321,WANDER,TURN_RIGHT,SUSCEPTIBLE
-2.409526,0.220326,WANDER,FORWARD,SUSCEPTIBLE
-2.435577,0.245769,WANDER,TURN_LEFT,SUSCEPTIBLE
-2.451516,0.262794,WANDER,FORWARD,SUSCEPTIBLE
-2.481700,0.283164,WANDER,FORWARD,SUSCEPTIBLE
-2.515932,0.303853,WANDER,FORWARD,SUSCEPTIBLE
-2.550225,0.324445,WANDER,FORWARD,SUSCEPTIBLE
-2.584517,0.345037,WANDER,FORWARD,SUSCEPTIBLE
-2.618810,0.365628,WANDER,TURN_RIGHT,SUSCEPTIBLE
-2.638804,0.377634,WANDER,FORWARD,SUSCEPTIBLE
-2.664855,0.403077,WANDER,FORWARD,SUSCEPTIBLE
-2.692036,0.432420,WANDER,FORWARD,SUSCEPTIBLE
-2.719135,0.461842,WANDER,FORWARD,SUSCEPTIBLE
-2.746234,0.491264,DIR_RIGHT,TURN_RIGHT,SUSCEPTIBLE
-2.762034,0.508418,DIR_RIGHT,TURN_RIGHT,SUSCEPTIBLE
-2.771815,0.525795,DIR_RIGHT,TURN_RIGHT,SUSCEPTIBLE
-2.776353,0.545199,DIR_RIGHT,TURN_RIGHT,SUSCEPTIBLE
-2.775238,0.565094,DIR_RIGHT,TURN_RIGHT,SUSCEPTIBLE
-2.768562,0.583869,DIR_RIGHT,TURN_RIGHT,SUSCEPTIBLE
-2.756864,0.600001,DIR_LEFT,TURN_LEFT,SUSCEPTIBLE
-2.741093,0.612183,DIR_LEFT,TURN_LEFT,SUSCEPTIBLE
-2.727705,0.626977,DIR_LEFT,TURN_LEFT,SUSCEPTIBLE
-2.718941,0.644873,DIR_LEFT,TURN_LEFT,SUSCEPTIBLE
-2.715576,0.664514,DIR_LEFT,TURN_LEFT,SUSCEPTIBLE
-2.717883,0.684307,DIR_LEFT,TURN_LEFT,SUSCEPTIBLE
-2.725674,0.702647,DIR_LEFT,TURN_LEFT,SUSCEPTIBLE
-2.738319,0.718048,DIR_LEFT,TURN_LEFT,SUSCEPTIBLE
-2.754792,0.729261,DIR_LEFT,TURN_LEFT,SUSCEPTIBLE
-2.773758,0.735376,DIR_LEFT,TURN_LEFT,SUSCEPTIBLE
-2.793678,0.735898,FOLLOW,FORWARD,SUSCEPTIBLE
-2.828806,0.726532,WANDER,FORWARD,SUSCEPTIBLE
-2.866855,0.714196,WANDER,FORWARD,SUSCEPTIBLE
-2.904870,0.701751,WANDER,FORWARD,SUSCEPTIBLE
-2.942885,0.689306,WANDER,FORWARD,SUSCEPTIBLE
-2.980899,0.676861,WANDER,FORWARD,SUSCEPTIBLE
-3.018914,0.664416,WANDER,TURN_RIGHT,SUSCEPTIBLE
-3.041078,0.657160,WANDER,FORWARD,SUSCEPTIBLE
-3.077365,0.654121,WANDER,FORWARD,SUSCEPTIBLE
-3.117342,0.652780,WANDER,FORWARD,SUSCEPTIBLE
-3.157323,0.651554,WANDER,FORWARD,SUSCEPTIBLE
-3.197304,0.650328,DIR_LEFT,TURN_LEFT,SUSCEPTIBLE
-3.220614,0.649613,DIR_LEFT,TURN_LEFT,SUSCEPTIBLE
-3.239873,0.644442,DIR_LEFT,TURN_LEFT,SUSCEPTIBLE
-3.256911,0.634108,DIR_LEFT,TURN_LEFT,SUSCEPTIBLE
-3.270345,0.619390,DIR_LEFT,TURN_LEFT,SUSCEPTIBLE
-3.279087,0.601483,WANDER,FORWARD,SUSCEPTIBLE
-3.285144,0.565636,WANDER,FORWARD,SUSCEPTIBLE
-3.289710,0.525899,WANDER,FORWARD,SUSCEPTIBLE
-3.294164,0.486147,WANDER,FORWARD,SUSCEPTIBLE
-3.298617,0.446396,DIR_RIGHT,TURN_RIGHT,SUSCEPTIBLE
-3.301213,0.423220,DIR_RIGHT,TURN_RIGHT,SUSCEPTIBLE
-3.307923,0.404442,DIR_RIGHT,TURN_RIGHT,SUSCEPTIBLE
-3.319601,0.388295,DIR_RIGHT,TURN_RIGHT,SUSCEPTIBLE
-3.335355,0.376094,DIR_RIGHT,TURN_RIGHT,SUSCEPTIBLE
-3.353910,0.368828,DIR_RIGHT,TURN_RIGHT,SUSCEPTIBLE
-3.373761,0.367086,DIR_RIGHT,TURN_RIGHT,SUSCEPTIBLE
-3.393298,0.371009,FOLLOW,FORWARD,SUSCEPTIBLE
-3.425462,0.387957,FOLLOW,FORWARD,SUSCEPTIBLE
-3.459812,0.408450,WANDER,FORWARD,SUSCEPTIBLE
-3.494104,0.429041,WANDER,FORWARD,SUSCEPTIBLE
-3.528397,0.449633,WANDER,FORWARD,SUSCEPTIBLE
-3.562690,0.470225,WANDER,TURN_LEFT,SUSCEPTIBLE
-3.582683,0.482230,WANDER,FORWARD,SUSCEPTIBLE
-3.617385,0.493267,WANDER,FORWARD,SUSCEPTIBLE
-3.656061,0.503469,WANDER,FORWARD,SUSCEPTIBLE
-3.694767,0.513561,DIR_RIGHT,TURN_RIGHT,SUSCEPTIBLE
-3.717334,0.519445,DIR_RIGHT,TURN_RIGHT,SUSCEPTIBLE
-3.734959,0.528771,DIR_RIGHT,TURN_RIGHT,SUSCEPTIBLE
-3.749270,0.542638,DIR_RIGHT,TURN_RIGHT,SUSCEPTIBLE
-3.759093,0.559975,DIR_RIGHT,TURN_RIGHT,SUSCEPTIBLE
-3.763631,0.579379,DIR_RIGHT,TURN_RIGHT,SUSCEPTIBLE
-3.762516,0.599274,DIR_RIGHT,TURN_RIGHT,SUSCEPTIBLE
-3.755839,0.618049,DIR_RIGHT,TURN_RIGHT,SUSCEPTIBLE
-3.744142,0.634181,DIR_RIGHT,TURN_RIGHT,SUSCEPTIBLE
-3.728371,0.646362,DIR_RIGHT,TURN_RIGHT,SUSCEPTIBLE
-3.709807,0.653605,FOLLOW,FORWARD,SUSCEPTIBLE
-3.673583,0.656700,FOLLOW,FORWARD,SUSCEPTIBLE
-3.633606,0.657990,WANDER,FORWARD,SUSCEPTIBLE
-3.593623,0.659165,WANDER,FORWARD,SUSCEPTIBLE
-3.553640,0.660341,DIR_LEFT,TURN_LEFT,SUSCEPTIBLE
-3.530329,0.661027,DIR_LEFT,TURN_LEFT,SUSCEPTIBLE
-3.511064,0.666173,DIR_LEFT,TURN_LEFT,SUSCEPTIBLE
-3.494013,0.676486,DIR_LEFT,TURN_LEFT,SUSCEPTIBLE
-3.480560,0.691186,FOLLOW,FORWARD,SUSCEPTIBLE
-3.464604,0.723853,DIR_RIGHT,TURN_RIGHT,SUSCEPTIBLE
-3.455379,0.745273,DIR_RIGHT,TURN_RIGHT,SUSCEPTIBLE
-3.443628,0.761383,DIR_RIGHT,TURN_RIGHT,SUSCEPTIBLE
-3.427858,0.773564,DIR_RIGHT,TURN_RIGHT,SUSCEPTIBLE
-3.409293,0.780807,DIR_RIGHT,TURN_RIGHT,SUSCEPTIBLE
-3.389441,0.782524,DIR_RIGHT,TURN_RIGHT,SUSCEPTIBLE
-3.369909,0.778576,DIR_RIGHT,TURN_RIGHT,SUSCEPTIBLE
-3.352282,0.769283,DIR_RIGHT,TURN_RIGHT,SUSCEPTIBLE
-3.337988,0.755398,DIR_RIGHT,TURN_RIGHT,SUSCEPTIBLE
-3.328187,0.738048,DIR_RIGHT,TURN_RIGHT,SUSCEPTIBLE
-3.323674,0.718639,DIR_RIGHT,TURN_RIGHT,SUSCEPTIBLE
-3.324813,0.698745,FOLLOW,FORWARD,SUSCEPTIBLE
-3.337074,0.664519,WANDER,FORWARD,SUSCEPTIBLE
-3.352537,0.627630,WANDER,TURN_RIGHT,SUSCEPTIBLE
-3.361615,0.606148,WANDER,FORWARD,SUSCEPTIBLE
-3.383146,0.576781,WANDER,TURN_RIGHT,SUSCEPTIBLE
-3.397763,0.558608,WANDER,TURN_LEFT,SUSCEPTIBLE
-3.413593,0.546482,WANDER,TURN_LEFT,SUSCEPTIBLE
-3.427000,0.531705,WANDER,TURN_RIGHT,SUSCEPTIBLE
-3.435787,0.513820,WANDER,FORWARD,SUSCEPTIBLE
-3.457434,0.484472,WANDER,FORWARD,SUSCEPTIBLE
-3.482667,0.453437,WANDER,FORWARD,SUSCEPTIBLE
-3.507990,0.422473,WANDER,FORWARD,SUSCEPTIBLE
-3.533313,0.391510,WANDER,TURN_LEFT,SUSCEPTIBLE
-3.548077,0.373457,WANDER,FORWARD,SUSCEPTIBLE
-3.564005,0.340710,WANDER,FORWARD,SUSCEPTIBLE
-3.579679,0.303911,WANDER,FORWARD,SUSCEPTIBLE
-3.595248,0.267065,WANDER,FORWARD,SUSCEPTIBLE
-3.610818,0.230220,WANDER,FORWARD,SUSCEPTIBLE
-3.626387,0.193374,WANDER,FORWARD,SUSCEPTIBLE
-3.641957,0.156529,WANDER,FORWARD,SUSCEPTIBLE
-3.657526,0.119683,WANDER,FORWARD,SUSCEPTIBLE
-3.673096,0.082838,DIR_LEFT,TURN_LEFT,SUSCEPTIBLE
-3.682174,0.061356,DIR_LEFT,TURN_LEFT,SUSCEPTIBLE
-3.685511,0.041696,DIR_LEFT,TURN_LEFT,SUSCEPTIBLE
-3.683229,0.021900,DIR_LEFT,TURN_LEFT,SUSCEPTIBLE
-3.675461,0.003550,DIR_LEFT,TURN_LEFT,SUSCEPTIBLE
-3.662835,-0.011867,WANDER,FORWARD,SUSCEPTIBLE
-3.632786,-0.032330,WANDER,FORWARD,SUSCEPTIBLE
-3.598580,-0.053062,DIR_LEFT,TURN_LEFT,SUSCEPTIBLE
-3.578601,-0.065093,DIR_LEFT,TURN_LEFT,SUSCEPTIBLE
-3.559613,-0.071184,DIR_LEFT,TURN_LEFT,SUSCEPTIBLE
-3.539694,-0.071731,DIR_LEFT,TURN_LEFT,SUSCEPTIBLE
-3.520428,-0.066642,DIR_LEFT,TURN_LEFT,SUSCEPTIBLE
-3.503377,-0.056329,DIR_LEFT,TURN_LEFT,SUSCEPTIBLE
-3.489924,-0.041629,DIR_LEFT,TURN_LEFT,SUSCEPTIBLE
-3.481160,-0.023733,DIR_LEFT,TURN_LEFT,SUSCEPTIBLE
-3.477795,-0.004092,DIR_LEFT,TURN_LEFT,SUSCEPTIBLE
-3.480101,0.015701,WANDER,FORWARD,SUSCEPTIBLE
-3.494352,0.049147,WANDER,FORWARD,SUSCEPTIBLE
-3.511956,0.085063,WANDER,TURN_LEFT,SUSCEPTIBLE
-3.522281,0.105975,WANDER,FORWARD,SUSCEPTIBLE
-3.545500,0.134026,DIR_LEFT,TURN_LEFT,SUSCEPTIBLE
-3.561159,0.151309,DIR_LEFT,TURN_LEFT,SUSCEPTIBLE
-3.577675,0.162483,DIR_LEFT,TURN_LEFT,SUSCEPTIBLE
-3.596640,0.168598,DIR_LEFT,TURN_LEFT,SUSCEPTIBLE
-3.616560,0.169120,DIR_LEFT,TURN_LEFT,SUSCEPTIBLE
-3.635820,0.164007,DIR_LEFT,TURN_LEFT,SUSCEPTIBLE
-3.652858,0.153672,DIR_LEFT,TURN_LEFT,SUSCEPTIBLE
-3.666292,0.138955,DIR_LEFT,TURN_LEFT,SUSCEPTIBLE
-3.675034,0.121048,DIR_LEFT,TURN_LEFT,SUSCEPTIBLE
-3.678374,0.101403,DIR_LEFT,TURN_LEFT,SUSCEPTIBLE
-3.676042,0.081613,DIR_LEFT,TURN_LEFT,SUSCEPTIBLE
-3.668227,0.063283,DIR_LEFT,TURN_LEFT,SUSCEPTIBLE
-3.655563,0.047898,WANDER,FORWARD,SUSCEPTIBLE
-3.625461,0.027510,WANDER,FORWARD,SUSCEPTIBLE
-3.591203,0.006865,WANDER,FORWARD,SUSCEPTIBLE
-3.556884,-0.013683,WANDER,FORWARD,SUSCEPTIBLE
-3.522566,-0.034232,WANDER,FORWARD,SUSCEPTIBLE
-3.488247,-0.054780,WANDER,FORWARD,SUSCEPTIBLE
-3.453929,-0.075328,WANDER,FORWARD,SUSCEPTIBLE
-3.419610,-0.095877,WANDER,FORWARD,SUSCEPTIBLE
-3.385291,-0.116425,WANDER,FORWARD,SUSCEPTIBLE
-3.350973,-0.136973,WANDER,FORWARD,SUSCEPTIBLE
-3.316654,-0.157522,WANDER,FORWARD,SUSCEPTIBLE
-3.282335,-0.178070,WANDER,FORWARD,SUSCEPTIBLE
-3.248017,-0.198618,WANDER,FORWARD,SUSCEPTIBLE
-3.213698,-0.219167,WANDER,FORWARD,SUSCEPTIBLE
-3.179380,-0.239715,WANDER,FORWARD,SUSCEPTIBLE
-3.145061,-0.260263,WANDER,FORWARD,SUSCEPTIBLE
-3.110742,-0.280811,WANDER,FORWARD,SUSCEPTIBLE
-3.076424,-0.301360,WANDER,FORWARD,SUSCEPTIBLE
-3.042105,-0.321908,WANDER,FORWARD,SUSCEPTIBLE
-3.007787,-0.342456,WANDER,FORWARD,SUSCEPTIBLE
-2.973468,-0.363005,WANDER,FORWARD,SUSCEPTIBLE
-2.939149,-0.383553,WANDER,FORWARD,SUSCEPTIBLE
-2.904831,-0.404101,WANDER,FORWARD,SUSCEPTIBLE
-2.870512,-0.424650,WANDER,FORWARD,SUSCEPTIBLE
-2.836193,-0.445198,WANDER,FORWARD,SUSCEPTIBLE
-2.801875,-0.465746,WANDER,FORWARD,SUSCEPTIBLE
-2.767556,-0.486294,WANDER,FORWARD,SUSCEPTIBLE
-2.733238,-0.506843,WANDER,TURN_RIGHT,SUSCEPTIBLE
-2.713229,-0.518823,WANDER,FORWARD,SUSCEPTIBLE
-2.687145,-0.544233,WANDER,FORWARD,SUSCEPTIBLE
-2.659927,-0.573542,WANDER,FORWARD,SUSCEPTIBLE
-2.632791,-0.602930,WANDER,FORWARD,SUSCEPTIBLE
-2.605655,-0.632318,WANDER,FORWARD,SUSCEPTIBLE
-2.578519,-0.661705,WANDER,FORWARD,SUSCEPTIBLE
-2.551383,-0.691093,WANDER,FORWARD,SUSCEPTIBLE
-2.524247,-0.720481,WANDER,FORWARD,SUSCEPTIBLE
-2.497111,-0.749869,WANDER,TURN_RIGHT,SUSCEPTIBLE
-2.481289,-0.767003,WANDER,FORWARD,SUSCEPTIBLE
-2.463425,-0.798734,WANDER,FORWARD,SUSCEPTIBLE
-2.445570,-0.834526,WANDER,FORWARD,SUSCEPTIBLE
-2.427817,-0.870371,WANDER,FORWARD,SUSCEPTIBLE
-2.410064,-0.906215,WANDER,FORWARD,SUSCEPTIBLE
-2.392311,-0.942060,WANDER,FORWARD,SUSCEPTIBLE
-2.374558,-0.977904,DIR_RIGHT,TURN_RIGHT,SUSCEPTIBLE
-2.364207,-0.998803,DIR_RIGHT,TURN_RIGHT,SUSCEPTIBLE
-2.359695,-1.018226,DIR_RIGHT,TURN_RIGHT,SUSCEPTIBLE
-2.360785,-1.038123,DIR_RIGHT,TURN_RIGHT,SUSCEPTIBLE
-2.367438,-1.056907,DIR_RIGHT,TURN_RIGHT,SUSCEPTIBLE
-2.379115,-1.073054,FOLLOW,FORWARD,SUSCEPTIBLE
-2.407882,-1.095284,WANDER,FORWARD,SUSCEPTIBLE
-2.440782,-1.118032,WANDER,FORWARD,SUSCEPTIBLE
-2.473748,-1.140687,WANDER,TURN_RIGHT,SUSCEPTIBLE
-2.492969,-1.153895,WANDER,FORWARD,SUSCEPTIBLE
-2.526928,-1.167039,WANDER,TURN_LEFT,SUSCEPTIBLE
-2.549033,-1.174475,WANDER,FORWARD,SUSCEPTIBLE
-2.580092,-1.193483,WANDER,FORWARD,SUSCEPTIBLE
-2.613122,-1.216043,WANDER,FORWARD,SUSCEPTIBLE
-2.646088,-1.238698,WANDER,TURN_RIGHT,SUSCEPTIBLE
-2.665308,-1.251906,WANDER,FORWARD,SUSCEPTIBLE
-2.699268,-1.265049,WANDER,FORWARD,SUSCEPTIBLE
-2.737246,-1.277602,WANDER,FORWARD,SUSCEPTIBLE
-2.775260,-1.290047,WANDER,FORWARD,SUSCEPTIBLE
-2.813275,-1.302493,WANDER,FORWARD,SUSCEPTIBLE
-2.851290,-1.314938,WANDER,TURN_LEFT,SUSCEPTIBLE
-2.873454,-1.322193,WANDER,TURN_LEFT,SUSCEPTIBLE
-2.890474,-1.332582,WANDER,TURN_RIGHT,SUSCEPTIBLE
-2.903909,-1.347300,WANDER,TURN_RIGHT,SUSCEPTIBLE
-2.919752,-1.359429,WANDER,FORWARD,SUSCEPTIBLE
-2.953619,-1.372650,WANDER,FORWARD,SUSCEPTIBLE
-2.991596,-1.385203,WANDER,FORWARD,SUSCEPTIBLE
-3.029611,-1.397648,WANDER,FORWARD,SUSCEPTIBLE
-3.067626,-1.410093,WANDER,FORWARD,SUSCEPTIBLE
-3.105640,-1.422538,WANDER,FORWARD,SUSCEPTIBLE
-3.143655,-1.434984,DIR_LEFT,TURN_LEFT,SUSCEPTIBLE
-3.165819,-1.442239,DIR_LEFT,TURN_LEFT,SUSCEPTIBLE
-3.182840,-1.452628,DIR_LEFT,TURN_LEFT,SUSCEPTIBLE
-3.196274,-1.467346,FOLLOW,FORWARD,SUSCEPTIBLE
-3.212189,-1.500033,WANDER,FORWARD,SUSCEPTIBLE
-3.227770,-1.536872,WANDER,FORWARD,SUSCEPTIBLE
-3.243246,-1.573757,WANDER,FORWARD,SUSCEPTIBLE
-3.258723,-1.610641,WANDER,FORWARD,SUSCEPTIBLE
-3.274199,-1.647526,WANDER,FORWARD,SUSCEPTIBLE
-3.289675,-1.684411,WANDER,FORWARD,SUSCEPTIBLE
-3.305152,-1.721296,WANDER,FORWARD,SUSCEPTIBLE
-3.320628,-1.758180,WANDER,FORWARD,SUSCEPTIBLE
-3.336104,-1.795065,WANDER,FORWARD,SUSCEPTIBLE
-3.351581,-1.831950,WANDER,FORWARD,SUSCEPTIBLE
-3.367057,-1.868835,WANDER,FORWARD,SUSCEPTIBLE
-3.382533,-1.905719,WANDER,FORWARD,SUSCEPTIBLE
-3.398009,-1.942604,WANDER,FORWARD,SUSCEPTIBLE
-3.413486,-1.979489,DIR_RIGHT,TURN_RIGHT,SUSCEPTIBLE
-3.422509,-2.000994,DIR_RIGHT,TURN_RIGHT,SUSCEPTIBLE
-3.434239,-2.017119,DIR_RIGHT,TURN_RIGHT,SUSCEPTIBLE
-3.449994,-2.029320,DIR_RIGHT,TURN_RIGHT,SUSCEPTIBLE
-3.468549,-2.036586,DIR_RIGHT,TURN_RIGHT,SUSCEPTIBLE
-3.488400,-2.038328,DIR_RIGHT,TURN_RIGHT,SUSCEPTIBLE
-3.507937,-2.034405,DIR_RIGHT,TURN_RIGHT,SUSCEPTIBLE
-3.525576,-2.025134,FOLLOW,FORWARD,SUSCEPTIBLE
-3.551659,-1.999809,FOLLOW,FORWARD,SUSCEPTIBLE
-3.578841,-1.970465,FOLLOW,FORWARD,SUSCEPTIBLE
-3.605940,-1.941043,WANDER,TURN_LEFT,SUSCEPTIBLE
-3.621739,-1.923889,WANDER,TURN_LEFT,SUSCEPTIBLE
-3.638255,-1.912715,WANDER,TURN_RIGHT,SUSCEPTIBLE
-3.657220,-1.906600,WANDER,TURN_RIGHT,SUSCEPTIBLE
-3.674830,-1.897218,DIR_RIGHT,TURN_RIGHT,SUSCEPTIBLE
-3.689141,-1.883352,DIR_RIGHT,TURN_RIGHT,SUSCEPTIBLE
-3.698964,-1.866014,DIR_RIGHT,TURN_RIGHT,SUSCEPTIBLE
-3.703502,-1.846611,DIR_RIGHT,TURN_RIGHT,SUSCEPTIBLE
-3.702388,-1.826715,DIR_RIGHT,TURN_RIGHT,SUSCEPTIBLE
-3.695711,-1.807940,DIR_RIGHT,TURN_RIGHT,SUSCEPTIBLE
-3.684013,-1.791808,DIR_RIGHT,TURN_RIGHT,SUSCEPTIBLE
-3.668243,-1.779627,DIR_RIGHT,TURN_RIGHT,SUSCEPTIBLE
-3.649679,-1.772384,WANDER,FORWARD,SUSCEPTIBLE
-3.613455,-1.769290,WANDER,FORWARD,SUSCEPTIBLE
-3.573477,-1.768000,WANDER,FORWARD,SUSCEPTIBLE
-3.533495,-1.766824,WANDER,FORWARD,SUSCEPTIBLE
-3.493512,-1.765648,WANDER,FORWARD,SUSCEPTIBLE
-3.453529,-1.764472,WANDER,TURN_RIGHT,SUSCEPTIBLE
-3.430218,-1.763787,WANDER,FORWARD,SUSCEPTIBLE
-3.394554,-1.771143,WANDER,FORWARD,SUSCEPTIBLE
-3.355834,-1.781173,WANDER,FORWARD,SUSCEPTIBLE
-3.317140,-1.791314,WANDER,TURN_RIGHT,SUSCEPTIBLE
-3.294581,-1.797226,WANDER,FORWARD,SUSCEPTIBLE
-3.262436,-1.814336,WANDER,TURN_LEFT,SUSCEPTIBLE
-3.242360,-1.826204,WANDER,FORWARD,SUSCEPTIBLE
-3.207673,-1.837285,WANDER,FORWARD,SUSCEPTIBLE
-3.169010,-1.847536,WANDER,TURN_LEFT,SUSCEPTIBLE
-3.146451,-1.853448,WANDER,FORWARD,SUSCEPTIBLE
-3.110046,-1.854304,WANDER,FORWARD,SUSCEPTIBLE
-3.070062,-1.853242,WANDER,FORWARD,SUSCEPTIBLE
-3.030079,-1.852067,WANDER,FORWARD,SUSCEPTIBLE
-2.990096,-1.850891,WANDER,FORWARD,SUSCEPTIBLE
-2.950114,-1.849715,WANDER,FORWARD,SUSCEPTIBLE
-2.910131,-1.848539,WANDER,FORWARD,SUSCEPTIBLE
-2.870148,-1.847363,WANDER,FORWARD,SUSCEPTIBLE
-2.830166,-1.846188,WANDER,FORWARD,SUSCEPTIBLE
-2.790183,-1.845012,WANDER,FORWARD,SUSCEPTIBLE
-2.750200,-1.843836,WANDER,FORWARD,SUSCEPTIBLE
-2.710217,-1.842660,WANDER,FORWARD,SUSCEPTIBLE
-2.670235,-1.841484,WANDER,TURN_LEFT,SUSCEPTIBLE
-2.646923,-1.840799,WANDER,FORWARD,SUSCEPTIBLE
-2.611754,-1.831359,WANDER,FORWARD,SUSCEPTIBLE
-2.573689,-1.819071,WANDER,TURN_RIGHT,SUSCEPTIBLE
-2.551516,-1.811844,WANDER,TURN_RIGHT,SUSCEPTIBLE
-2.531645,-1.810181,DIR_LEFT,TURN_LEFT,SUSCEPTIBLE
-2.512113,-1.814129,DIR_LEFT,TURN_LEFT,SUSCEPTIBLE
-2.492165,-1.814566,DIR_LEFT,TURN_LEFT,SUSCEPTIBLE
-2.472899,-1.809477,DIR_LEFT,TURN_LEFT,SUSCEPTIBLE
-2.455848,-1.799164,WANDER,FORWARD,SUSCEPTIBLE
-2.431332,-1.772318,WANDER,FORWARD,SUSCEPTIBLE
-2.405960,-1.741396,WANDER,FORWARD,SUSCEPTIBLE
-2.380677,-1.710400,WANDER,FORWARD,SUSCEPTIBLE
-2.355393,-1.679405,DIR_RIGHT,TURN_RIGHT,SUSCEPTIBLE
-2.340651,-1.661333,DIR_RIGHT,TURN_RIGHT,SUSCEPTIBLE
-2.324836,-1.649188,DIR_RIGHT,TURN_RIGHT,SUSCEPTIBLE
-2.306272,-1.641945,DIR_RIGHT,TURN_RIGHT,SUSCEPTIBLE
-2.286419,-1.640228,DIR_RIGHT,TURN_RIGHT,SUSCEPTIBLE
-2.266888,-1.644176,FOLLOW,FORWARD,SUSCEPTIBLE
-2.234745,-1.661164,FOLLOW,FORWARD,SUSCEPTIBLE
-2.200421,-1.681701,WANDER,TURN_RIGHT,SUSCEPTIBLE
-2.180442,-1.693732,WANDER,FORWARD,SUSCEPTIBLE
-2.154423,-1.719208,WANDER,FORWARD,SUSCEPTIBLE
-2.127279,-1.748585,WANDER,FORWARD,SUSCEPTIBLE
-2.100217,-1.778042,WANDER,FORWARD,SUSCEPTIBLE
-2.073156,-1.807498,WANDER,FORWARD,SUSCEPTIBLE
-2.046094,-1.836954,WANDER,FORWARD,SUSCEPTIBLE
-2.019033,-1.866410,WANDER,TURN_RIGHT,SUSCEPTIBLE
-2.003255,-1.883584,WANDER,FORWARD,SUSCEPTIBLE
-1.985471,-1.915361,DIR_LEFT,TURN_LEFT,SUSCEPTIBLE
-1.975003,-1.936201,DIR_LEFT,TURN_LEFT,SUSCEPTIBLE
-1.962326,-1.951594,DIR_LEFT,TURN_LEFT,SUSCEPTIBLE
-1.945867,-1.962827,DIR_LEFT,TURN_LEFT,SUSCEPTIBLE
-1.926909,-1.968966,DIR_LEFT,TURN_LEFT,SUSCEPTIBLE
-1.906990,-1.969513,DIR_LEFT,TURN_LEFT,SUSCEPTIBLE
-1.887724,-1.964424,DIR_LEFT,TURN_LEFT,SUSCEPTIBLE
-1.870673,-1.954111,DIR_LEFT,TURN_LEFT,SUSCEPTIBLE
-1.857220,-1.939411,FOLLOW,FORWARD,SUSCEPTIBLE
-1.841264,-1.906744,WANDER,FORWARD,SUSCEPTIBLE
-1.825636,-1.869925,WANDER,TURN_LEFT,SUSCEPTIBLE
-1.816586,-1.848431,DIR_LEFT,TURN_LEFT,SUSCEPTIBLE
-1.813273,-1.828767,DIR_LEFT,TURN_LEFT,SUSCEPTIBLE
-1.815580,-1.808974,DIR_LEFT,TURN_LEFT,SUSCEPTIBLE
-1.823371,-1.790634,DIR_LEFT,TURN_LEFT,SUSCEPTIBLE
-1.836017,-1.775233,DIR_LEFT,TURN_LEFT,SUSCEPTIBLE
-1.852490,-1.764021,DIR_LEFT,TURN_LEFT,SUSCEPTIBLE
-1.871455,-1.757906,DIR_LEFT,TURN_LEFT,SUSCEPTIBLE
-1.891375,-1.757384,WANDER,TURN_RIGHT,SUSCEPTIBLE
-1.910635,-1.762497,WANDER,FORWARD,SUSCEPTIBLE
-1.946984,-1.765436,WANDER,FORWARD,SUSCEPTIBLE
-1.986960,-1.766776,WANDER,FORWARD,SUSCEPTIBLE
-2.026941,-1.768003,WANDER,TURN_LEFT,SUSCEPTIBLE
-2.050252,-1.768718,WANDER,FORWARD,SUSCEPTIBLE
-2.085409,-1.778202,WANDER,FORWARD,SUSCEPTIBLE
-2.123458,-1.790538,WANDER,FORWARD,SUSCEPTIBLE
-2.161473,-1.802983,WANDER,FORWARD,SUSCEPTIBLE
-2.199487,-1.815428,WANDER,TURN_RIGHT,SUSCEPTIBLE
-2.221651,-1.822684,WANDER,FORWARD,SUSCEPTIBLE
-2.257939,-1.825723,WANDER,FORWARD,SUSCEPTIBLE
-2.297915,-1.827063,WANDER,FORWARD,SUSCEPTIBLE
-2.337896,-1.828290,DIR_LEFT,TURN_LEFT,SUSCEPTIBLE
-2.361207,-1.829005,DIR_LEFT,TURN_LEFT,SUSCEPTIBLE
-2.380465,-1.834175,DIR_LEFT,TURN_LEFT,SUSCEPTIBLE
-2.397503,-1.844510,WANDER,FORWARD,SUSCEPTIBLE
-2.421985,-1.871386,WANDER,FORWARD,INFECTIOUS
-2.447317,-1.902340,WANDER,FORWARD,INFECTIOUS
-2.472562,-1.933368,WANDER,FORWARD,INFECTIOUS
-2.497807,-1.964396,WANDER,FORWARD,INFECTIOUS
-2.523051,-1.995423,WANDER,FORWARD,INFECTIOUS
-2.548296,-2.026451,WANDER,FORWARD,INFECTIOUS
-2.573541,-2.057478,WANDER,FORWARD,INFECTIOUS
-2.598785,-2.088506,WANDER,FORWARD,INFECTIOUS
-2.624030,-2.119533,WANDER,FORWARD,INFECTIOUS
-2.649274,-2.150561,WANDER,FORWARD,INFECTIOUS
-2.674519,-2.181589,WANDER,FORWARD,INFECTIOUS
-2.699764,-2.212616,WANDER,FORWARD,INFECTIOUS
-2.725008,-2.243644,DIR_RIGHT,TURN_RIGHT,INFECTIOUS
-2.739727,-2.261734,DIR_RIGHT,TURN_RIGHT,INFECTIOUS
-2.755526,-2.273899,DIR_RIGHT,TURN_RIGHT,INFECTIOUS
-2.774081,-2.281166,DIR_RIGHT,TURN_RIGHT,INFECTIOUS
-2.793932,-2.282907,DIR_RIGHT,TURN_RIGHT,INFECTIOUS
-2.813469,-2.278984,DIR_RIGHT,TURN_RIGHT,INFECTIOUS
-2.831108,-2.269713,WANDER,FORWARD,INFECTIOUS
-2.857191,-2.244388,WANDER,TURN_RIGHT,INFECTIOUS
-2.873130,-2.227363,WANDER,TURN_RIGHT,INFECTIOUS
-2.882912,-2.209986,WANDER,TURN_LEFT,INFECTIOUS
-2.887450,-2.190582,WANDER,FORWARD,INFECTIOUS
-2.901939,-2.157117,WANDER,FORWARD,INFECTIOUS
-2.919543,-2.121201,WANDER,FORWARD,INFECTIOUS
-2.937251,-2.085334,WANDER,FORWARD,INFECTIOUS
-2.954959,-2.049467,WANDER,FORWARD,INFECTIOUS
-2.972667,-2.013600,WANDER,FORWARD,INFECTIOUS
-2.990375,-1.977733,WANDER,TURN_RIGHT,INFECTIOUS
-3.000699,-1.956821,WANDER,FORWARD,INFECTIOUS
-3.008851,-1.921331,WANDER,FORWARD,INFECTIOUS
-3.015844,-1.881949,WANDER,FORWARD,INFECTIOUS
-3.022726,-1.842545,WANDER,FORWARD,INFECTIOUS
-3.029607,-1.803141,WANDER,FORWARD,INFECTIOUS
-3.036488,-1.763738,WANDER,FORWARD,INFECTIOUS
-3.043369,-1.724334,WANDER,FORWARD,INFECTIOUS
-3.050250,-1.684930,WANDER,FORWARD,INFECTIOUS
-3.057131,-1.645527,WANDER,FORWARD,INFECTIOUS
-3.064012,-1.606123,WANDER,TURN_RIGHT,INFECTIOUS
-3.068024,-1.583149,WANDER,TURN_RIGHT,INFECTIOUS
-3.066854,-1.563243,WANDER,FORWARD,INFECTIOUS
-3.054636,-1.529001,WANDER,FORWARD,INFECTIOUS
-3.039220,-1.492093,WANDER,FORWARD,INFECTIOUS
-3.023697,-1.455228,WANDER,FORWARD,INFECTIOUS
-3.008174,-1.418363,WANDER,TURN_RIGHT,INFECTIOUS
-2.999123,-1.396869,WANDER,FORWARD,INFECTIOUS
-2.977630,-1.367475,WANDER,FORWARD,INFECTIOUS
-2.952436,-1.336408,WANDER,FORWARD,INFECTIOUS
-2.927152,-1.305413,WANDER,FORWARD,INFECTIOUS
-2.901868,-1.274417,DIR_LEFT,TURN_LEFT,INFECTIOUS
-2.887127,-1.256346,DIR_LEFT,TURN_LEFT,INFECTIOUS
-2.878406,-1.238413,DIR_LEFT,TURN_LEFT,INFECTIOUS
-2.875041,-1.218772,DIR_LEFT,TURN_LEFT,INFECTIOUS
-2.877348,-1.198979,DIR_LEFT,TURN_LEFT,INFECTIOUS
-2.885139,-1.180639,DIR_LEFT,TURN_LEFT,INFECTIOUS
-2.897785,-1.165238,DIR_LEFT,TURN_LEFT,INFECTIOUS
-2.914258,-1.154025,DIR_LEFT,TURN_LEFT,INFECTIOUS
-2.933223,-1.147910,DIR_LEFT,TURN_LEFT,INFECTIOUS
-2.953143,-1.147388,WANDER,FORWARD,INFECTIOUS
-2.988272,-1.156754,WANDER,FORWARD,INFECTIOUS
-3.026320,-1.169090,WANDER,FORWARD,INFECTIOUS
-3.064335,-1.181535,WANDER,FORWARD,INFECTIOUS
-3.102350,-1.193980,WANDER,TURN_RIGHT,INFECTIOUS
-3.124514,-1.201236,WANDER,FORWARD,INFECTIOUS
-3.160801,-1.204275,WANDER,FORWARD,INFECTIOUS
-3.200777,-1.205616,WANDER,FORWARD,INFECTIOUS
-3.240758,-1.206842,WANDER,TURN_LEFT,INFECTIOUS
-3.264069,-1.207557,WANDER,FORWARD,INFECTIOUS
-3.299226,-1.217041,WANDER,FORWARD,INFECTIOUS
-3.337275,-1.229377,WANDER,FORWARD,INFECTIOUS
-3.375290,-1.241822,WANDER,FORWARD,INFECTIOUS
-3.413305,-1.254267,WANDER,FORWARD,INFECTIOUS
-3.451319,-1.266712,DIR_RIGHT,TURN_RIGHT,INFECTIOUS
-3.473483,-1.273968,DIR_RIGHT,TURN_RIGHT,INFECTIOUS
-3.493353,-1.275656,DIR_RIGHT,TURN_RIGHT,INFECTIOUS
-3.512889,-1.271732,DIR_RIGHT,TURN_RIGHT,INFECTIOUS
-3.530528,-1.262462,DIR_RIGHT,TURN_RIGHT,INFECTIOUS
-3.544839,-1.248595,DIR_RIGHT,TURN_RIGHT,INFECTIOUS
-3.554662,-1.231258,DIR_RIGHT,TURN_RIGHT,INFECTIOUS
-3.559200,-1.211854,FOLLOW,FORWARD,INFECTIOUS
-3.557129,-1.175558,FOLLOW,FORWARD,INFECTIOUS
-3.552739,-1.135801,WANDER,FORWARD,INFECTIOUS
-3.548236,-1.096055,WANDER,FORWARD,INFECTIOUS
-3.543733,-1.056309,WANDER,FORWARD,INFECTIOUS
-3.539229,-1.016564,WANDER,FORWARD,INFECTIOUS
-3.534726,-0.976818,WANDER,TURN_RIGHT,INFECTIOUS
-3.532100,-0.953645,WANDER,FORWARD,INFECTIOUS
-3.519762,-0.919384,WANDER,FORWARD,INFECTIOUS
-3.504345,-0.882476,WANDER,FORWARD,INFECTIOUS
-3.488823,-0.845611,WANDER,FORWARD,INFECTIOUS
-3.473300,-0.808746,WANDER,TURN_RIGHT,INFECTIOUS
-3.464249,-0.787252,WANDER,FORWARD,INFECTIOUS
-3.442756,-0.757858,WANDER,FORWARD,INFECTIOUS
-3.417562,-0.726791,WANDER,FORWARD,INFECTIOUS
-3.392278,-0.695796,WANDER,FORWARD,INFECTIOUS
-3.366994,-0.664800,WANDER,FORWARD,INFECTIOUS
-3.341710,-0.633804,DIR_RIGHT,TURN_RIGHT,INFECTIOUS
-3.326969,-0.615733,DIR_RIGHT,TURN_RIGHT,INFECTIOUS
-3.311154,-0.603587,DIR_RIGHT,TURN_RIGHT,INFECTIOUS
-3.292590,-0.596345,DIR_RIGHT,TURN_RIGHT,INFECTIOUS
-3.272737,-0.594628,DIR_RIGHT,TURN_RIGHT,INFECTIOUS
-3.253205,-0.598576,DIR_RIGHT,TURN_RIGHT,INFECTIOUS
-3.235578,-0.607869,DIR_RIGHT,TURN_RIGHT,INFECTIOUS
-3.221284,-0.621753,DIR_RIGHT,TURN_RIGHT,INFECTIOUS
-3.211483,-0.639103,DIR_LEFT,TURN_LEFT,INFECTIOUS
-3.206970,-0.658512,DIR_LEFT,TURN_LEFT,INFECTIOUS
-3.199089,-0.676843,DIR_LEFT,TURN_LEFT,INFECTIOUS
-3.186463,-0.692260,DIR_LEFT,TURN_LEFT,INFECTIOUS
-3.170004,-0.703493,DIR_LEFT,TURN_LEFT,INFECTIOUS
-3.151046,-0.709632,DIR_LEFT,TURN_LEFT,INFECTIOUS
-3.131127,-0.710180,DIR_LEFT,TURN_LEFT,INFECTIOUS
-3.111861,-0.705090,DIR_LEFT,TURN_LEFT,INFECTIOUS
-3.094810,-0.694778,DIR_LEFT,TURN_LEFT,INFECTIOUS
-3.081357,-0.680077,DIR_LEFT,TURN_LEFT,INFECTIOUS
-3.072593,-0.662181,WANDER,FORWARD,INFECTIOUS
-3.066491,-0.626341,WANDER,FORWARD,INFECTIOUS
-3.061874,-0.586610,WANDER,TURN_LEFT,INFECTIOUS
-3.059248,-0.563437,WANDER,FORWARD,INFECTIOUS
-3.063607,-0.527284,WANDER,FORWARD,INFECTIOUS
-3.070376,-0.487863,WANDER,FORWARD,INFECTIOUS
-3.077257,-0.448459,DIR_RIGHT,TURN_RIGHT,INFECTIOUS
-3.081269,-0.425485,DIR_RIGHT,TURN_RIGHT,INFECTIOUS
-3.080098,-0.405579,DIR_RIGHT,TURN_RIGHT,INFECTIOUS
-3.073421,-0.386804,DIR_RIGHT,TURN_RIGHT,INFECTIOUS
-3.061723,-0.370672,DIR_RIGHT,TURN_RIGHT,INFECTIOUS
-3.045953,-0.358491,DIR_RIGHT,TURN_RIGHT,INFECTIOUS
-3.027389,-0.351248,DIR_RIGHT,TURN_RIGHT,INFECTIOUS
-3.007536,-0.349531,DIR_RIGHT,TURN_RIGHT,INFECTIOUS
-2.988004,-0.353480,DIR_RIGHT,TURN_RIGHT,INFECTIOUS
-2.970377,-0.362773,WANDER,FORWARD,INFECTIOUS
-2.944325,-0.388131,WANDER,FORWARD,INFECTIOUS
-2.917181,-0.417509,WANDER,FORWARD,INFECTIOUS
-2.890119,-0.446965,WANDER,TURN_RIGHT,INFECTIOUS
-2.874341,-0.464139,WANDER,TURN_RIGHT,INFECTIOUS
-2.864582,-0.481528,WANDER,FORWARD,INFECTIOUS
-2.856384,-0.516948,WANDER,FORWARD,INFECTIOUS
-2.849440,-0.556339,WANDER,FORWARD,INFECTIOUS
-2.842609,-0.595751,WANDER,FORWARD,INFECTIOUS
-2.835778,-0.635164,WANDER,FORWARD,INFECTIOUS
-2.828946,-0.674576,WANDER,FORWARD,INFECTIOUS
-2.822115,-0.713988,WANDER,FORWARD,INFECTIOUS
-2.815284,-0.753401,WANDER,FORWARD,INFECTIOUS
-2.808453,-0.792813,WANDER,FORWARD,INFECTIOUS
-2.801621,-0.832225,WANDER,FORWARD,INFECTIOUS
-2.794790,-0.871638,DIR_RIGHT,TURN_RIGHT,INFECTIOUS
-2.790807,-0.894617,DIR_RIGHT,TURN_RIGHT,INFECTIOUS
-2.792003,-0.914521,DIR_RIGHT,TURN_RIGHT,INFECTIOUS
-2.798704,-0.933288,DIR_RIGHT,TURN_RIGHT,INFECTIOUS
-2.810422,-0.949405,DIR_RIGHT,TURN_RIGHT,INFECTIOUS
-2.826207,-0.961566,FOLLOW,FORWARD,INFECTIOUS
-2.860107,-0.974702,FOLLOW,FORWARD,INFECTIOUS
-2.898116,-0.987159,WANDER,FORWARD,INFECTIOUS
-2.936162,-0.999508,WANDER,TURN_LEFT,INFECTIOUS
-2.958345,-1.006708,WANDER,FORWARD,INFECTIOUS
-2.989452,-1.025638,WANDER,TURN_RIGHT,INFECTIOUS
-3.008812,-1.038641,WANDER,FORWARD,INFECTIOUS
-3.042805,-1.051698,WANDER,FORWARD,INFECTIOUS
-3.080815,-1.064155,WANDER,FORWARD,INFECTIOUS
-3.118861,-1.076504,WANDER,FORWARD,INFECTIOUS
-3.156907,-1.088853,WANDER,FORWARD,INFECTIOUS
-3.194953,-1.101202,WANDER,TURN_RIGHT,INFECTIOUS
-3.217135,-1.108401,WANDER,FORWARD,INFECTIOUS
-3.253430,-1.111349,WANDER,FORWARD,INFECTIOUS
-3.293409,-1.112588,WANDER,FORWARD,INFECTIOUS
-3.333394,-1.113713,WANDER,FORWARD,INFECTIOUS
-3.373378,-1.114839,DIR_LEFT,TURN_LEFT,INFECTIOUS
-3.396690,-1.115495,DIR_LEFT,TURN_LEFT,INFECTIOUS
-3.415962,-1.120617,DIR_LEFT,TURN_LEFT,INFECTIOUS
-3.433025,-1.130908,DIR_LEFT,TURN_LEFT,INFECTIOUS
-3.446497,-1.145591,DIR_LEFT,TURN_LEFT,INFECTIOUS
-3.455284,-1.163476,DIR_LEFT,TURN_LEFT,INFECTIOUS
-3.458674,-1.183112,DIR_LEFT,TURN_LEFT,INFECTIOUS
-3.456392,-1.202908,DIR_LEFT,TURN_LEFT,INFECTIOUS
-3.448623,-1.221258,DIR_LEFT,TURN_LEFT,INFECTIOUS
-3.435998,-1.236675,DIR_LEFT,TURN_LEFT,INFECTIOUS
-3.419539,-1.247909,DIR_LEFT,TURN_LEFT,INFECTIOUS
-3.400581,-1.254048,DIR_LEFT,TURN_LEFT,INFECTIOUS
-3.380662,-1.254595,DIR_LEFT,TURN_LEFT,INFECTIOUS
-3.361396,-1.249506,DIR_LEFT,TURN_LEFT,INFECTIOUS
-3.344345,-1.239193,FOLLOW,FORWARD,INFECTIOUS
-3.319829,-1.212347,WANDER,FORWARD,INFECTIOUS
-3.294457,-1.181425,WANDER,FORWARD,INFECTIOUS
-3.269174,-1.150430,WANDER,FORWARD,INFECTIOUS
-3.243890,-1.119434,WANDER,FORWARD,INFECTIOUS
-3.218606,-1.088438,WANDER,FORWARD,INFECTIOUS
-3.193322,-1.057443,WANDER,TURN_RIGHT,INFECTIOUS
-3.178581,-1.039371,DIR_RIGHT,TURN_RIGHT,INFECTIOUS
-3.162766,-1.027226,DIR_RIGHT,TURN_RIGHT,INFECTIOUS
-3.144202,-1.019983,DIR_RIGHT,TURN_RIGHT,INFECTIOUS
-3.124349,-1.018266,DIR_RIGHT,TURN_RIGHT,INFECTIOUS
-3.104817,-1.022214,WANDER,FORWARD,INFECTIOUS
-3.072674,-1.039202,WANDER,FORWARD,INFECTIOUS
-3.038350,-1.059739,WANDER,FORWARD,INFECTIOUS
-3.004084,-1.080374,WANDER,FORWARD,INFECTIOUS
-2.969817,-1.101009,WANDER,FORWARD,INFECTIOUS
-2.935551,-1.121644,WANDER,FORWARD,INFECTIOUS
-2.901284,-1.142279,WANDER,FORWARD,INFECTIOUS
-2.867018,-1.162914,WANDER,FORWARD,INFECTIOUS
-2.832751,-1.183549,WANDER,FORWARD,INFECTIOUS
-2.798485,-1.204184,WANDER,FORWARD,INFECTIOUS
-2.764218,-1.224819,DIR_RIGHT,TURN_RIGHT,INFECTIOUS
-2.744239,-1.236850,DIR_RIGHT,TURN_RIGHT,RECOVERED
-2.729975,-1.250784,DIR_RIGHT,TURN_RIGHT,RECOVERED
-2.720174,-1.268134,DIR_RIGHT,TURN_RIGHT,RECOVERED
-2.715660,-1.287543,FOLLOW,FORWARD,RECOVERED
-2.717777,-1.323837,WANDER,FORWARD,RECOVERED
-2.722217,-1.363588,WANDER,FORWARD,RECOVERED
-2.726771,-1.403328,WANDER,TURN_RIGHT,RECOVERED
-2.729426,-1.426498,WANDER,FORWARD,RECOVERED
-2.741807,-1.460743,WANDER,FORWARD,RECOVERED
-2.757270,-1.497631,WANDER,FORWARD,RECOVERED
-2.772840,-1.534477,WANDER,FORWARD,RECOVERED
-2.788409,-1.571322,WANDER,FORWARD,RECOVERED
-2.803979,-1.608168,WANDER,TURN_RIGHT,RECOVERED
-2.813057,-1.629650,WANDER,FORWARD,RECOVERED
-2.834587,-1.659017,WANDER,TURN_LEFT,RECOVERED
-2.849204,-1.677190,WANDER,TURN_RIGHT,RECOVERED
-2.857947,-1.695112,WANDER,FORWARD,RECOVERED
-2.879594,-1.724460,WANDER,FORWARD,RECOVERED
-2.904828,-1.755495,WANDER,FORWARD,RECOVERED
-2.930151,-1.786458,WANDER,FORWARD,RECOVERED
-2.955474,-1.817422,WANDER,FORWARD,RECOVERED
-2.980797,-1.848386,WANDER,FORWARD,RECOVERED
-3.006120,-1.879349,WANDER,FORWARD,RECOVERED
-3.031443,-1.910313,WANDER,FORWARD,RECOVERED
-3.056766,-1.941277,WANDER,FORWARD,RECOVERED
-3.082089,-1.972240,WANDER,FORWARD,RECOVERED
-3.107412,-2.003204,WANDER,FORWARD,RECOVERED
-3.132734,-2.034167,WANDER,FORWARD,RECOVERED
-3.158057,-2.065131,WANDER,TURN_LEFT,RECOVERED
-3.172822,-2.083184,WANDER,FORWARD,RECOVERED
-3.188749,-2.115930,WANDER,FORWARD,RECOVERED
-3.204423,-2.152730,WANDER,FORWARD,RECOVERED
-3.219993,-2.189575,WANDER,TURN_RIGHT,RECOVERED
-3.229070,-2.211058,WANDER,FORWARD,RECOVERED
-3.250601,-2.240425,WANDER,FORWARD,RECOVERED
-3.275834,-2.271460,WANDER,FORWARD,RECOVERED
-3.301157,-2.302423,WANDER,FORWARD,RECOVERED
-3.326480,-2.333387,DIR_RIGHT,TURN_RIGHT,RECOVERED
-3.341245,-2.351440,DIR_RIGHT,TURN_RIGHT,RECOVERED
-3.357075,-2.363565,DIR_RIGHT,TURN_RIGHT,RECOVERED
-3.375648,-2.370785,DIR_RIGHT,TURN_RIGHT,RECOVERED
-3.395503,-2.372476,DIR_RIGHT,TURN_RIGHT,RECOVERED
-3.415030,-2.368503,DIR_RIGHT,TURN_RIGHT,RECOVERED
-3.432646,-2.359188,FOLLOW,FORWARD,RECOVERED
-3.458665,-2.333797,FOLLOW,FORWARD,RECOVERED
-3.485772,-2.304385,WANDER,FORWARD,RECOVERED
-3.512797,-2.274894,WANDER,FORWARD,RECOVERED
-3.539821,-2.245404,WANDER,FORWARD,RECOVERED
-3.566845,-2.215913,WANDER,FORWARD,RECOVERED
-3.593870,-2.186423,WANDER,FORWARD,RECOVERED
-3.620894,-2.156932,WANDER,TURN_RIGHT,RECOVERED
-3.636650,-2.139738,WANDER,FORWARD,RECOVERED
-3.654394,-2.107939,WANDER,FORWARD,RECOVERED
-3.672113,-2.072080,DIR_RIGHT,TURN_RIGHT,RECOVERED
-3.682384,-2.051142,DIR_RIGHT,TURN_RIGHT,RECOVERED
-3.686822,-2.031701,DIR_RIGHT,TURN_RIGHT,RECOVERED
-3.685657,-2.011809,DIR_RIGHT,TURN_RIGHT,RECOVERED
-3.678933,-1.993051,DIR_RIGHT,TURN_RIGHT,RECOVERED
-3.667194,-1.976948,DIR_RIGHT,TURN_RIGHT,RECOVERED
-3.651393,-1.964807,WANDER,FORWARD,RECOVERED
-3.617477,-1.951714,WANDER,FORWARD,RECOVERED
-3.579452,-1.939305,WANDER,FORWARD,RECOVERED
-3.541390,-1.927004,WANDER,TURN_RIGHT,RECOVERED
-3.519199,-1.919833,WANDER,TURN_RIGHT,RECOVERED
-3.499324,-1.918220,WANDER,TURN_RIGHT,RECOVERED
-3.479802,-1.922218,WANDER,FORWARD,RECOVERED
-3.447702,-1.939287,WANDER,FORWARD,RECOVERED
-3.413430,-1.959910,WANDER,FORWARD,RECOVERED
-3.379216,-1.980631,WANDER,TURN_LEFT,RECOVERED
-3.359268,-1.992713,WANDER,TURN_RIGHT,RECOVERED
-3.340296,-1.998852,WANDER,FORWARD,RECOVERED
-3.308197,-2.016160,WANDER,FORWARD,RECOVERED
-3.273925,-2.036783,WANDER,TURN_LEFT,RECOVERED
-3.253977,-2.048865,WANDER,FORWARD,RECOVERED
-3.219318,-2.060033,WANDER,TURN_RIGHT,RECOVERED
-3.196822,-2.066186,WANDER,FORWARD,RECOVERED
-3.164721,-2.083377,WANDER,TURN_RIGHT,RECOVERED
-3.144675,-2.095296,WANDER,FORWARD,RECOVERED
-3.118721,-2.120838,WANDER,TURN_LEFT,RECOVERED
-3.102847,-2.137923,WANDER,FORWARD,RECOVERED
-3.072740,-2.158408,WANDER,FORWARD,RECOVERED
-3.038587,-2.179226,WANDER,FORWARD,RECOVERED
-3.004372,-2.199948,WANDER,FORWARD,RECOVERED
-2.970158,-2.220669,WANDER,FORWARD,RECOVERED
-2.935944,-2.241391,WANDER,TURN_RIGHT,RECOVERED
-2.915996,-2.253472,WANDER,FORWARD,RECOVERED
-2.890041,-2.279014,WANDER,FORWARD,RECOVERED
-2.862971,-2.308460,WANDER,FORWARD,RECOVERED
-2.835984,-2.337985,WANDER,FORWARD,RECOVERED
-2.808997,-2.367510,WANDER,FORWARD,RECOVERED
-2.782010,-2.397034,WANDER,FORWARD,RECOVERED
-2.755023,-2.426559,WANDER,FORWARD,RECOVERED
-2.728036,-2.456083,WANDER,FORWARD,RECOVERED
-2.701049,-2.485608,DIR_RIGHT,TURN_RIGHT,RECOVERED
-2.685315,-2.502822,DIR_RIGHT,TURN_RIGHT,RECOVERED
-2.675600,-2.520236,DIR_RIGHT,TURN_RIGHT,RECOVERED
-2.671135,-2.539656,DIR_RIGHT,TURN_RIGHT,RECOVERED
-2.672325,-2.559548,DIR_RIGHT,TURN_RIGHT,RECOVERED
-2.679073,-2.578297,DIR_RIGHT,TURN_RIGHT,RECOVERED
-2.690832,-2.594385,DIR_RIGHT,TURN_RIGHT,RECOVERED
-2.706648,-2.606506,FOLLOW,FORWARD,RECOVERED
-2.740581,-2.619556,FOLLOW,FORWARD,RECOVERED
-2.778622,-2.631917,FOLLOW,FORWARD,RECOVERED
-2.816699,-2.644169,WANDER,FORWARD,RECOVERED
-2.854776,-2.656422,WANDER,FORWARD,RECOVERED
-2.892853,-2.668675,DIR_RIGHT,TURN_RIGHT,RECOVERED
-2.915054,-2.675818,DIR_RIGHT,TURN_RIGHT,RECOVERED
-2.934931,-2.677406,DIR_RIGHT,TURN_RIGHT,RECOVERED
-2.954448,-2.673383,DIR_RIGHT,TURN_RIGHT,RECOVERED
-2.972040,-2.664024,WANDER,FORWARD,RECOVERED
-2.997995,-2.638567,WANDER,FORWARD,RECOVERED
-3.025028,-2.609086,WANDER,FORWARD,RECOVERED
-3.051978,-2.579527,WANDER,FORWARD,RECOVERED
-3.078927,-2.549969,WANDER,FORWARD,RECOVERED
-3.105877,-2.520410,WANDER,TURN_RIGHT,RECOVERED
-3.121590,-2.503176,WANDER,FORWARD,RECOVERED
-3.139253,-2.471332,WANDER,FORWARD,RECOVERED
-3.156881,-2.435428,WANDER,FORWARD,RECOVERED
-3.174407,-2.399472,WANDER,FORWARD,RECOVERED
-3.191933,-2.363516,WANDER,FORWARD,RECOVERED
-3.209460,-2.327560,WANDER,FORWARD,RECOVERED
-3.226986,-2.291604,WANDER,FORWARD,RECOVERED
-3.244512,-2.255648,WANDER,FORWARD,RECOVERED
-3.262038,-2.219692,WANDER,FORWARD,RECOVERED
-3.279564,-2.183736,WANDER,FORWARD,RECOVERED
-3.297091,-2.147780,WANDER,FORWARD,RECOVERED
-3.314617,-2.111824,WANDER,FORWARD,RECOVERED
-3.332143,-2.075868,WANDER,FORWARD,RECOVERED
-3.349669,-2.039912,WANDER,FORWARD,RECOVERED
-3.367195,-2.003956,DIR_LEFT,TURN_LEFT,RECOVERED
-3.377414,-1.982993,DIR_LEFT,TURN_LEFT,RECOVERED
-3.390032,-1.967552,DIR_LEFT,TURN_LEFT,RECOVERED
-3.406448,-1.956257,DIR_LEFT,TURN_LEFT,RECOVERED
-3.425383,-1.950046,WANDER,FORWARD,RECOVERED
-3.461722,-1.948947,WANDER,FORWARD,RECOVERED
-3.501710,-1.949857,WANDER,FORWARD,RECOVERED
-3.541697,-1.950881,WANDER,FORWARD,RECOVERED
-3.581684,-1.951905,WANDER,FORWARD,RECOVERED
-3.621671,-1.952929,WANDER,FORWARD,RECOVERED
-3.661658,-1.953953,WANDER,FORWARD,RECOVERED
-3.701644,-1.954977,DIR_LEFT,TURN_LEFT,RECOVERED
-3.724958,-1.955575,DIR_LEFT,TURN_LEFT,RECOVERED
-3.744243,-1.960648,DIR_LEFT,TURN_LEFT,RECOVERED
-3.761332,-1.970896,DIR_LEFT,TURN_LEFT,RECOVERED
-3.774841,-1.985545,DIR_LEFT,TURN_LEFT,RECOVERED
-3.783673,-2.003408,DIR_LEFT,TURN_LEFT,RECOVERED
-3.787113,-2.023035,DIR_LEFT,TURN_LEFT,RECOVERED
-3.784881,-2.042837,DIR_LEFT,TURN_LEFT,RECOVERED
-3.777159,-2.061207,DIR_LEFT,TURN_LEFT,RECOVERED
-3.764572,-2.076655,DIR_LEFT,TURN_LEFT,RECOVERED
-3.748142,-2.087930,FOLLOW,FORWARD,RECOVERED
-3.713571,-2.099183,FOLLOW,FORWARD,RECOVERED
-3.674935,-2.109531,FOLLOW,FORWARD,RECOVERED
-3.636267,-2.119770,WANDER,FORWARD,RECOVERED
-3.597600,-2.130008,WANDER,FORWARD,RECOVERED
-3.558932,-2.140247,WANDER,FORWARD,RECOVERED
-3.520265,-2.150485,WANDER,FORWARD,RECOVERED
-3.481598,-2.160724,WANDER,FORWARD,RECOVERED
-3.442930,-2.170962,WANDER,FORWARD,RECOVERED
-3.404263,-2.181201,WANDER,FORWARD,RECOVERED
-3.365595,-2.191439,WANDER,FORWARD,RECOVERED
-3.326928,-2.201678,WANDER,FORWARD,RECOVERED
-3.288260,-2.211916,WANDER,FORWARD,RECOVERED
-3.249593,-2.222155,WANDER,FORWARD,RECOVERED
-3.210925,-2.232394,WANDER,FORWARD,RECOVERED
-3.172258,-2.242632,WANDER,FORWARD,RECOVERED
-3.133590,-2.252871,DIR_RIGHT,TURN_RIGHT,RECOVERED
-3.111046,-2.258840,DIR_RIGHT,TURN_RIGHT,RECOVERED
-3.093456,-2.268233,DIR_RIGHT,TURN_RIGHT,RECOVERED
-3.079198,-2.282154,DIR_RIGHT,TURN_RIGHT,RECOVERED
-3.069441,-2.299528,DIR_RIGHT,TURN_RIGHT,RECOVERED
-3.064976,-2.318949,DIR_RIGHT,TURN_RIGHT,RECOVERED
-3.066166,-2.338840,DIR_RIGHT,TURN_RIGHT,RECOVERED
-3.072914,-2.357590,DIR_RIGHT,TURN_RIGHT,RECOVERED
-3.084673,-2.373677,DIR_RIGHT,TURN_RIGHT,RECOVERED
-3.100490,-2.385798,DIR_RIGHT,TURN_RIGHT,RECOVERED
-3.119081,-2.392970,DIR_RIGHT,TURN_RIGHT,RECOVERED
-3.138940,-2.394612,DIR_RIGHT,TURN_RIGHT,RECOVERED
-3.158457,-2.390590,DIR_RIGHT,TURN_RIGHT,RECOVERED
-3.176049,-2.381230,FOLLOW,FORWARD,RECOVERED
-3.202004,-2.355773,FOLLOW,FORWARD,RECOVERED
-3.229037,-2.326292,FOLLOW,FORWARD,RECOVERED
-3.255987,-2.296734,WANDER,FORWARD,RECOVERED
-3.282936,-2.267175,WANDER,FORWARD,RECOVERED
-3.309886,-2.237616,WANDER,FORWARD,RECOVERED
-3.336836,-2.208057,WANDER,TURN_LEFT,RECOVERED
-3.352548,-2.190824,WANDER,TURN_RIGHT,RECOVERED
-3.369007,-2.179566,WANDER,FORWARD,RECOVERED
-3.394893,-2.153879,WANDER,TURN_RIGHT,RECOVERED
-3.410746,-2.136774,WANDER,FORWARD,RECOVERED
-3.428409,-2.104930,DIR_LEFT,TURN_LEFT,RECOVERED
-3.438798,-2.084050,DIR_LEFT,TURN_LEFT,RECOVERED
-3.451417,-2.068610,DIR_LEFT,TURN_LEFT,RECOVERED
-3.467833,-2.057314,DIR_LEFT,TURN_LEFT,RECOVERED
-3.486767,-2.051103,DIR_LEFT,TURN_LEFT,RECOVERED
-3.506684,-2.050481,FOLLOW,FORWARD,RECOVERED
-3.541860,-2.059668,FOLLOW,FORWARD,RECOVERED
-3.579971,-2.071812,WANDER,FORWARD,RECOVERED
-3.618048,-2.084064,WANDER,FORWARD,RECOVERED
-3.656125,-2.096317,WANDER,FORWARD,RECOVERED
-3.694202,-2.108570,DIR_LEFT,TURN_LEFT,RECOVERED
-3.716403,-2.115713,DIR_LEFT,TURN_LEFT,RECOVERED
-3.733476,-2.126016,DIR_LEFT,TURN_LEFT,RECOVERED
-3.746984,-2.140665,DIR_LEFT,TURN_LEFT,RECOVERED
-3.755816,-2.158528,DIR_LEFT,TURN_LEFT,RECOVERED
-3.759256,-2.178156,DIR_LEFT,TURN_LEFT,RECOVERED
-3.757024,-2.197957,DIR_LEFT,TURN_LEFT,RECOVERED
-3.749302,-2.216327,DIR_LEFT,TURN_LEFT,RECOVERED
-3.736715,-2.231776,DIR_LEFT,TURN_LEFT,RECOVERED
-3.720285,-2.243051,DIR_LEFT,TURN_LEFT,RECOVERED
-3.701343,-2.249238,FOLLOW,FORWARD,RECOVERED
-3.665003,-2.250290,WANDER,FORWARD,RECOVERED
-3.625016,-2.249330,WANDER,FORWARD,RECOVERED
-3.585030,-2.248255,WANDER,FORWARD,RECOVERED
-3.545044,-2.247180,WANDER,FORWARD,RECOVERED
-3.505059,-2.246106,DIR_RIGHT,TURN_RIGHT,RECOVERED
-3.481746,-2.245479,DIR_RIGHT,TURN_RIGHT,RECOVERED
-3.462222,-2.249534,DIR_RIGHT,TURN_RIGHT,RECOVERED
-3.444618,-2.258871,DIR_RIGHT,TURN_RIGHT,RECOVERED
-3.430360,-2.272792,DIR_RIGHT,TURN_RIGHT,RECOVERED
-3.420603,-2.290167,WANDER,FORWARD,RECOVERED
-3.412494,-2.325607,WANDER,FORWARD,RECOVERED
-3.405650,-2.365015,WANDER,TURN_RIGHT,RECOVERED
-3.401726,-2.388004,WANDER,FORWARD,RECOVERED
-3.404045,-2.424345,WANDER,FORWARD,RECOVERED
-3.408585,-2.464085,WANDER,FORWARD,RECOVERED
-3.413239,-2.503813,WANDER,TURN_RIGHT,RECOVERED
-3.415953,-2.526976,WANDER,TURN_LEFT,RECOVERED
-3.422758,-2.545720,WANDER,FORWARD,RECOVERED
-3.428806,-2.581682,WANDER,FORWARD,RECOVERED
-3.433574,-2.621396,WANDER,FORWARD,RECOVERED
-3.438228,-2.661124,WANDER,FORWARD,RECOVERED
-3.442882,-2.700852,DIR_RIGHT,TURN_RIGHT,RECOVERED
-3.445596,-2.724015,DIR_RIGHT,TURN_RIGHT,RECOVERED
-3.452401,-2.742759,DIR_RIGHT,TURN_RIGHT,RECOVERED
-3.464160,-2.758847,DIR_RIGHT,TURN_RIGHT,RECOVERED
-3.479976,-2.770968,DIR_RIGHT,TURN_RIGHT,RECOVERED
-3.498568,-2.778140,DIR_RIGHT,TURN_RIGHT,RECOVERED
-3.518427,-2.779781,DIR_RIGHT,TURN_RIGHT,RECOVERED
-3.537943,-2.775759,DIR_RIGHT,TURN_RIGHT,RECOVERED
-3.555535,-2.766399,DIR_RIGHT,TURN_RIGHT,RECOVERED
-3.569776,-2.752461,DIR_RIGHT,TURN_RIGHT,RECOVERED
-3.579511,-2.735074,FOLLOW,FORWARD,RECOVERED
-3.587575,-2.699624,FOLLOW,FORWARD,RECOVERED
-3.594369,-2.660206,WANDER,FORWARD,RECOVERED
-3.601050,-2.620768,WANDER,FORWARD,RECOVERED
-3.607732,-2.581330,WANDER,TURN_RIGHT,RECOVERED
-3.611628,-2.558337,WANDER,FORWARD,RECOVERED
-3.609263,-2.521999,WANDER,FORWARD,RECOVERED
-3.604672,-2.482265,WANDER,FORWARD,RECOVERED
-3.599968,-2.442542,WANDER,FORWARD,RECOVERED
-3.595263,-2.402820,WANDER,TURN_RIGHT,RECOVERED
-3.592520,-2.379661,WANDER,FORWARD,RECOVERED
-3.580010,-2.345463,WANDER,FORWARD,RECOVERED
-3.564406,-2.308633,WANDER,FORWARD,RECOVERED
-3.548697,-2.271847,WANDER,FORWARD,RECOVERED
-3.532988,-2.235061,WANDER,FORWARD,RECOVERED
-3.517279,-2.198275,WANDER,FORWARD,RECOVERED
-3.501570,-2.161489,WANDER,FORWARD,RECOVERED
-3.485860,-2.124702,WANDER,FORWARD,RECOVERED
-3.470151,-2.087916,WANDER,FORWARD,RECOVERED
-3.454442,-2.051130,WANDER,FORWARD,RECOVERED
-3.438733,-2.014344,WANDER,FORWARD,RECOVERED
-3.423024,-1.977558,WANDER,TURN_LEFT,RECOVERED
-3.413865,-1.956110,WANDER,FORWARD,RECOVERED
-3.407676,-1.920225,WANDER,FORWARD,RECOVERED
-3.402858,-1.880518,WANDER,FORWARD,RECOVERED
-3.398154,-1.840796,WANDER,FORWARD,RECOVERED
-3.393450,-1.801073,WANDER,FORWARD,RECOVERED
-3.388745,-1.761351,WANDER,FORWARD,RECOVERED
-3.384041,-1.721629,WANDER,TURN_RIGHT,RECOVERED
-3.381298,-1.698469,DIR_RIGHT,TURN_RIGHT,RECOVERED
-3.374469,-1.679734,DIR_RIGHT,TURN_RIGHT,RECOVERED
-3.362690,-1.663661,WANDER,FORWARD,RECOVERED
-3.333783,-1.641613,WANDER,TURN_RIGHT,RECOVERED
-3.314586,-1.628369,WANDER,FORWARD,RECOVERED
-3.280544,-1.615441,WANDER,FORWARD,RECOVERED
-3.242488,-1.603128,WANDER,FORWARD,RECOVERED
-3.204395,-1.590924,WANDER,TURN_LEFT,RECOVERED
-3.182186,-1.583808,WANDER,FORWARD,RECOVERED
-3.151007,-1.564997,WANDER,FORWARD,RECOVERED
-3.117836,-1.542646,WANDER,FORWARD,RECOVERED
-3.084727,-1.520200,WANDER,FORWARD,RECOVERED
-3.051618,-1.497755,DIR_RIGHT,TURN_RIGHT,RECOVERED
-3.032315,-1.484668,DIR_RIGHT,TURN_RIGHT,RECOVERED
-3.013682,-1.477566,DIR_RIGHT,TURN_RIGHT,RECOVERED
-2.993820,-1.475950,DIR_RIGHT,TURN_RIGHT,RECOVERED
-2.974309,-1.479997,WANDER,FORWARD,RECOVERED
-2.942252,-1.497147,WANDER,FORWARD,RECOVERED
-2.908033,-1.517857,WANDER,FORWARD,RECOVERED
-2.873871,-1.538665,WANDER,TURN_LEFT,RECOVERED
-2.853953,-1.550797,WANDER,FORWARD,RECOVERED
-2.819322,-1.562053,WANDER,FORWARD,RECOVERED
-2.780712,-1.572499,WANDER,FORWARD,RECOVERED
-2.742071,-1.582835,WANDER,FORWARD,RECOVERED
-2.703429,-1.593172,WANDER,FORWARD,RECOVERED
-2.664788,-1.603508,WANDER,FORWARD,RECOVERED
-2.626146,-1.613844,WANDER,FORWARD,RECOVERED
-2.587505,-1.624181,WANDER,FORWARD,RECOVERED
-2.548864,-1.634517,WANDER,TURN_LEFT,RECOVERED
-2.526334,-1.640543,WANDER,FORWARD,RECOVERED
-2.489935,-1.641583,WANDER,FORWARD,RECOVERED
-2.449945,-1.640724,WANDER,FORWARD,RECOVERED
-2.409957,-1.639750,WANDER,FORWARD,RECOVERED
-2.369969,-1.638776,WANDER,FORWARD,RECOVERED
-2.329981,-1.637803,WANDER,FORWARD,RECOVERED
-2.289993,-1.636829,WANDER,FORWARD,RECOVERED
-2.250005,-1.635856,WANDER,FORWARD,RECOVERED
-2.210016,-1.634882,WANDER,FORWARD,RECOVERED
-2.170028,-1.633909,WANDER,FORWARD,RECOVERED
-2.130040,-1.632935,DIR_LEFT,TURN_LEFT,RECOVERED
-2.106726,-1.632368,DIR_LEFT,TURN_LEFT,RECOVERED
-2.087435,-1.627319,DIR_LEFT,TURN_LEFT,RECOVERED
-2.070332,-1.617092,DIR_LEFT,TURN_LEFT,RECOVERED
-2.056805,-1.602460,DIR_LEFT,TURN_LEFT,RECOVERED
-2.047950,-1.584609,DIR_LEFT,TURN_LEFT,RECOVERED
-2.044486,-1.564985,FOLLOW,FORWARD,RECOVERED
-2.048549,-1.528857,FOLLOW,FORWARD,RECOVERED
-2.055118,-1.489402,WANDER,FORWARD,RECOVERED
-2.061800,-1.449964,WANDER,TURN_RIGHT,RECOVERED
-2.065695,-1.426970,WANDER,TURN_LEFT,RECOVERED
-2.064424,-1.407070,WANDER,FORWARD,RECOVERED
-2.068711,-1.370855,WANDER,FORWARD,RECOVERED
-2.075279,-1.331400,WANDER,FORWARD,RECOVERED
-2.081961,-1.291962,WANDER,TURN_RIGHT,RECOVERED
-2.085857,-1.268968,DIR_LEFT,TURN_LEFT,RECOVERED
-2.084585,-1.249068,DIR_LEFT,TURN_LEFT,RECOVERED
-2.086906,-1.229250,DIR_LEFT,TURN_LEFT,RECOVERED
-2.094605,-1.210870,DIR_LEFT,TURN_LEFT,RECOVERED
-2.107172,-1.195406,DIR_LEFT,TURN_LEFT,RECOVERED
-2.123588,-1.184110,FOLLOW,FORWARD,RECOVERED
-2.158144,-1.172814,FOLLOW,FORWARD,RECOVERED
-2.196767,-1.162417,WANDER,FORWARD,RECOVERED
-2.235422,-1.152129,WANDER,FORWARD,RECOVERED
-2.274076,-1.141842,WANDER,FORWARD,RECOVERED
-2.312731,-1.131555,WANDER,FORWARD,RECOVERED
-2.351385,-1.121267,WANDER,FORWARD,RECOVERED
-2.390040,-1.110980,WANDER,FORWARD,RECOVERED
-2.428694,-1.100692,WANDER,FORWARD,RECOVERED
-2.467349,-1.090405,WANDER,FORWARD,RECOVERED
-2.506003,-1.080117,WANDER,FORWARD,RECOVERED
-2.544658,-1.069830,WANDER,FORWARD,RECOVERED
-2.583312,-1.059543,WANDER,FORWARD,RECOVERED
-2.621967,-1.049255,WANDER,FORWARD,RECOVERED
-2.660621,-1.038968,WANDER,FORWARD,RECOVERED
-2.699276,-1.028680,WANDER,TURN_RIGHT,RECOVERED
-2.721813,-1.022682,WANDER,TURN_RIGHT,RECOVERED
-2.739391,-1.013267,WANDER,FORWARD,RECOVERED
-2.765346,-0.987810,WANDER,FORWARD,RECOVERED
-2.792379,-0.958329,WANDER,TURN_LEFT,RECOVERED
-2.808091,-0.941096,WANDER,FORWARD,RECOVERED
-2.838172,-0.920573,WANDER,FORWARD,RECOVERED
-2.872299,-0.899712,WANDER,FORWARD,RECOVERED
-2.906487,-0.878947,WANDER,FORWARD,RECOVERED
-2.940675,-0.858182,WANDER,FORWARD,RECOVERED
-2.974863,-0.837417,WANDER,TURN_LEFT,RECOVERED
-2.994796,-0.825310,WANDER,FORWARD,RECOVERED
-3.029441,-0.814098,WANDER,FORWARD,RECOVERED
-3.068065,-0.803700,WANDER,FORWARD,RECOVERED
-3.106719,-0.793413,WANDER,FORWARD,RECOVERED
-3.145374,-0.783126,WANDER,FORWARD,RECOVERED
-3.184028,-0.772838,WANDER,FORWARD,RECOVERED
-3.222683,-0.762551,WANDER,FORWARD,RECOVERED
-3.261337,-0.752263,WANDER,FORWARD,RECOVERED
-3.299992,-0.741976,WANDER,FORWARD,RECOVERED
-3.338646,-0.731688,WANDER,FORWARD,RECOVERED
-3.377301,-0.721401,WANDER,FORWARD,RECOVERED
-3.415955,-0.711114,WANDER,FORWARD,RECOVERED
-3.454610,-0.700826,WANDER,FORWARD,RECOVERED
-3.493264,-0.690539,WANDER,FORWARD,RECOVERED
-3.531919,-0.680251,WANDER,TURN_LEFT,RECOVERED
-3.554455,-0.674253,WANDER,FORWARD,RECOVERED
-3.590856,-0.673260,WANDER,TURN_LEFT,RECOVERED
-3.614174,-0.673667,WANDER,FORWARD,RECOVERED
-3.649380,-0.682973,WANDER,FORWARD,RECOVERED
-3.687490,-0.695117,DIR_LEFT,TURN_LEFT,RECOVERED
-3.709691,-0.702260,DIR_LEFT,TURN_LEFT,RECOVERED
-3.726764,-0.712563,DIR_LEFT,TURN_LEFT,RECOVERED
-3.740272,-0.727212,DIR_LEFT,TURN_LEFT,RECOVERED
-3.749104,-0.745075,DIR_LEFT,TURN_LEFT,RECOVERED
-3.752544,-0.764703,DIR_LEFT,TURN_LEFT,RECOVERED
-3.750312,-0.784504,DIR_LEFT,TURN_LEFT,RECOVERED
-3.742590,-0.802874,DIR_LEFT,TURN_LEFT,RECOVERED
-3.730003,-0.818323,DIR_LEFT,TURN_LEFT,RECOVERED
-3.713573,-0.829598,FOLLOW,FORWARD,RECOVERED
-3.679003,-0.840850,FOLLOW,FORWARD,RECOVERED
-3.640366,-0.851198,WANDER,FORWARD,RECOVERED
-3.601698,-0.861437,WANDER,FORWARD,RECOVERED
-3.563031,-0.871675,WANDER,FORWARD,RECOVERED
-3.524364,-0.881914,WANDER,TURN_LEFT,RECOVERED
-3.501819,-0.887883,WANDER,FORWARD,RECOVERED
-3.465417,-0.888831,WANDER,TURN_LEFT,RECOVERED
-3.442099,-0.888394,WANDER,FORWARD,RECOVERED
-3.406906,-0.879043,WANDER,TURN_LEFT,RECOVERED
-3.384657,-0.872053,WANDER,FORWARD,RECOVERED
-3.353526,-0.853162,WANDER,FORWARD,RECOVERED
-3.320411,-0.830728,WANDER,FORWARD,RECOVERED
-3.287359,-0.808198,WANDER,FORWARD,RECOVERED
-3.254307,-0.785669,WANDER,FORWARD,RECOVERED
-3.221255,-0.763139,WANDER,FORWARD,RECOVERED
-3.188204,-0.740610,WANDER,FORWARD,RECOVERED
-3.155152,-0.718080,WANDER,FORWARD,RECOVERED
-3.122100,-0.695551,WANDER,FORWARD,RECOVERED
-3.089048,-0.673021,WANDER,FORWARD,RECOVERED
-3.055996,-0.650492,WANDER,FORWARD,RECOVERED
-3.022945,-0.627962,WANDER,FORWARD,RECOVERED
-2.989893,-0.605433,WANDER,FORWARD,RECOVERED
-2.956841,-0.582903,WANDER,TURN_RIGHT,RECOVERED
-2.937571,-0.569768,WANDER,FORWARD,RECOVERED
-2.903561,-0.556754,WANDER,FORWARD,RECOVERED
-2.865536,-0.544345,WANDER,FORWARD,RECOVERED
-2.827475,-0.532044,WANDER,FORWARD,RECOVERED
-2.789413,-0.519743,WANDER,FORWARD,RECOVERED
-2.751351,-0.507442,WANDER,FORWARD,RECOVERED
-2.713290,-0.495142,WANDER,TURN_RIGHT,RECOVERED
-2.691098,-0.487970,WANDER,FORWARD,RECOVERED
-2.654800,-0.485068,WANDER,FORWARD,RECOVERED
-2.614819,-0.483880,WANDER,FORWARD,RECOVERED
-2.574833,-0.482805,WANDER,FORWARD,RECOVERED
-2.534848,-0.481730,WANDER,FORWARD,RECOVERED
-2.494862,-0.480656,WANDER,FORWARD,RECOVERED
-2.454876,-0.479581,WANDER,FORWARD,RECOVERED
-2.414891,-0.478506,WANDER,FORWARD,RECOVERED
-2.374905,-0.477432,WANDER,FORWARD,RECOVERED
-2.334920,-0.476357,WANDER,FORWARD,RECOVERED
-2.294934,-0.475282,WANDER,FORWARD,RECOVERED
-2.254949,-0.474207,WANDER,FORWARD,RECOVERED
-2.214963,-0.473133,WANDER,FORWARD,RECOVERED
-2.174978,-0.472058,WANDER,FORWARD,RECOVERED
-2.134992,-0.470983,WANDER,FORWARD,RECOVERED
-2.095006,-0.469909,WANDER,TURN_LEFT,RECOVERED
-2.071693,-0.469282,WANDER,FORWARD,RECOVERED
-2.036500,-0.459932,WANDER,FORWARD,RECOVERED
-1.998405,-0.447740,WANDER,FORWARD,RECOVERED
-1.960343,-0.435439,WANDER,FORWARD,RECOVERED
-1.922281,-0.423139,WANDER,FORWARD,RECOVERED
-1.884220,-0.410838,WANDER,FORWARD,RECOVERED
-1.846158,-0.398537,WANDER,FORWARD,RECOVERED
-1.808096,-0.386236,WANDER,TURN_LEFT,RECOVERED
-1.785905,-0.379065,WANDER,FORWARD,RECOVERED
-1.754774,-0.360174,WANDER,FORWARD,RECOVERED
-1.721659,-0.337740,WANDER,FORWARD,RECOVERED
-1.688607,-0.315210,WANDER,FORWARD,RECOVERED
-1.655555,-0.292681,WANDER,FORWARD,RECOVERED
-1.622504,-0.270151,WANDER,FORWARD,RECOVERED
-1.589452,-0.247622,WANDER,TURN_LEFT,RECOVERED
-1.570181,-0.234486,WANDER,FORWARD,RECOVERED
-1.545636,-0.207587,WANDER,FORWARD,RECOVERED
-1.520187,-0.176730,DIR_LEFT,TURN_LEFT,RECOVERED
-1.505400,-0.158695,DIR_LEFT,TURN_LEFT,RECOVERED
-1.496634,-0.140785,FOLLOW,FORWARD,RECOVERED
-1.490441,-0.104960,FOLLOW,FORWARD,RECOVERED
-1.485724,-0.065241,WANDER,TURN_LEFT,RECOVERED
-1.483039,-0.042075,FOLLOW,FORWARD,RECOVERED
-1.487307,-0.005911,WANDER,FORWARD,RECOVERED
-1.493976,0.033528,WANDER,FORWARD,RECOVERED
-1.500757,0.072949,WANDER,FORWARD,RECOVERED
-1.507539,0.112369,WANDER,FORWARD,RECOVERED
-1.514320,0.151790,WANDER,FORWARD,RECOVERED
-1.521102,0.191211,WANDER,FORWARD,RECOVERED
-1.527883,0.230632,WANDER,FORWARD,RECOVERED
-1.534664,0.270053,WANDER,TURN_LEFT,RECOVERED
-1.538618,0.293037,WANDER,FORWARD,RECOVERED
-1.552905,0.326532,WANDER,FORWARD,RECOVERED
-1.570419,0.362492,WANDER,FORWARD,RECOVERED
-1.588036,0.398404,WANDER,FORWARD,RECOVERED
-1.605653,0.434315,WANDER,FORWARD,RECOVERED
-1.623270,0.470227,WANDER,FORWARD,RECOVERED
-1.640887,0.506138,WANDER,FORWARD,RECOVERED
-1.658504,0.542050,WANDER,FORWARD,RECOVERED
-1.676121,0.577961,WANDER,TURN_LEFT,RECOVERED
-1.686393,0.598899,WANDER,FORWARD,RECOVERED
-1.709541,0.627009,WANDER,FORWARD,RECOVERED
-1.736480,0.656576,WANDER,FORWARD,RECOVERED
-1.763504,0.686066,WANDER,TURN_LEFT,RECOVERED
-1.779260,0.703260,WANDER,TURN_RIGHT,RECOVERED
-1.795748,0.714476,WANDER,FORWARD,RECOVERED
-1.821699,0.740097,WANDER,FORWARD,RECOVERED
-1.848806,0.769509,WANDER,FORWARD,RECOVERED
-1.875831,0.799000,WANDER,FORWARD,RECOVERED
-1.902855,0.828490,WANDER,FORWARD,RECOVERED
-1.929879,0.857981,WANDER,FORWARD,RECOVERED
-1.956903,0.887471,WANDER,FORWARD,RECOVERED
-1.983928,0.916962,WANDER,FORWARD,RECOVERED
-2.010952,0.946452,WANDER,TURN_RIGHT,RECOVERED
-2.026708,0.963646,WANDER,FORWARD,RECOVERED
-2.044452,0.995445,WANDER,FORWARD,RECOVERED
-2.062171,1.031305,WANDER,FORWARD,RECOVERED
-2.079788,1.067216,WANDER,FORWARD,RECOVERED
-2.097405,1.103128,WANDER,FORWARD,RECOVERED
-2.115022,1.139039,WANDER,TURN_RIGHT,RECOVERED
-2.125293,1.159977,WANDER,TURN_RIGHT,RECOVERED
-2.129732,1.179418,WANDER,FORWARD,RECOVERED
-2.127569,1.215709,WANDER,TURN_LEFT,RECOVERED
-2.125073,1.238897,WANDER,FORWARD,RECOVERED
-2.129341,1.275060,WANDER,FORWARD,RECOVERED
-2.136009,1.314499,DIR_LEFT,TURN_LEFT,RECOVERED
-2.139963,1.337483,DIR_LEFT,TURN_LEFT,RECOVERED
-2.147765,1.355834,DIR_LEFT,TURN_LEFT,RECOVERED
-2.160371,1.371266,DIR_LEFT,TURN_LEFT,RECOVERED
-2.176816,1.382521,DIR_LEFT,TURN_LEFT,RECOVERED
-2.195766,1.388684,DIR_LEFT,TURN_LEFT,RECOVERED
-2.215684,1.389256,WANDER,FORWARD,RECOVERED
-2.250836,1.379979,WANDER,TURN_RIGHT,RECOVERED
-2.273077,1.372960,DIR_RIGHT,TURN_RIGHT,RECOVERED
-2.292950,1.371323,DIR_RIGHT,TURN_RIGHT,RECOVERED
-2.312477,1.375295,DIR_RIGHT,TURN_RIGHT,RECOVERED
-2.330092,1.384611,FOLLOW,FORWARD,RECOVERED
-2.356112,1.410002,FOLLOW,FORWARD,RECOVERED
-2.383219,1.439414,WANDER,TURN_RIGHT,RECOVERED
-2.398975,1.456608,WANDER,FORWARD,RECOVERED
-2.416719,1.488407,WANDER,TURN_RIGHT,RECOVERED
-2.427161,1.509261,WANDER,FORWARD,RECOVERED
-2.435223,1.544771,WANDER,FORWARD,RECOVERED
-2.442117,1.584171,WANDER,TURN_LEFT,RECOVERED
-2.446071,1.607155,WANDER,TURN_LEFT,RECOVERED
-2.453873,1.625506,WANDER,FORWARD,RECOVERED
-2.476901,1.653639,DIR_LEFT,TURN_LEFT,RECOVERED
-2.492517,1.670961,DIR_LEFT,TURN_LEFT,RECOVERED
-2.509004,1.682177,DIR_LEFT,TURN_LEFT,RECOVERED
-2.527954,1.688340,DIR_LEFT,TURN_LEFT,RECOVERED
-2.547872,1.688912,FOLLOW,FORWARD,RECOVERED
-2.583025,1.679635,DIR_RIGHT,TURN_RIGHT,RECOVERED
-2.605265,1.672616,DIR_RIGHT,TURN_RIGHT,RECOVERED
-2.625138,1.670979,DIR_RIGHT,TURN_RIGHT,RECOVERED
-2.644665,1.674952,DIR_RIGHT,TURN_RIGHT,RECOVERED
-2.662281,1.684267,DIR_RIGHT,TURN_RIGHT,RECOVERED
-2.676557,1.698169,DIR_RIGHT,TURN_RIGHT,RECOVERED
-2.686336,1.715532,WANDER,FORWARD,RECOVERED
-2.694489,1.750961,WANDER,FORWARD,RECOVERED
-2.701383,1.790361,DIR_LEFT,TURN_LEFT,RECOVERED
-2.705336,1.813345,DIR_LEFT,TURN_LEFT,RECOVERED
-2.713138,1.831696,DIR_LEFT,TURN_LEFT,RECOVERED
-2.725744,1.847129,DIR_LEFT,TURN_LEFT,RECOVERED
-2.742189,1.858383,FOLLOW,FORWARD,RECOVERED
-2.776774,1.869592,WANDER,FORWARD,RECOVERED
-2.815423,1.879891,WANDER,FORWARD,RECOVERED
-2.854104,1.890081,WANDER,FORWARD,RECOVERED
-2.892784,1.900271,DIR_RIGHT,TURN_RIGHT,RECOVERED
-2.915336,1.906212,DIR_RIGHT,TURN_RIGHT,RECOVERED
-2.932938,1.915582,DIR_RIGHT,TURN_RIGHT,RECOVERED
-2.947214,1.929485,DIR_RIGHT,TURN_RIGHT,RECOVERED
-2.956993,1.946847,DIR_RIGHT,TURN_RIGHT,RECOVERED
-2.961482,1.966262,DIR_RIGHT,TURN_RIGHT,RECOVERED
-2.960317,1.986155,DIR_RIGHT,TURN_RIGHT,RECOVERED
-2.953592,2.004913,WANDER,FORWARD,RECOVERED
-2.932146,2.034269,WANDER,FORWARD,RECOVERED
-2.906873,2.065272,WANDER,FORWARD,RECOVERED
-2.881511,2.096203,WANDER,FORWARD,RECOVERED
-2.856149,2.127135,WANDER,FORWARD,RECOVERED
-2.830787,2.158066,WANDER,FORWARD,RECOVERED
-2.805424,2.188998,WANDER,FORWARD,RECOVERED
-2.780062,2.219929,WANDER,FORWARD,RECOVERED
-2.754700,2.250861,WANDER,FORWARD,RECOVERED
-2.729338,2.281793,WANDER,FORWARD,RECOVERED
-2.703976,2.312724,WANDER,TURN_LEFT,RECOVERED
-2.689189,2.330758,WANDER,FORWARD,RECOVERED
-2.673220,2.363485,WANDER,FORWARD,RECOVERED
-2.657499,2.400264,WANDER,FORWARD,RECOVERED
-2.641883,2.437090,WANDER,FORWARD,RECOVERED
-2.626267,2.473916,WANDER,TURN_RIGHT,RECOVERED
-2.617163,2.495387,WANDER,FORWARD,RECOVERED
-2.595595,2.524727,WANDER,FORWARD,RECOVERED
-2.570322,2.555729,WANDER,TURN_LEFT,RECOVERED
-2.555535,2.573764,WANDER,FORWARD,RECOVERED
-2.539566,2.606490,WANDER,FORWARD,RECOVERED
-2.523846,2.643270,DIR_LEFT,TURN_LEFT,RECOVERED
-2.514741,2.664740,DIR_LEFT,TURN_LEFT,RECOVERED
-2.511378,2.684395,DIR_RIGHT,TURN_RIGHT,RECOVERED
-2.513635,2.704194,DIR_RIGHT,TURN_RIGHT,RECOVERED
-2.512358,2.724106,DIR_RIGHT,TURN_RIGHT,RECOVERED
-2.505633,2.742864,DIR_RIGHT,TURN_RIGHT,RECOVERED
-2.493895,2.758967,DIR_RIGHT,TURN_RIGHT,RECOVERED
-2.478094,2.771108,DIR_RIGHT,TURN_RIGHT,RECOVERED
-2.459511,2.778304,DIR_RIGHT,TURN_RIGHT,RECOVERED
-2.439654,2.779970,DIR_RIGHT,TURN_RIGHT,RECOVERED
-2.420132,2.775973,DIR_RIGHT,TURN_RIGHT,RECOVERED
-2.402529,2.766635,DIR_RIGHT,TURN_RIGHT,RECOVERED
-2.388270,2.752715,WANDER,FORWARD,RECOVERED
-2.370502,2.720997,WANDER,FORWARD,RECOVERED
-2.352829,2.685115,WANDER,FORWARD,RECOVERED
-2.335257,2.649181,WANDER,TURN_LEFT,RECOVERED
-2.325012,2.628230,WANDER,FORWARD,RECOVERED
-2.301900,2.600091,WANDER,FORWARD,RECOVERED
-2.274998,2.570490,WANDER,FORWARD,RECOVERED
-2.248011,2.540966,WANDER,FORWARD,RECOVERED
-2.221024,2.511441,WANDER,FORWARD,RECOVERED
-2.194037,2.481916,WANDER,FORWARD,RECOVERED
-2.167050,2.452392,WANDER,TURN_LEFT,RECOVERED
-2.151316,2.435178,WANDER,FORWARD,RECOVERED
-2.121209,2.414694,WANDER,FORWARD,RECOVERED
-2.087056,2.393875,WANDER,TURN_RIGHT,RECOVERED
-2.067108,2.381794,WANDER,FORWARD,RECOVERED
-2.041153,2.356252,WANDER,FORWARD,RECOVERED
-2.014083,2.326806,WANDER,FORWARD,RECOVERED
-1.987096,2.297281,DIR_RIGHT,TURN_RIGHT,RECOVERED
-1.971362,2.280067,DIR_RIGHT,TURN_RIGHT,RECOVERED
-1.961646,2.262653,DIR_RIGHT,TURN_RIGHT,RECOVERED
-1.957182,2.243233,DIR_RIGHT,TURN_RIGHT,RECOVERED
-1.958372,2.223342,DIR_RIGHT,TURN_RIGHT,RECOVERED
-1.965120,2.204592,DIR_RIGHT,TURN_RIGHT,RECOVERED
-1.976879,2.188504,FOLLOW,FORWARD,RECOVERED
-2.005758,2.166420,FOLLOW,FORWARD,RECOVERED
-2.038773,2.143838,WANDER,FORWARD,RECOVERED
-2.071853,2.121351,WANDER,FORWARD,RECOVERED
-2.104933,2.098863,WANDER,FORWARD,RECOVERED
-2.138013,2.076375,WANDER,FORWARD,RECOVERED
-2.171094,2.053888,WANDER,FORWARD,RECOVERED
-2.204174,2.031400,WANDER,FORWARD,RECOVERED
-2.237254,2.008912,WANDER,FORWARD,RECOVERED
-2.270334,1.986425,WANDER,FORWARD,RECOVERED
-2.303415,1.963937,WANDER,FORWARD,RECOVERED
-2.336495,1.941449,WANDER,TURN_LEFT,RECOVERED
-2.355782,1.928338,WANDER,FORWARD,RECOVERED
-2.380361,1.901470,WANDER,FORWARD,RECOVERED
-2.405849,1.870645,WANDER,FORWARD,RECOVERED
-2.431251,1.839745,WANDER,FORWARD,RECOVERED
-2.456652,1.808846,WANDER,FORWARD,RECOVERED
-2.482053,1.777946,WANDER,FORWARD,RECOVERED
-2.507454,1.747047,WANDER,FORWARD,RECOVERED
-2.532855,1.716147,WANDER,FORWARD,RECOVERED
-2.558257,1.685248,DIR_LEFT,TURN_LEFT,RECOVERED
-2.573066,1.667232,DIR_LEFT,TURN_LEFT,RECOVERED
-2.581855,1.649333,DIR_LEFT,TURN_LEFT,RECOVERED
-2.585295,1.629705,DIR_LEFT,TURN_LEFT,RECOVERED
-2.583063,1.609903,DIR_LEFT,TURN_LEFT,RECOVERED
-2.575341,1.591534,WANDER,TURN_RIGHT,RECOVERED
-2.562754,1.576085,DIR_LEFT,TURN_LEFT,RECOVERED
-2.553082,1.558633,DIR_LEFT,TURN_LEFT,RECOVERED
-2.540392,1.543235,DIR_LEFT,TURN_LEFT,RECOVERED
-2.523962,1.531960,DIR_LEFT,TURN_LEFT,RECOVERED
-2.505020,1.525773,FOLLOW,FORWARD,RECOVERED
-2.468680,1.524720,DIR_LEFT,TURN_LEFT,RECOVERED
-2.445362,1.525157,DIR_LEFT,TURN_LEFT,RECOVERED
-2.426084,1.530254,DIR_LEFT,TURN_LEFT,RECOVERED
-2.409007,1.540524,DIR_LEFT,TURN_LEFT,RECOVERED
-2.395517,1.555190,FOLLOW,FORWARD,RECOVERED
-2.379478,1.587817,WANDER,FORWARD,RECOVERED
-2.363758,1.624596,WANDER,FORWARD,RECOVERED
-2.348141,1.661422,WANDER,FORWARD,RECOVERED
-2.332525,1.698248,WANDER,FORWARD,RECOVERED
-2.316909,1.735074,DIR_RIGHT,TURN_RIGHT,RECOVERED
-2.307804,1.756544,DIR_RIGHT,TURN_RIGHT,RECOVERED
-2.296013,1.772625,DIR_RIGHT,TURN_RIGHT,RECOVERED
-2.280212,1.784767,DIR_RIGHT,TURN_RIGHT,RECOVERED
-2.261630,1.791962,DIR_RIGHT,TURN_RIGHT,RECOVERED
-2.241773,1.793629,DIR_RIGHT,TURN_RIGHT,RECOVERED
-2.222251,1.789631,FOLLOW,FORWARD,RECOVERED
-2.190151,1.772562,WANDER,FORWARD,RECOVERED
-2.155879,1.751939,WANDER,FORWARD,RECOVERED
-2.121665,1.731217,WANDER,FORWARD,RECOVERED
-2.087451,1.710496,WANDER,FORWARD,RECOVERED
-2.053236,1.689774,WANDER,TURN_RIGHT,RECOVERED
-2.033288,1.677693,WANDER,FORWARD,RECOVERED
-2.007334,1.652151,WANDER,FORWARD,RECOVERED
-1.980264,1.622705,WANDER,FORWARD,RECOVERED
-1.953277,1.593180,WANDER,FORWARD,RECOVERED
-1.926290,1.563655,DIR_LEFT,TURN_LEFT,RECOVERED
-1.910555,1.546442,DIR_LEFT,TURN_LEFT,RECOVERED
-1.894082,1.535205,DIR_LEFT,TURN_LEFT,RECOVERED
-1.875140,1.529017,DIR_LEFT,TURN_LEFT,RECOVERED
-1.855222,1.528420,DIR_LEFT,TURN_LEFT,RECOVERED
-1.835943,1.533460,FOLLOW,FORWARD,RECOVERED
-1.804807,1.552229,FOLLOW,FORWARD,RECOVERED
-1.771692,1.574663,FOLLOW,FORWARD,RECOVERED
-1.738640,1.597193,WANDER,FORWARD,RECOVERED
-1.705589,1.619722,WANDER,FORWARD,RECOVERED
-1.672537,1.642252,WANDER,TURN_LEFT,RECOVERED
-1.653266,1.655387,WANDER,FORWARD,RECOVERED
-1.628721,1.682286,WANDER,TURN_RIGHT,RECOVERED
-1.613788,1.700199,WANDER,TURN_LEFT,RECOVERED
-1.597942,1.712305,WANDER,FORWARD,RECOVERED
-1.573439,1.739314,WANDER,TURN_RIGHT,RECOVERED
-1.558505,1.757228,WANDER,FORWARD,RECOVERED
-1.529543,1.779299,WANDER,FORWARD,RECOVERED
-1.496556,1.801922,WANDER,FORWARD,RECOVERED
-1.463505,1.824452,WANDER,FORWARD,RECOVERED
-1.430453,1.846981,WANDER,FORWARD,RECOVERED
-1.397401,1.869511,WANDER,FORWARD,RECOVERED
-1.364349,1.892040,WANDER,FORWARD,RECOVERED
-1.331297,1.914570,WANDER,FORWARD,RECOVERED
-1.298246,1.937099,DIR_LEFT,TURN_LEFT,RECOVERED
-1.278975,1.950235,DIR_LEFT,TURN_LEFT,RECOVERED
-1.265517,1.964949,DIR_LEFT,TURN_LEFT,RECOVERED
-1.256707,1.982823,DIR_LEFT,TURN_LEFT,RECOVERED
-1.253292,2.002455,DIR_LEFT,TURN_LEFT,RECOVERED
-1.255549,2.022254,DIR_LEFT,TURN_LEFT,RECOVERED
-1.263295,2.040614,DIR_LEFT,TURN_LEFT,RECOVERED
-1.275901,2.056046,DIR_LEFT,TURN_LEFT,RECOVERED
-1.292345,2.067300,DIR_LEFT,TURN_LEFT,RECOVERED
-1.311295,2.073464,DIR_LEFT,TURN_LEFT,RECOVERED
-1.331214,2.074036,DIR_LEFT,TURN_LEFT,RECOVERED
-1.350486,2.068971,DIR_LEFT,TURN_LEFT,RECOVERED
-1.367550,2.058680,DIR_LEFT,TURN_LEFT,RECOVERED
-1.381021,2.043997,DIR_LEFT,TURN_LEFT,RECOVERED
-1.389808,2.026112,DIR_LEFT,TURN_LEFT,RECOVERED
-1.393198,2.006475,WANDER,TURN_RIGHT,RECOVERED
-1.390917,1.986679,WANDER,FORWARD,RECOVERED
-1.393252,1.950286,WANDER,FORWARD,RECOVERED
-1.397692,1.910535,WANDER,FORWARD,RECOVERED
-1.402245,1.870795,WANDER,FORWARD,RECOVERED
-1.406799,1.831055,DIR_RIGHT,TURN_RIGHT,RECOVERED
-1.409454,1.807885,DIR_RIGHT,TURN_RIGHT,RECOVERED
-1.416212,1.789124,DIR_RIGHT,TURN_RIGHT,RECOVERED
-1.427930,1.773007,DIR_RIGHT,TURN_RIGHT,RECOVERED
-1.443715,1.760846,DIR_RIGHT,TURN_RIGHT,RECOVERED
-1.462289,1.753627,DIR_RIGHT,TURN_RIGHT,RECOVERED
-1.482144,1.751935,DIR_RIGHT,TURN_RIGHT,RECOVERED
-1.501671,1.755908,DIR_RIGHT,TURN_RIGHT,RECOVERED
-1.519286,1.765223,DIR_RIGHT,TURN_RIGHT,RECOVERED
-1.533562,1.779126,WANDER,TURN_LEFT,RECOVERED
-1.543341,1.796488,WANDER,FORWARD,RECOVERED
-1.566604,1.824573,WANDER,FORWARD,RECOVERED
-1.593543,1.854139,WANDER,FORWARD,RECOVERED
-1.620567,1.883630,WANDER,TURN_LEFT,RECOVERED
-1.636323,1.900824,WANDER,FORWARD,RECOVERED
-1.666456,1.921270,WANDER,FORWARD,RECOVERED
-1.700635,1.942045,WANDER,TURN_LEFT,RECOVERED
-1.720599,1.954102,WANDER,FORWARD,RECOVERED
-1.755272,1.965226,WANDER,FORWARD,RECOVERED
-1.793922,1.975526,WANDER,FORWARD,RECOVERED
-1.832602,1.985716,WANDER,TURN_LEFT,RECOVERED
-1.855154,1.991657,WANDER,FORWARD,RECOVERED
-1.891558,1.992558,WANDER,FORWARD,RECOVERED
-1.931543,1.991547,WANDER,TURN_LEFT,RECOVERED
-1.954856,1.990891,WANDER,FORWARD,RECOVERED
-1.990037,1.981496,WANDER,FORWARD,RECOVERED
-2.028117,1.969256,WANDER,FORWARD,RECOVERED
-2.066163,1.956907,WANDER,FORWARD,RECOVERED
-2.104209,1.944559,WANDER,FORWARD,RECOVERED
-2.142255,1.932210,WANDER,FORWARD,RECOVERED
-2.180301,1.919861,DIR_LEFT,TURN_LEFT,RECOVERED
-2.202483,1.912661,DIR_LEFT,TURN_LEFT,RECOVERED
-2.219530,1.902315,WANDER,FORWARD,RECOVERED
-2.244081,1.875501,WANDER,FORWARD,RECOVERED
-2.269491,1.844611,WANDER,FORWARD,RECOVERED
-2.294814,1.813647,WANDER,FORWARD,RECOVERED
-2.320137,1.782683,WANDER,FORWARD,RECOVERED
-2.345460,1.751720,WANDER,FORWARD,RECOVERED
-2.370783,1.720756,WANDER,FORWARD,RECOVERED
-2.396106,1.689793,WANDER,FORWARD,RECOVERED
-2.421429,1.658829,WANDER,FORWARD,RECOVERED
-2.446752,1.627865,WANDER,FORWARD,RECOVERED
-2.472075,1.596902,WANDER,FORWARD,RECOVERED
-2.497398,1.565938,WANDER,FORWARD,RECOVERED
-2.522721,1.534974,WANDER,FORWARD,RECOVERED
-2.548044,1.504011,WANDER,FORWARD,RECOVERED
-2.573367,1.473047,WANDER,FORWARD,RECOVERED
-2.598690,1.442084,WANDER,FORWARD,RECOVERED
-2.624013,1.411120,WANDER,FORWARD,RECOVERED
-2.649336,1.380156,WANDER,FORWARD,RECOVERED
-2.674659,1.349193,WANDER,FORWARD,RECOVERED
-2.699982,1.318229,WANDER,TURN_RIGHT,RECOVERED
-2.714746,1.300176,WANDER,FORWARD,RECOVERED
-2.743681,1.278068,WANDER,FORWARD,RECOVERED
-2.776638,1.255403,WANDER,FORWARD,RECOVERED
-2.809662,1.232832,WANDER,FORWARD,RECOVERED
-2.842685,1.210260,WANDER,TURN_RIGHT,RECOVERED
-2.861939,1.197100,WANDER,FORWARD,RECOVERED
-2.895932,1.184043,WANDER,FORWARD,RECOVERED
-2.933941,1.171586,WANDER,FORWARD,RECOVERED
-2.971987,1.159237,WANDER,FORWARD,RECOVERED
-3.010033,1.146888,WANDER,FORWARD,RECOVERED
-3.048079,1.134540,WANDER,FORWARD,RECOVERED
-3.086125,1.122191,WANDER,FORWARD,RECOVERED
-3.124171,1.109842,DIR_LEFT,TURN_LEFT,RECOVERED
-3.146353,1.102642,DIR_LEFT,TURN_LEFT,RECOVERED
-3.163400,1.092296,DIR_LEFT,TURN_LEFT,RECOVERED
-3.176872,1.077613,DIR_LEFT,TURN_LEFT,RECOVERED
-3.185659,1.059728,WANDER,TURN_RIGHT,RECOVERED
-3.189049,1.040091,WANDER,TURN_LEFT,RECOVERED
-3.195863,1.021338,WANDER,FORWARD,RECOVERED
-3.201821,0.985360,WANDER,FORWARD,RECOVERED
-3.206488,0.945635,WANDER,FORWARD,RECOVERED
-3.211041,0.905895,WANDER,TURN_RIGHT,RECOVERED
-3.213696,0.882725,DIR_LEFT,TURN_LEFT,RECOVERED
-3.220454,0.863964,DIR_LEFT,TURN_LEFT,RECOVERED
-3.223739,0.844283,DIR_LEFT,TURN_LEFT,RECOVERED
-3.221457,0.824487,DIR_LEFT,TURN_LEFT,RECOVERED
-3.213688,0.806137,FOLLOW,FORWARD,RECOVERED
-3.190624,0.778034,FOLLOW,FORWARD,RECOVERED
-3.163648,0.748501,WANDER,FORWARD,RECOVERED
-3.136586,0.719045,WANDER,FORWARD,RECOVERED
-3.109525,0.689589,WANDER,FORWARD,RECOVERED
-3.082463,0.660133,WANDER,FORWARD,RECOVERED
-3.055402,0.630676,WANDER,FORWARD,RECOVERED
-3.028340,0.601220,WANDER,FORWARD,RECOVERED
-3.001279,0.571764,WANDER,TURN_LEFT,RECOVERED
-2.985501,0.554590,WANDER,FORWARD,RECOVERED
-2.955343,0.534182,WANDER,FORWARD,RECOVERED
-2.921136,0.513449,WANDER,FORWARD,RECOVERED
-2.886870,0.492814,DIR_LEFT,TURN_LEFT,RECOVERED
-2.866891,0.480783,DIR_LEFT,TURN_LEFT,RECOVERED
-2.847903,0.474693,DIR_LEFT,TURN_LEFT,RECOVERED
-2.827984,0.474146,DIR_LEFT,TURN_LEFT,RECOVERED
-2.808718,0.479235,DIR_LEFT,TURN_LEFT,RECOVERED
-2.791667,0.489548,DIR_LEFT,TURN_LEFT,RECOVERED
-2.778214,0.504248,WANDER,FORWARD,RECOVERED
-2.762258,0.536915,WANDER,FORWARD,RECOVERED
-2.746631,0.573734,DIR_LEFT,TURN_LEFT,RECOVERED
-2.737580,0.595228,DIR_LEFT,TURN_LEFT,RECOVERED
-2.734267,0.614892,DIR_LEFT,TURN_LEFT,RECOVERED
-2.736574,0.634684,DIR_LEFT,TURN_LEFT,RECOVERED
-2.744366,0.653025,DIR_LEFT,TURN_LEFT,RECOVERED
-2.757011,0.668426,WANDER,FORWARD,RECOVERED
-2.787086,0.688851,WANDER,FORWARD,RECOVERED
-2.821319,0.709540,WANDER,FORWARD,RECOVERED
-2.855611,0.730132,WANDER,FORWARD,RECOVERED
-2.889904,0.750723,WANDER,TURN_LEFT,RECOVERED
-2.909898,0.762729,WANDER,FORWARD,RECOVERED
-2.944599,0.773766,WANDER,FORWARD,RECOVERED
-2.983275,0.783968,WANDER,TURN_LEFT,RECOVERED
-3.005842,0.789852,WANDER,FORWARD,RECOVERED
-3.042247,0.790661,DIR_RIGHT,TURN_RIGHT,RECOVERED
-3.065563,0.790136,DIR_RIGHT,TURN_RIGHT,RECOVERED
-3.085102,0.794117,DIR_RIGHT,TURN_RIGHT,RECOVERED
-3.102741,0.803387,DIR_RIGHT,TURN_RIGHT,RECOVERED
-3.117052,0.817254,DIR_RIGHT,TURN_RIGHT,RECOVERED
-3.126875,0.834591,DIR_RIGHT,TURN_RIGHT,RECOVERED
-3.131413,0.853995,DIR_RIGHT,TURN_RIGHT,RECOVERED
-3.130299,0.873890,WANDER,FORWARD,RECOVERED
-3.118082,0.908132,WANDER,FORWARD,RECOVERED
-3.102665,0.945040,WANDER,FORWARD,RECOVERED
-3.087142,0.981905,WANDER,TURN_LEFT,RECOVERED
-3.078091,1.003399,WANDER,FORWARD,RECOVERED
-3.072084,1.039314,WANDER,FORWARD,RECOVERED
-3.067467,1.079045,WANDER,FORWARD,RECOVERED
-3.062964,1.118791,WANDER,FORWARD,RECOVERED
-3.058461,1.158537,DIR_LEFT,TURN_LEFT,RECOVERED
-3.055835,1.181710,DIR_LEFT,TURN_LEFT,RECOVERED
-3.058198,1.201510,DIR_LEFT,TURN_LEFT,RECOVERED
-3.065990,1.219850,DIR_LEFT,TURN_LEFT,RECOVERED
-3.078635,1.235251,DIR_LEFT,TURN_LEFT,RECOVERED
-3.095108,1.246464,DIR_LEFT,TURN_LEFT,RECOVERED
-3.114074,1.252579,DIR_LEFT,TURN_LEFT,RECOVERED
-3.133994,1.253101,DIR_LEFT,TURN_LEFT,RECOVERED
-3.153253,1.247987,FOLLOW,FORWARD,RECOVERED
-3.184318,1.229101,FOLLOW,FORWARD,RECOVERED
-3.217348,1.206541,WANDER,FORWARD,RECOVERED
-3.250314,1.183886,WANDER,FORWARD,RECOVERED
-3.283280,1.161232,DIR_LEFT,TURN_LEFT,RECOVERED
-3.302500,1.148023,DIR_LEFT,TURN_LEFT,RECOVERED
-3.315903,1.133258,DIR_LEFT,TURN_LEFT,RECOVERED
-3.324645,1.115351,DIR_LEFT,TURN_LEFT,RECOVERED
-3.327985,1.095706,DIR_LEFT,TURN_LEFT,RECOVERED
-3.325653,1.075916,DIR_LEFT,TURN_LEFT,RECOVERED
-3.317838,1.057586,FOLLOW,FORWARD,RECOVERED
-3.294703,1.029541,FOLLOW,FORWARD,RECOVERED
-3.267652,1.000077,WANDER,FORWARD,RECOVERED
-3.240516,0.970689,WANDER,FORWARD,RECOVERED
-3.213380,0.941301,WANDER,FORWARD,RECOVERED
-3.186244,0.911914,DIR_LEFT,TURN_LEFT,RECOVERED
-3.170423,0.894779,WANDER,FORWARD,RECOVERED
-3.140214,0.874448,WANDER,FORWARD,RECOVERED
-3.105955,0.853802,WANDER,FORWARD,RECOVERED
