1.965860,1.563390,WANDER,FORWARD,SUSCEPTIBLE
1.952418,1.544288,WANDER,FORWARD,SUSCEPTIBLE
1.935153,1.519754,WANDER,FORWARD,SUSCEPTIBLE
1.917889,1.495220,DIR_RIGHT,TURN_RIGHT,SUSCEPTIBLE
1.908044,1.481229,DIR_RIGHT,TURN_RIGHT,SUSCEPTIBLE
1.897439,1.470656,DIR_RIGHT,TURN_RIGHT,SUSCEPTIBLE
1.884851,1.462556,DIR_RIGHT,TURN_RIGHT,SUSCEPTIBLE
1.870828,1.457318,DIR_RIGHT,TURN_RIGHT,SUSCEPTIBLE
1.856012,1.455182,DIR_RIGHT,TURN_RIGHT,SUSCEPTIBLE
1.841081,1.456246,DIR_RIGHT,TURN_RIGHT,SUSCEPTIBLE
1.826717,1.460460,DIR_RIGHT,TURN_RIGHT,SUSCEPTIBLE
1.813578,1.467632,DIR_RIGHT,TURN_RIGHT,SUSCEPTIBLE
1.802265,1.477434,DIR_RIGHT,TURN_RIGHT,SUSCEPTIBLE
1.793295,1.489418,DIR_RIGHT,TURN_RIGHT,SUSCEPTIBLE
1.787078,1.503035,FOLLOW,FORWARD,SUSCEPTIBLE
1.781306,1.530239,WANDER,FORWARD,SUSCEPTIBLE
1.776131,1.559788,WANDER,TURN_RIGHT,SUSCEPTIBLE
1.773216,1.576645,WANDER,FORWARD,SUSCEPTIBLE
1.773407,1.604469,WANDER,FORWARD,SUSCEPTIBLE
1.774634,1.634444,WANDER,FORWARD,SUSCEPTIBLE
1.775924,1.664416,WANDER,FORWARD,SUSCEPTIBLE
1.777215,1.694388,WANDER,FORWARD,SUSCEPTIBLE
1.778506,1.724360,WANDER,FORWARD,SUSCEPTIBLE
1.779797,1.754333,WANDER,FORWARD,SUSCEPTIBLE
1.781088,1.784305,WANDER,FORWARD,SUSCEPTIBLE
1.782378,1.814277,WANDER,TURN_LEFT,SUSCEPTIBLE
1.783114,1.831368,DIR_LEFT,TURN_LEFT,SUSCEPTIBLE
1.781164,1.846216,DIR_LEFT,TURN_LEFT,SUSCEPTIBLE
1.776133,1.860314,DIR_LEFT,TURN_LEFT,SUSCEPTIBLE
1.768218,1.873020,DIR_LEFT,TURN_LEFT,SUSCEPTIBLE
1.757783,1.883752,DIR_LEFT,TURN_LEFT,SUSCEPTIBLE
1.745304,1.892020,DIR_LEFT,TURN_LEFT,SUSCEPTIBLE
1.731353,1.897445,DIR_LEFT,TURN_LEFT,SUSCEPTIBLE
1.716567,1.899779,DIR_LEFT,TURN_LEFT,SUSCEPTIBLE
1.701623,1.898916,FOLLOW,FORWARD,SUSCEPTIBLE
1.674873,1.891313,WANDER,FORWARD,SUSCEPTIBLE
1.646327,1.882088,WANDER,FORWARD,SUSCEPTIBLE
1.617801,1.872801,WANDER,TURN_RIGHT,SUSCEPTIBLE
1.601534,1.867505,WANDER,FORWARD,SUSCEPTIBLE
1.573968,1.863716,WANDER,FORWARD,SUSCEPTIBLE
1.544127,1.860643,WANDER,FORWARD,SUSCEPTIBLE
1.514278,1.857635,WANDER,FORWARD,SUSCEPTIBLE
1.484429,1.854626,WANDER,FORWARD,SUSCEPTIBLE
1.454581,1.851618,WANDER,FORWARD,SUSCEPTIBLE
1.424732,1.848610,WANDER,TURN_LEFT,SUSCEPTIBLE
1.407711,1.846894,WANDER,FORWARD,SUSCEPTIBLE
1.380959,1.839243,WANDER,TURN_RIGHT,SUSCEPTIBLE
1.364664,1.834033,WANDER,FORWARD,SUSCEPTIBLE
1.337099,1.830244,WANDER,FORWARD,SUSCEPTIBLE
1.307257,1.827171,WANDER,FORWARD,SUSCEPTIBLE
1.277408,1.824163,WANDER,TURN_RIGHT,SUSCEPTIBLE
1.260387,1.822447,WANDER,FORWARD,SUSCEPTIBLE
1.232647,1.824607,WANDER,FORWARD,SUSCEPTIBLE
1.202834,1.827950,WANDER,FORWARD,SUSCEPTIBLE
1.173028,1.831358,DIR_LEFT,TURN_LEFT,SUSCEPTIBLE
1.156032,1.833301,DIR_LEFT,TURN_LEFT,SUSCEPTIBLE
1.141084,1.832406,DIR_LEFT,TURN_LEFT,SUSCEPTIBLE
1.126665,1.828384,DIR_LEFT,TURN_LEFT,SUSCEPTIBLE
1.113431,1.821389,DIR_LEFT,TURN_LEFT,SUSCEPTIBLE
1.101988,1.811739,DIR_LEFT,TURN_LEFT,SUSCEPTIBLE
1.092858,1.799876,DIR_LEFT,TURN_LEFT,SUSCEPTIBLE
1.086459,1.786344,DIR_LEFT,TURN_LEFT,SUSCEPTIBLE
1.083085,1.771760,DIR_LEFT,TURN_LEFT,SUSCEPTIBLE
1.082889,1.756792,DIR_LEFT,TURN_LEFT,SUSCEPTIBLE
1.085881,1.742125,DIR_LEFT,TURN_LEFT,SUSCEPTIBLE
1.091923,1.728429,DIR_LEFT,TURN_LEFT,SUSCEPTIBLE
1.100739,1.716332,DIR_LEFT,TURN_LEFT,SUSCEPTIBLE
1.111926,1.706386,FOLLOW,FORWARD,SUSCEPTIBLE
1.136230,1.692869,WANDER,FORWARD,SUSCEPTIBLE
1.162951,1.679233,WANDER,FORWARD,SUSCEPTIBLE
1.189702,1.665655,WANDER,TURN_RIGHT,SUSCEPTIBLE
1.204956,1.657911,WANDER,FORWARD,SUSCEPTIBLE
1.227143,1.641120,WANDER,FORWARD,SUSCEPTIBLE
1.250435,1.622213,WANDER,FORWARD,SUSCEPTIBLE
1.273687,1.603256,WANDER,FORWARD,SUSCEPTIBLE
1.296938,1.584299,WANDER,TURN_RIGHT,SUSCEPTIBLE
1.310197,1.573489,WANDER,FORWARD,SUSCEPTIBLE
1.328306,1.552364,WANDER,FORWARD,SUSCEPTIBLE
1.347045,1.528937,WANDER,FORWARD,SUSCEPTIBLE
1.365733,1.505469,WANDER,FORWARD,SUSCEPTIBLE
1.384422,1.482001,WANDER,FORWARD,SUSCEPTIBLE
1.403110,1.458533,WANDER,FORWARD,SUSCEPTIBLE
1.421799,1.435065,WANDER,FORWARD,SUSCEPTIBLE
1.440487,1.411598,WANDER,FORWARD,SUSCEPTIBLE
1.459176,1.388130,WANDER,FORWARD,SUSCEPTIBLE
1.477864,1.364662,WANDER,FORWARD,SUSCEPTIBLE
1.496553,1.341194,WANDER,TURN_RIGHT,SUSCEPTIBLE
1.507210,1.327812,DIR_LEFT,TURN_LEFT,SUSCEPTIBLE
1.514374,1.314662,DIR_LEFT,TURN_LEFT,SUSCEPTIBLE
1.523248,1.302593,DIR_LEFT,TURN_LEFT,SUSCEPTIBLE
1.534435,1.292647,DIR_LEFT,TURN_LEFT,SUSCEPTIBLE
1.547481,1.285307,DIR_LEFT,TURN_LEFT,SUSCEPTIBLE
1.561790,1.280910,DIR_LEFT,TURN_LEFT,SUSCEPTIBLE
1.576706,1.279656,DIR_LEFT,TURN_LEFT,SUSCEPTIBLE
1.591548,1.281602,WANDER,FORWARD,SUSCEPTIBLE
1.617676,1.291127,WANDER,FORWARD,SUSCEPTIBLE
1.645476,1.302402,WANDER,FORWARD,SUSCEPTIBLE
1.673252,1.313736,WANDER,FORWARD,SUSCEPTIBLE
1.701029,1.325070,WANDER,FORWARD,SUSCEPTIBLE
1.728805,1.336405,WANDER,FORWARD,SUSCEPTIBLE
1.756582,1.347739,WANDER,FORWARD,SUSCEPTIBLE
1.784358,1.359073,WANDER,FORWARD,SUSCEPTIBLE
1.812135,1.370407,WANDER,FORWARD,SUSCEPTIBLE
1.839911,1.381742,WANDER,TURN_RIGHT,SUSCEPTIBLE
1.855750,1.388205,WANDER,FORWARD,SUSCEPTIBLE
1.882968,1.393986,WANDER,FORWARD,SUSCEPTIBLE
1.912508,1.399218,WANDER,FORWARD,SUSCEPTIBLE
1.942059,1.404386,WANDER,TURN_RIGHT,SUSCEPTIBLE
1.958911,1.407333,DIR_LEFT,TURN_LEFT,SUSCEPTIBLE
1.973886,1.407326,DIR_LEFT,TURN_LEFT,SUSCEPTIBLE
1.988730,1.409336,DIR_LEFT,TURN_LEFT,SUSCEPTIBLE
2.002819,1.414394,DIR_LEFT,TURN_LEFT,SUSCEPTIBLE
2.015510,1.422333,DIR_LEFT,TURN_LEFT,SUSCEPTIBLE
2.026222,1.432788,DIR_LEFT,TURN_LEFT,SUSCEPTIBLE
2.034466,1.445283,DIR_LEFT,TURN_LEFT,SUSCEPTIBLE
2.039865,1.459244,DIR_LEFT,TURN_LEFT,SUSCEPTIBLE
2.042171,1.474035,DIR_LEFT,TURN_LEFT,SUSCEPTIBLE
2.041279,1.488977,FOLLOW,FORWARD,SUSCEPTIBLE
2.033626,1.515713,FOLLOW,FORWARD,SUSCEPTIBLE
2.024346,1.544241,WANDER,FORWARD,SUSCEPTIBLE
2.015005,1.572750,WANDER,FORWARD,SUSCEPTIBLE
2.005664,1.601258,WANDER,FORWARD,SUSCEPTIBLE
1.996323,1.629767,WANDER,FORWARD,SUSCEPTIBLE
1.986982,1.658276,WANDER,FORWARD,SUSCEPTIBLE
1.977641,1.686784,WANDER,FORWARD,SUSCEPTIBLE
1.968300,1.715293,WANDER,TURN_LEFT,SUSCEPTIBLE
1.962974,1.731550,WANDER,FORWARD,SUSCEPTIBLE
1.949762,1.756038,WANDER,FORWARD,SUSCEPTIBLE
1.934628,1.781940,WANDER,FORWARD,SUSCEPTIBLE
1.919438,1.807810,WANDER,TURN_RIGHT,SUSCEPTIBLE
1.910776,1.822563,WANDER,FORWARD,SUSCEPTIBLE
1.901162,1.848674,WANDER,FORWARD,SUSCEPTIBLE
1.891760,1.877162,WANDER,FORWARD,SUSCEPTIBLE
1.882419,1.905671,WANDER,FORWARD,SUSCEPTIBLE
1.873078,1.934179,WANDER,FORWARD,SUSCEPTIBLE
1.863737,1.962688,WANDER,FORWARD,SUSCEPTIBLE
1.854396,1.991197,WANDER,FORWARD,SUSCEPTIBLE
1.845055,2.019705,WANDER,FORWARD,SUSCEPTIBLE
1.835714,2.048214,WANDER,FORWARD,SUSCEPTIBLE
1.826373,2.076723,WANDER,FORWARD,SUSCEPTIBLE
1.817032,2.105231,WANDER,FORWARD,SUSCEPTIBLE
1.807691,2.133740,WANDER,FORWARD,SUSCEPTIBLE
1.798350,2.162249,WANDER,FORWARD,SUSCEPTIBLE
1.789009,2.190757,WANDER,FORWARD,SUSCEPTIBLE
1.779668,2.219266,WANDER,FORWARD,SUSCEPTIBLE
1.770327,2.247775,WANDER,FORWARD,SUSCEPTIBLE
1.760986,2.276283,WANDER,FORWARD,SUSCEPTIBLE
1.751645,2.304792,WANDER,FORWARD,SUSCEPTIBLE
1.742304,2.333301,WANDER,FORWARD,SUSCEPTIBLE
1.732963,2.361809,WANDER,FORWARD,SUSCEPTIBLE
1.723622,2.390318,WANDER,FORWARD,SUSCEPTIBLE
1.714281,2.418827,WANDER,FORWARD,SUSCEPTIBLE
1.704940,2.447336,WANDER,FORWARD,SUSCEPTIBLE
1.695599,2.475844,WANDER,FORWARD,SUSCEPTIBLE
1.686258,2.504353,WANDER,FORWARD,SUSCEPTIBLE
1.676917,2.532862,WANDER,TURN_LEFT,SUSCEPTIBLE
1.671590,2.549118,WANDER,FORWARD,SUSCEPTIBLE
1.658378,2.573607,WANDER,FORWARD,SUSCEPTIBLE
1.643244,2.599509,WANDER,FORWARD,SUSCEPTIBLE
1.628055,2.625379,WANDER,FORWARD,SUSCEPTIBLE
1.612865,2.651249,WANDER,FORWARD,SUSCEPTIBLE
1.597675,2.677120,WANDER,TURN_RIGHT,SUSCEPTIBLE
1.589013,2.691872,WANDER,FORWARD,SUSCEPTIBLE
1.579399,2.717983,WANDER,FORWARD,SUSCEPTIBLE
1.569997,2.746471,WANDER,FORWARD,SUSCEPTIBLE
1.560656,2.774980,WANDER,FORWARD,SUSCEPTIBLE
1.551315,2.803488,WANDER,FORWARD,SUSCEPTIBLE
1.541974,2.831997,WANDER,FORWARD,SUSCEPTIBLE
1.532633,2.860506,WANDER,FORWARD,SUSCEPTIBLE
1.523292,2.889014,WANDER,FORWARD,SUSCEPTIBLE
1.513951,2.917523,WANDER,FORWARD,SUSCEPTIBLE
1.504610,2.946032,WANDER,FORWARD,SUSCEPTIBLE
1.495269,2.974541,WANDER,FORWARD,SUSCEPTIBLE
1.485928,3.003049,WANDER,FORWARD,SUSCEPTIBLE
1.476587,3.031558,WANDER,FORWARD,SUSCEPTIBLE
1.467246,3.060067,WANDER,FORWARD,SUSCEPTIBLE
1.457905,3.088575,WANDER,FORWARD,SUSCEPTIBLE
1.448564,3.117084,WANDER,FORWARD,SUSCEPTIBLE
1.439223,3.145593,WANDER,FORWARD,SUSCEPTIBLE
1.429882,3.174101,WANDER,FORWARD,SUSCEPTIBLE
1.420541,3.202610,WANDER,FORWARD,SUSCEPTIBLE
1.411200,3.231119,WANDER,FORWARD,SUSCEPTIBLE
1.401859,3.259627,WANDER,FORWARD,SUSCEPTIBLE
1.392518,3.288136,DIR_LEFT,TURN_LEFT,SUSCEPTIBLE
1.387191,3.304393,DIR_LEFT,TURN_LEFT,SUSCEPTIBLE
1.380140,3.317604,DIR_LEFT,TURN_LEFT,SUSCEPTIBLE
1.370468,3.329029,DIR_LEFT,TURN_LEFT,SUSCEPTIBLE
1.358588,3.338136,DIR_LEFT,TURN_LEFT,SUSCEPTIBLE
1.345043,3.344509,DIR_LEFT,TURN_LEFT,SUSCEPTIBLE
1.330453,3.347855,WANDER,FORWARD,SUSCEPTIBLE
1.302645,3.348030,WANDER,FORWARD,SUSCEPTIBLE
1.272658,3.347148,WANDER,FORWARD,SUSCEPTIBLE
1.242673,3.346202,WANDER,FORWARD,SUSCEPTIBLE
1.212688,3.345255,WANDER,FORWARD,SUSCEPTIBLE
1.182703,3.344309,WANDER,FORWARD,SUSCEPTIBLE
1.152718,3.343363,WANDER,FORWARD,SUSCEPTIBLE
1.122733,3.342416,WANDER,TURN_RIGHT,SUSCEPTIBLE
1.105634,3.341877,WANDER,FORWARD,SUSCEPTIBLE
1.078108,3.345941,WANDER,FORWARD,SUSCEPTIBLE
1.048596,3.351329,WANDER,FORWARD,SUSCEPTIBLE
1.019096,3.356781,WANDER,FORWARD,SUSCEPTIBLE
0.989595,3.362232,WANDER,FORWARD,SUSCEPTIBLE
0.960095,3.367684,WANDER,FORWARD,SUSCEPTIBLE
0.930594,3.373135,WANDER,FORWARD,SUSCEPTIBLE
0.901094,3.378587,WANDER,FORWARD,SUSCEPTIBLE
0.871593,3.384039,WANDER,FORWARD,SUSCEPTIBLE
0.842093,3.389490,WANDER,FORWARD,SUSCEPTIBLE
0.812592,3.394942,WANDER,FORWARD,SUSCEPTIBLE
0.783092,3.400393,WANDER,FORWARD,SUSCEPTIBLE
0.753591,3.405845,WANDER,FORWARD,SUSCEPTIBLE
0.724091,3.411297,WANDER,FORWARD,SUSCEPTIBLE
0.694590,3.416748,WANDER,FORWARD,SUSCEPTIBLE
0.665090,3.422200,WANDER,FORWARD,SUSCEPTIBLE
0.635589,3.427652,WANDER,FORWARD,SUSCEPTIBLE
0.606089,3.433103,WANDER,TURN_LEFT,SUSCEPTIBLE
0.589266,3.436212,WANDER,FORWARD,SUSCEPTIBLE
0.561442,3.436340,WANDER,FORWARD,SUSCEPTIBLE
0.531455,3.435458,WANDER,FORWARD,SUSCEPTIBLE
0.501470,3.434512,WANDER,FORWARD,SUSCEPTIBLE
0.471485,3.433565,WANDER,FORWARD,SUSCEPTIBLE
0.441500,3.432619,WANDER,FORWARD,SUSCEPTIBLE
0.411515,3.431673,WANDER,FORWARD,SUSCEPTIBLE
0.381530,3.430726,WANDER,FORWARD,SUSCEPTIBLE
0.351545,3.429780,WANDER,FORWARD,SUSCEPTIBLE
0.321560,3.428834,WANDER,FORWARD,SUSCEPTIBLE
0.291575,3.427887,WANDER,FORWARD,SUSCEPTIBLE
0.261590,3.426941,WANDER,FORWARD,SUSCEPTIBLE
0.231605,3.425995,WANDER,FORWARD,SUSCEPTIBLE
0.201620,3.425048,WANDER,FORWARD,SUSCEPTIBLE
0.171634,3.424102,WANDER,FORWARD,SUSCEPTIBLE
0.141649,3.423156,WANDER,FORWARD,SUSCEPTIBLE
0.111664,3.422209,WANDER,FORWARD,SUSCEPTIBLE
0.081679,3.421263,WANDER,FORWARD,SUSCEPTIBLE
0.051694,3.420317,WANDER,FORWARD,SUSCEPTIBLE
0.021709,3.419370,WANDER,FORWARD,SUSCEPTIBLE
-0.008276,3.418424,WANDER,FORWARD,SUSCEPTIBLE
-0.038261,3.417478,WANDER,FORWARD,SUSCEPTIBLE
-0.068246,3.416531,WANDER,FORWARD,SUSCEPTIBLE
-0.098231,3.415585,WANDER,FORWARD,SUSCEPTIBLE
-0.128216,3.414639,WANDER,FORWARD,SUSCEPTIBLE
-0.158201,3.413692,WANDER,FORWARD,SUSCEPTIBLE
-0.188186,3.412746,WANDER,FORWARD,SUSCEPTIBLE
-0.218171,3.411800,WANDER,TURN_RIGHT,SUSCEPTIBLE
-0.235270,3.411260,WANDER,FORWARD,SUSCEPTIBLE
-0.262797,3.415324,WANDER,FORWARD,SUSCEPTIBLE
-0.292308,3.420712,WANDER,FORWARD,SUSCEPTIBLE
-0.321809,3.426164,WANDER,FORWARD,SUSCEPTIBLE
-0.351309,3.431615,WANDER,FORWARD,SUSCEPTIBLE
-0.380810,3.437067,WANDER,FORWARD,SUSCEPTIBLE
-0.410310,3.442519,WANDER,FORWARD,SUSCEPTIBLE
-0.439811,3.447970,WANDER,FORWARD,SUSCEPTIBLE
-0.469311,3.453422,WANDER,FORWARD,SUSCEPTIBLE
-0.498812,3.458873,WANDER,TURN_RIGHT,SUSCEPTIBLE
-0.515634,3.461982,WANDER,FORWARD,SUSCEPTIBLE
-0.541667,3.471807,WANDER,FORWARD,SUSCEPTIBLE
-0.569357,3.483347,WANDER,FORWARD,SUSCEPTIBLE
-0.597024,3.494947,WANDER,TURN_LEFT,SUSCEPTIBLE
-0.612800,3.501562,WANDER,FORWARD,SUSCEPTIBLE
-0.639961,3.507604,WANDER,FORWARD,SUSCEPTIBLE
-0.669449,3.513119,WANDER,FORWARD,SUSCEPTIBLE
-0.698950,3.518571,WANDER,FORWARD,SUSCEPTIBLE
-0.728450,3.524022,WANDER,FORWARD,SUSCEPTIBLE
-0.757951,3.529474,WANDER,FORWARD,SUSCEPTIBLE
-0.787451,3.534926,WANDER,FORWARD,SUSCEPTIBLE
-0.816952,3.540377,WANDER,FORWARD,SUSCEPTIBLE
-0.846453,3.545829,WANDER,FORWARD,SUSCEPTIBLE
-0.875953,3.551281,WANDER,FORWARD,SUSCEPTIBLE
-0.905454,3.556732,WANDER,FORWARD,SUSCEPTIBLE
-0.934954,3.562184,WANDER,FORWARD,SUSCEPTIBLE
-0.964455,3.567635,WANDER,FORWARD,SUSCEPTIBLE
-0.993955,3.573087,WANDER,FORWARD,SUSCEPTIBLE
-1.023456,3.578539,WANDER,FORWARD,SUSCEPTIBLE
-1.052956,3.583990,WANDER,FORWARD,SUSCEPTIBLE
-1.082457,3.589442,WANDER,FORWARD,SUSCEPTIBLE
-1.111957,3.594893,WANDER,FORWARD,SUSCEPTIBLE
-1.141458,3.600345,WANDER,FORWARD,SUSCEPTIBLE
-1.170958,3.605797,WANDER,FORWARD,SUSCEPTIBLE
-1.200459,3.611248,WANDER,FORWARD,SUSCEPTIBLE
-1.229959,3.616700,WANDER,TURN_RIGHT,SUSCEPTIBLE
-1.246781,3.619809,WANDER,FORWARD,SUSCEPTIBLE
-1.272814,3.629633,WANDER,FORWARD,SUSCEPTIBLE
-1.300505,3.641174,WANDER,FORWARD,SUSCEPTIBLE
-1.328171,3.652774,WANDER,FORWARD,SUSCEPTIBLE
-1.355838,3.664374,WANDER,FORWARD,SUSCEPTIBLE
-1.383504,3.675974,DIR_LEFT,TURN_LEFT,SUSCEPTIBLE
-1.399281,3.682589,DIR_LEFT,TURN_LEFT,SUSCEPTIBLE
-1.413884,3.685906,DIR_LEFT,TURN_LEFT,SUSCEPTIBLE
-1.428852,3.686074,DIR_LEFT,TURN_LEFT,SUSCEPTIBLE
-1.443513,3.683054,DIR_LEFT,TURN_LEFT,SUSCEPTIBLE
-1.457197,3.676986,DIR_LEFT,TURN_LEFT,SUSCEPTIBLE
-1.469278,3.668147,DIR_LEFT,TURN_LEFT,SUSCEPTIBLE
-1.479203,3.656941,WANDER,FORWARD,SUSCEPTIBLE
-1.492673,3.632612,WANDER,TURN_LEFT,SUSCEPTIBLE
-1.500468,3.617384,WANDER,FORWARD,SUSCEPTIBLE
-1.508416,3.590719,WANDER,FORWARD,SUSCEPTIBLE
-1.516003,3.561695,WANDER,FORWARD,SUSCEPTIBLE
-1.523528,3.532654,WANDER,FORWARD,SUSCEPTIBLE
-1.531052,3.503613,WANDER,FORWARD,SUSCEPTIBLE
-1.538577,3.474572,WANDER,FORWARD,SUSCEPTIBLE
-1.546102,3.445531,WANDER,FORWARD,SUSCEPTIBLE
-1.553627,3.416490,WANDER,FORWARD,SUSCEPTIBLE
-1.561151,3.387449,WANDER,FORWARD,SUSCEPTIBLE
-1.568676,3.358408,WANDER,FORWARD,SUSCEPTIBLE
-1.576201,3.329367,WANDER,TURN_RIGHT,SUSCEPTIBLE
-1.580492,3.312807,WANDER,FORWARD,SUSCEPTIBLE
-1.592133,3.287534,WANDER,FORWARD,SUSCEPTIBLE
-1.605604,3.260729,WANDER,FORWARD,SUSCEPTIBLE
-1.619132,3.233952,WANDER,FORWARD,SUSCEPTIBLE
-1.632660,3.207176,WANDER,FORWARD,SUSCEPTIBLE
-1.646188,3.180399,WANDER,FORWARD,SUSCEPTIBLE
-1.659716,3.153623,WANDER,TURN_RIGHT,SUSCEPTIBLE
-1.667431,3.138354,WANDER,FORWARD,SUSCEPTIBLE
-1.684180,3.116134,WANDER,FORWARD,SUSCEPTIBLE
-1.703042,3.092807,WANDER,FORWARD,SUSCEPTIBLE
-1.721955,3.069520,WANDER,TURN_RIGHT,SUSCEPTIBLE
-1.732740,3.056240,WANDER,FORWARD,SUSCEPTIBLE
-1.753831,3.038091,WANDER,FORWARD,SUSCEPTIBLE
-1.777223,3.019308,WANDER,TURN_RIGHT,SUSCEPTIBLE
-1.790585,3.008626,WANDER,FORWARD,SUSCEPTIBLE
-1.815053,2.995377,WANDER,FORWARD,SUSCEPTIBLE
-1.841904,2.981998,WANDER,FORWARD,SUSCEPTIBLE
-1.868783,2.968676,WANDER,FORWARD,SUSCEPTIBLE
-1.895663,2.955355,WANDER,TURN_LEFT,SUSCEPTIBLE
-1.910991,2.947758,WANDER,FORWARD,SUSCEPTIBLE
-1.933339,2.931180,WANDER,FORWARD,SUSCEPTIBLE
-1.956811,2.912498,WANDER,FORWARD,SUSCEPTIBLE
-1.980243,2.893765,WANDER,FORWARD,SUSCEPTIBLE
-2.003675,2.875032,WANDER,FORWARD,SUSCEPTIBLE
-2.027108,2.856299,WANDER,FORWARD,SUSCEPTIBLE
-2.050540,2.837566,WANDER,FORWARD,SUSCEPTIBLE
-2.073972,2.818833,WANDER,FORWARD,SUSCEPTIBLE
-2.097405,2.800100,WANDER,FORWARD,SUSCEPTIBLE
-2.120837,2.781367,WANDER,FORWARD,SUSCEPTIBLE
-2.144269,2.762634,WANDER,FORWARD,SUSCEPTIBLE
-2.167702,2.743901,WANDER,FORWARD,SUSCEPTIBLE
-2.191134,2.725168,WANDER,FORWARD,SUSCEPTIBLE
-2.214566,2.706435,WANDER,FORWARD,SUSCEPTIBLE
-2.237998,2.687702,WANDER,FORWARD,SUSCEPTIBLE
-2.261431,2.668968,WANDER,FORWARD,SUSCEPTIBLE
-2.284863,2.650235,WANDER,FORWARD,SUSCEPTIBLE
-2.308295,2.631502,WANDER,FORWARD,SUSCEPTIBLE
-2.331728,2.612769,WANDER,FORWARD,SUSCEPTIBLE
-2.355160,2.594036,WANDER,FORWARD,SUSCEPTIBLE
-2.378592,2.575303,WANDER,FORWARD,SUSCEPTIBLE
-2.402025,2.556570,WANDER,FORWARD,SUSCEPTIBLE
-2.425457,2.537837,WANDER,FORWARD,SUSCEPTIBLE
-2.448889,2.519104,WANDER,FORWARD,SUSCEPTIBLE
-2.472322,2.500371,WANDER,FORWARD,SUSCEPTIBLE
-2.495754,2.481638,WANDER,FORWARD,SUSCEPTIBLE
-2.519186,2.462905,WANDER,FORWARD,SUSCEPTIBLE
-2.542619,2.444172,WANDER,FORWARD,SUSCEPTIBLE
-2.566051,2.425439,WANDER,FORWARD,SUSCEPTIBLE
-2.589483,2.406706,WANDER,TURN_RIGHT,SUSCEPTIBLE
-2.602845,2.396024,WANDER,FORWARD,SUSCEPTIBLE
-2.627313,2.382775,WANDER,FORWARD,SUSCEPTIBLE
-2.654164,2.369396,WANDER,FORWARD,SUSCEPTIBLE
-2.681044,2.356074,DIR_LEFT,TURN_LEFT,SUSCEPTIBLE
-2.696372,2.348478,DIR_LEFT,TURN_LEFT,SUSCEPTIBLE
-2.708439,2.339609,DIR_LEFT,TURN_LEFT,SUSCEPTIBLE
-2.718364,2.328404,DIR_LEFT,TURN_LEFT,SUSCEPTIBLE
-2.725678,2.315343,DIR_LEFT,TURN_LEFT,SUSCEPTIBLE
-2.730049,2.301027,DIR_LEFT,TURN_LEFT,SUSCEPTIBLE
-2.731275,2.286108,DIR_LEFT,TURN_LEFT,SUSCEPTIBLE
-2.729300,2.271269,DIR_LEFT,TURN_LEFT,SUSCEPTIBLE
-2.724215,2.257190,DIR_LEFT,TURN_LEFT,SUSCEPTIBLE
-2.716253,2.244515,DIR_LEFT,TURN_LEFT,SUSCEPTIBLE
-2.705777,2.233822,DIR_LEFT,TURN_LEFT,SUSCEPTIBLE
-2.693267,2.225602,DIR_LEFT,TURN_LEFT,SUSCEPTIBLE
-2.679295,2.220230,FOLLOW,FORWARD,SUSCEPTIBLE
-2.651789,2.216132,WANDER,FORWARD,SUSCEPTIBLE
-2.621978,2.212774,WANDER,FORWARD,SUSCEPTIBLE
-2.592160,2.209479,WANDER,FORWARD,SUSCEPTIBLE
-2.562341,2.206185,WANDER,FORWARD,SUSCEPTIBLE
-2.532523,2.202890,WANDER,TURN_RIGHT,SUSCEPTIBLE
-2.515519,2.201011,WANDER,FORWARD,SUSCEPTIBLE
-2.488842,2.193103,WANDER,FORWARD,SUSCEPTIBLE
-2.460386,2.183604,WANDER,FORWARD,SUSCEPTIBLE
-2.431950,2.174044,WANDER,FORWARD,SUSCEPTIBLE
-2.403514,2.164484,WANDER,FORWARD,SUSCEPTIBLE
-2.375078,2.154924,WANDER,TURN_RIGHT,SUSCEPTIBLE
-2.358863,2.149472,WANDER,FORWARD,SUSCEPTIBLE
-2.334477,2.136073,WANDER,FORWARD,SUSCEPTIBLE
-2.308692,2.120740,WANDER,FORWARD,SUSCEPTIBLE
-2.282939,2.105351,WANDER,TURN_LEFT,SUSCEPTIBLE
-2.268254,2.096576,WANDER,TURN_RIGHT,SUSCEPTIBLE
-2.254266,2.091232,WANDER,FORWARD,SUSCEPTIBLE
-2.229890,2.077784,WANDER,FORWARD,SUSCEPTIBLE
-2.204105,2.062451,WANDER,FORWARD,SUSCEPTIBLE
-2.178352,2.047063,WANDER,FORWARD,SUSCEPTIBLE
-2.152600,2.031675,WANDER,TURN_LEFT,SUSCEPTIBLE
-2.137915,2.022900,WANDER,TURN_RIGHT,SUSCEPTIBLE
-2.123926,2.017555,WANDER,FORWARD,SUSCEPTIBLE
-2.099550,2.004108,WANDER,FORWARD,SUSCEPTIBLE
-2.073765,1.988775,WANDER,TURN_LEFT,SUSCEPTIBLE
-2.059080,1.980000,WANDER,FORWARD,SUSCEPTIBLE
-2.033044,1.970185,WANDER,FORWARD,SUSCEPTIBLE
-2.004629,1.960564,WANDER,TURN_LEFT,SUSCEPTIBLE
-1.988413,1.955113,WANDER,FORWARD,SUSCEPTIBLE
-1.960885,1.951059,WANDER,FORWARD,SUSCEPTIBLE
-1.931075,1.947701,WANDER,FORWARD,SUSCEPTIBLE
-1.901256,1.944406,WANDER,FORWARD,SUSCEPTIBLE
-1.871438,1.941111,WANDER,FORWARD,SUSCEPTIBLE
-1.841619,1.937817,WANDER,TURN_LEFT,SUSCEPTIBLE
-1.824615,1.935938,WANDER,TURN_LEFT,SUSCEPTIBLE
-1.809671,1.936890,WANDER,FORWARD,SUSCEPTIBLE
-1.782950,1.944594,WANDER,FORWARD,SUSCEPTIBLE
-1.754439,1.953928,WANDER,FORWARD,SUSCEPTIBLE
-1.725948,1.963323,WANDER,TURN_RIGHT,SUSCEPTIBLE
-1.709702,1.968680,WANDER,TURN_LEFT,SUSCEPTIBLE
-1.694884,1.970842,WANDER,FORWARD,SUSCEPTIBLE
-1.668160,1.978643,WANDER,FORWARD,SUSCEPTIBLE
-1.639650,1.987977,WANDER,FORWARD,SUSCEPTIBLE
-1.611159,1.997372,WANDER,FORWARD,SUSCEPTIBLE
-1.582668,2.006767,WANDER,FORWARD,SUSCEPTIBLE
-1.554177,2.016162,WANDER,TURN_LEFT,SUSCEPTIBLE
-1.537931,2.021520,WANDER,FORWARD,SUSCEPTIBLE
-1.513467,2.034778,WANDER,FORWARD,SUSCEPTIBLE
-1.487594,2.049961,WANDER,FORWARD,SUSCEPTIBLE
-1.461753,2.065200,WANDER,FORWARD,SUSCEPTIBLE
-1.435911,2.080439,WANDER,FORWARD,SUSCEPTIBLE
-1.410070,2.095677,WANDER,FORWARD,SUSCEPTIBLE
-1.384228,2.110916,WANDER,TURN_RIGHT,SUSCEPTIBLE
-1.369492,2.119606,WANDER,FORWARD,SUSCEPTIBLE
-1.343400,2.129269,WANDER,FORWARD,SUSCEPTIBLE
-1.314929,2.138725,WANDER,FORWARD,SUSCEPTIBLE
-1.286439,2.148120,WANDER,FORWARD,SUSCEPTIBLE
-1.257948,2.157516,WANDER,FORWARD,SUSCEPTIBLE
-1.229457,2.166911,WANDER,FORWARD,SUSCEPTIBLE
-1.200966,2.176306,WANDER,TURN_RIGHT,SUSCEPTIBLE
-1.184719,2.181663,WANDER,FORWARD,SUSCEPTIBLE
-1.157168,2.185557,WANDER,FORWARD,SUSCEPTIBLE
-1.127338,2.188742,WANDER,FORWARD,SUSCEPTIBLE
-1.097501,2.191864,WANDER,TURN_RIGHT,SUSCEPTIBLE
-1.080487,2.193644,WANDER,FORWARD,SUSCEPTIBLE
-1.052738,2.191590,WANDER,FORWARD,SUSCEPTIBLE
-1.022913,2.188360,WANDER,FORWARD,SUSCEPTIBLE
-0.993095,2.185065,WANDER,FORWARD,SUSCEPTIBLE
-0.963276,2.181770,WANDER,TURN_LEFT,SUSCEPTIBLE
-0.946272,2.179892,WANDER,FORWARD,SUSCEPTIBLE
-0.918512,2.181785,WANDER,TURN_LEFT,SUSCEPTIBLE
-0.901489,2.183475,WANDER,TURN_RIGHT,SUSCEPTIBLE
-0.887088,2.187583,WANDER,FORWARD,SUSCEPTIBLE
-0.859517,2.191433,WANDER,FORWARD,SUSCEPTIBLE
-0.829687,2.194618,WANDER,FORWARD,SUSCEPTIBLE
-0.799850,2.197740,WANDER,FORWARD,SUSCEPTIBLE
-0.770013,2.200862,WANDER,FORWARD,SUSCEPTIBLE
-0.740176,2.203983,WANDER,FORWARD,SUSCEPTIBLE
-0.710339,2.207105,WANDER,FORWARD,SUSCEPTIBLE
-0.680501,2.210226,WANDER,FORWARD,SUSCEPTIBLE
-0.650664,2.213348,WANDER,FORWARD,SUSCEPTIBLE
-0.620827,2.216470,WANDER,FORWARD,SUSCEPTIBLE
-0.590990,2.219591,WANDER,FORWARD,SUSCEPTIBLE
-0.561153,2.222713,WANDER,TURN_LEFT,SUSCEPTIBLE
-0.544139,2.224493,WANDER,FORWARD,SUSCEPTIBLE
-0.517416,2.232246,WANDER,FORWARD,SUSCEPTIBLE
-0.488905,2.241580,WANDER,FORWARD,SUSCEPTIBLE
-0.460414,2.250975,WANDER,FORWARD,SUSCEPTIBLE
-0.431923,2.260370,WANDER,FORWARD,SUSCEPTIBLE
-0.403433,2.269765,WANDER,FORWARD,SUSCEPTIBLE
-0.374942,2.279160,WANDER,FORWARD,SUSCEPTIBLE
-0.346451,2.288555,WANDER,FORWARD,SUSCEPTIBLE
-0.317960,2.297950,WANDER,FORWARD,SUSCEPTIBLE
-0.289469,2.307345,WANDER,TURN_LEFT,SUSCEPTIBLE
-0.273222,2.312703,WANDER,FORWARD,SUSCEPTIBLE
-0.248759,2.325961,WANDER,FORWARD,SUSCEPTIBLE
-0.222886,2.341144,WANDER,FORWARD,SUSCEPTIBLE
-0.197044,2.356383,WANDER,FORWARD,SUSCEPTIBLE
-0.171203,2.371622,WANDER,TURN_RIGHT,SUSCEPTIBLE
-0.156467,2.380311,WANDER,FORWARD,SUSCEPTIBLE
-0.130374,2.389975,WANDER,FORWARD,SUSCEPTIBLE
-0.101904,2.399431,WANDER,FORWARD,SUSCEPTIBLE
-0.073413,2.408826,WANDER,FORWARD,SUSCEPTIBLE
-0.044922,2.418221,WANDER,FORWARD,SUSCEPTIBLE
-0.016431,2.427616,WANDER,TURN_RIGHT,SUSCEPTIBLE
-0.000185,2.432974,WANDER,TURN_LEFT,SUSCEPTIBLE
0.014633,2.435135,WANDER,FORWARD,SUSCEPTIBLE
0.041357,2.442937,WANDER,FORWARD,SUSCEPTIBLE
0.069867,2.452271,WANDER,FORWARD,SUSCEPTIBLE
0.098358,2.461666,WANDER,FORWARD,SUSCEPTIBLE
0.126849,2.471061,WANDER,FORWARD,SUSCEPTIBLE
0.155340,2.480456,WANDER,FORWARD,SUSCEPTIBLE
0.183831,2.489851,WANDER,FORWARD,SUSCEPTIBLE
0.212322,2.499246,WANDER,FORWARD,SUSCEPTIBLE
0.240813,2.508641,WANDER,TURN_LEFT,SUSCEPTIBLE
0.257059,2.513998,WANDER,FORWARD,SUSCEPTIBLE
0.281523,2.527257,WANDER,FORWARD,SUSCEPTIBLE
0.307396,2.542440,WANDER,FORWARD,SUSCEPTIBLE
0.333237,2.557678,WANDER,FORWARD,SUSCEPTIBLE
0.359079,2.572917,WANDER,TURN_RIGHT,SUSCEPTIBLE
0.373815,2.581607,WANDER,FORWARD,SUSCEPTIBLE
0.399908,2.591271,WANDER,TURN_RIGHT,SUSCEPTIBLE
0.416125,2.596714,WANDER,FORWARD,SUSCEPTIBLE
0.443676,2.600607,WANDER,FORWARD,SUSCEPTIBLE
0.473506,2.603793,WANDER,FORWARD,SUSCEPTIBLE
0.503343,2.606915,WANDER,FORWARD,SUSCEPTIBLE
0.533180,2.610036,WANDER,FORWARD,SUSCEPTIBLE
0.563018,2.613158,WANDER,FORWARD,SUSCEPTIBLE
0.592855,2.616279,WANDER,TURN_RIGHT,SUSCEPTIBLE
0.609869,2.618060,WANDER,FORWARD,SUSCEPTIBLE
0.637618,2.616006,WANDER,FORWARD,SUSCEPTIBLE
0.667443,2.612775,WANDER,FORWARD,SUSCEPTIBLE
0.697261,2.609480,WANDER,FORWARD,SUSCEPTIBLE
0.727080,2.606186,DIR_RIGHT,TURN_RIGHT,SUSCEPTIBLE
0.744084,2.604307,DIR_RIGHT,TURN_RIGHT,SUSCEPTIBLE
0.758460,2.600115,DIR_RIGHT,TURN_RIGHT,SUSCEPTIBLE
0.771626,2.592993,DIR_RIGHT,TURN_RIGHT,SUSCEPTIBLE
0.782976,2.583234,WANDER,FORWARD,SUSCEPTIBLE
0.799616,2.560952,WANDER,TURN_RIGHT,SUSCEPTIBLE
0.809401,2.546920,WANDER,FORWARD,SUSCEPTIBLE
0.820886,2.521576,WANDER,FORWARD,SUSCEPTIBLE
0.832332,2.493846,WANDER,FORWARD,SUSCEPTIBLE
0.843719,2.466091,WANDER,TURN_LEFT,SUSCEPTIBLE
0.850212,2.450264,WANDER,FORWARD,SUSCEPTIBLE
0.865167,2.426800,WANDER,FORWARD,SUSCEPTIBLE
0.882143,2.402065,WANDER,FORWARD,SUSCEPTIBLE
0.899171,2.377367,WANDER,FORWARD,SUSCEPTIBLE
0.916200,2.352668,WANDER,FORWARD,SUSCEPTIBLE
0.933228,2.327969,WANDER,FORWARD,SUSCEPTIBLE
0.950257,2.303270,WANDER,TURN_RIGHT,SUSCEPTIBLE
0.959967,2.289186,WANDER,FORWARD,SUSCEPTIBLE
0.971452,2.263842,WANDER,FORWARD,SUSCEPTIBLE
0.982898,2.236112,WANDER,FORWARD,SUSCEPTIBLE
0.994285,2.208357,WANDER,TURN_RIGHT,SUSCEPTIBLE
1.000779,2.192530,WANDER,TURN_LEFT,SUSCEPTIBLE
1.003983,2.177902,WANDER,FORWARD,SUSCEPTIBLE
1.013655,2.151798,WANDER,FORWARD,SUSCEPTIBLE
1.024983,2.124019,WANDER,TURN_LEFT,SUSCEPTIBLE
1.031476,2.108192,WANDER,FORWARD,SUSCEPTIBLE
1.046431,2.084728,WANDER,FORWARD,SUSCEPTIBLE
1.063407,2.059993,WANDER,FORWARD,SUSCEPTIBLE
1.080435,2.035295,WANDER,FORWARD,SUSCEPTIBLE
1.097464,2.010596,WANDER,TURN_LEFT,SUSCEPTIBLE
1.107174,1.996512,WANDER,FORWARD,SUSCEPTIBLE
1.126777,1.976765,WANDER,FORWARD,SUSCEPTIBLE
1.148624,1.956205,WANDER,FORWARD,SUSCEPTIBLE
1.170515,1.935693,WANDER,FORWARD,SUSCEPTIBLE
1.192406,1.915180,WANDER,FORWARD,SUSCEPTIBLE
1.214298,1.894667,WANDER,FORWARD,SUSCEPTIBLE
1.236189,1.874154,WANDER,TURN_RIGHT,SUSCEPTIBLE
1.248672,1.862457,WANDER,FORWARD,SUSCEPTIBLE
1.265284,1.840135,WANDER,FORWARD,SUSCEPTIBLE
1.282365,1.815474,WANDER,FORWARD,SUSCEPTIBLE
1.299394,1.790775,WANDER,FORWARD,SUSCEPTIBLE
1.316422,1.766076,WANDER,FORWARD,SUSCEPTIBLE
1.333451,1.741377,WANDER,FORWARD,SUSCEPTIBLE
1.350479,1.716679,WANDER,FORWARD,SUSCEPTIBLE
1.367508,1.691980,WANDER,FORWARD,SUSCEPTIBLE
1.384536,1.667281,WANDER,FORWARD,SUSCEPTIBLE
1.401565,1.642582,WANDER,FORWARD,SUSCEPTIBLE
1.418593,1.617884,WANDER,FORWARD,SUSCEPTIBLE
1.435622,1.593185,WANDER,FORWARD,SUSCEPTIBLE
1.452651,1.568486,WANDER,FORWARD,SUSCEPTIBLE
1.469679,1.543787,WANDER,FORWARD,SUSCEPTIBLE
1.486708,1.519089,WANDER,FORWARD,SUSCEPTIBLE
1.503736,1.494390,DIR_RIGHT,TURN_RIGHT,SUSCEPTIBLE
1.513447,1.480306,DIR_RIGHT,TURN_RIGHT,SUSCEPTIBLE
1.519689,1.466694,DIR_RIGHT,TURN_RIGHT,SUSCEPTIBLE
1.522923,1.452078,DIR_RIGHT,TURN_RIGHT,SUSCEPTIBLE
1.522975,1.437109,DIR_RIGHT,TURN_RIGHT,SUSCEPTIBLE
1.519843,1.422471,DIR_RIGHT,TURN_RIGHT,SUSCEPTIBLE
1.513670,1.408835,DIR_RIGHT,TURN_RIGHT,SUSCEPTIBLE
1.504738,1.396822,DIR_RIGHT,TURN_RIGHT,SUSCEPTIBLE
1.493456,1.386984,FOLLOW,FORWARD,SUSCEPTIBLE
1.469024,1.373701,FOLLOW,FORWARD,SUSCEPTIBLE
1.442173,1.360322,FOLLOW,FORWARD,SUSCEPTIBLE
1.415293,1.347001,WANDER,FORWARD,SUSCEPTIBLE
1.388413,1.333679,WANDER,FORWARD,SUSCEPTIBLE
1.361533,1.320357,WANDER,FORWARD,SUSCEPTIBLE
1.334653,1.307036,WANDER,FORWARD,SUSCEPTIBLE
1.307773,1.293714,WANDER,FORWARD,SUSCEPTIBLE
1.280893,1.280392,WANDER,FORWARD,SUSCEPTIBLE
1.254013,1.267071,WANDER,FORWARD,SUSCEPTIBLE
1.227133,1.253749,WANDER,TURN_RIGHT,SUSCEPTIBLE
1.211805,1.246152,WANDER,TURN_RIGHT,SUSCEPTIBLE
1.197441,1.241921,WANDER,FORWARD,SUSCEPTIBLE
1.169698,1.239993,WANDER,FORWARD,SUSCEPTIBLE
1.139716,1.238982,WANDER,FORWARD,SUSCEPTIBLE
1.109731,1.238036,WANDER,FORWARD,SUSCEPTIBLE
1.079746,1.237090,WANDER,FORWARD,SUSCEPTIBLE
1.049761,1.236143,WANDER,FORWARD,SUSCEPTIBLE
1.019776,1.235197,WANDER,FORWARD,SUSCEPTIBLE
0.989791,1.234251,WANDER,FORWARD,SUSCEPTIBLE
0.959806,1.233304,WANDER,TURN_LEFT,SUSCEPTIBLE
0.942707,1.232765,DIR_RIGHT,TURN_RIGHT,SUSCEPTIBLE
0.928046,1.229713,DIR_RIGHT,TURN_RIGHT,SUSCEPTIBLE
0.913103,1.228665,DIR_RIGHT,TURN_RIGHT,SUSCEPTIBLE
0.898280,1.230753,DIR_RIGHT,TURN_RIGHT,SUSCEPTIBLE
0.884241,1.235946,DIR_RIGHT,TURN_RIGHT,SUSCEPTIBLE
0.871627,1.244006,DIR_RIGHT,TURN_RIGHT,SUSCEPTIBLE
0.861015,1.254564,DIR_RIGHT,TURN_RIGHT,SUSCEPTIBLE
0.852891,1.267137,DIR_RIGHT,TURN_RIGHT,SUSCEPTIBLE
0.847627,1.281150,DIR_RIGHT,TURN_RIGHT,SUSCEPTIBLE
0.845463,1.295961,DIR_RIGHT,TURN_RIGHT,SUSCEPTIBLE
0.846498,1.310895,WANDER,FORWARD,SUSCEPTIBLE
0.854407,1.337556,WANDER,FORWARD,SUSCEPTIBLE
0.863960,1.365993,WANDER,TURN_RIGHT,SUSCEPTIBLE
0.869442,1.382198,WANDER,FORWARD,SUSCEPTIBLE
0.882888,1.406559,WANDER,FORWARD,SUSCEPTIBLE
0.898270,1.432314,WANDER,TURN_RIGHT,SUSCEPTIBLE
0.907073,1.446983,WANDER,FORWARD,SUSCEPTIBLE
0.925392,1.467927,WANDER,FORWARD,SUSCEPTIBLE
0.945899,1.489823,WANDER,FORWARD,SUSCEPTIBLE
0.966453,1.511675,WANDER,TURN_LEFT,SUSCEPTIBLE
0.978174,1.524136,WANDER,TURN_LEFT,SUSCEPTIBLE
0.986394,1.536653,WANDER,FORWARD,SUSCEPTIBLE
0.996297,1.562639,WANDER,FORWARD,SUSCEPTIBLE
1.005971,1.591036,WANDER,FORWARD,SUSCEPTIBLE
1.015585,1.619453,WANDER,FORWARD,SUSCEPTIBLE
1.025199,1.647871,WANDER,FORWARD,SUSCEPTIBLE
1.034814,1.676289,WANDER,FORWARD,SUSCEPTIBLE
1.044428,1.704707,WANDER,FORWARD,SUSCEPTIBLE
1.054042,1.733125,WANDER,FORWARD,SUSCEPTIBLE
1.063656,1.761542,WANDER,FORWARD,SUSCEPTIBLE
1.073270,1.789960,WANDER,FORWARD,SUSCEPTIBLE
1.082884,1.818378,WANDER,FORWARD,SUSCEPTIBLE
1.092498,1.846796,WANDER,FORWARD,SUSCEPTIBLE
1.102112,1.875213,WANDER,FORWARD,SUSCEPTIBLE
1.111726,1.903631,WANDER,FORWARD,SUSCEPTIBLE
1.121340,1.932049,WANDER,FORWARD,SUSCEPTIBLE
1.130954,1.960467,WANDER,FORWARD,SUSCEPTIBLE
1.140569,1.988884,WANDER,FORWARD,SUSCEPTIBLE
1.150183,2.017302,WANDER,FORWARD,SUSCEPTIBLE
1.159797,2.045720,WANDER,FORWARD,SUSCEPTIBLE
1.169411,2.074138,WANDER,FORWARD,SUSCEPTIBLE
1.179025,2.102555,WANDER,FORWARD,SUSCEPTIBLE
1.188639,2.130973,WANDER,FORWARD,SUSCEPTIBLE
1.198253,2.159391,WANDER,FORWARD,SUSCEPTIBLE
1.207867,2.187809,WANDER,TURN_RIGHT,SUSCEPTIBLE
1.213349,2.204014,WANDER,FORWARD,SUSCEPTIBLE
1.226796,2.228374,WANDER,FORWARD,SUSCEPTIBLE
1.242177,2.254130,WANDER,FORWARD,SUSCEPTIBLE
1.257615,2.279853,DIR_RIGHT,TURN_RIGHT,SUSCEPTIBLE
1.266417,2.294522,DIR_RIGHT,TURN_RIGHT,SUSCEPTIBLE
1.276226,2.305837,DIR_RIGHT,TURN_RIGHT,SUSCEPTIBLE
1.288193,2.314830,DIR_RIGHT,TURN_RIGHT,SUSCEPTIBLE
1.301798,2.321073,DIR_RIGHT,TURN_RIGHT,SUSCEPTIBLE
1.316420,2.324279,DIR_RIGHT,TURN_RIGHT,SUSCEPTIBLE
1.331389,2.324303,DIR_RIGHT,TURN_RIGHT,SUSCEPTIBLE
1.346020,2.321143,DIR_RIGHT,TURN_RIGHT,SUSCEPTIBLE
1.359646,2.314944,DIR_RIGHT,TURN_RIGHT,SUSCEPTIBLE
1.371641,2.305990,WANDER,FORWARD,SUSCEPTIBLE
1.389775,2.284906,WANDER,TURN_RIGHT,SUSCEPTIBLE
1.400503,2.271581,WANDER,FORWARD,SUSCEPTIBLE
1.413705,2.247088,WANDER,FORWARD,SUSCEPTIBLE
1.427033,2.220212,WANDER,TURN_LEFT,SUSCEPTIBLE
1.434601,2.204869,WANDER,TURN_LEFT,SUSCEPTIBLE
1.443446,2.192786,WANDER,TURN_LEFT,SUSCEPTIBLE
1.454633,2.182840,WANDER,FORWARD,SUSCEPTIBLE
1.478936,2.169323,WANDER,FORWARD,SUSCEPTIBLE
1.505658,2.155687,WANDER,TURN_LEFT,SUSCEPTIBLE
1.520912,2.147944,WANDER,FORWARD,SUSCEPTIBLE
1.547562,2.139945,WANDER,FORWARD,SUSCEPTIBLE
1.576572,2.132303,WANDER,FORWARD,SUSCEPTIBLE
1.605599,2.124724,WANDER,FORWARD,SUSCEPTIBLE
1.634625,2.117144,WANDER,FORWARD,SUSCEPTIBLE
1.663652,2.109564,WANDER,FORWARD,SUSCEPTIBLE
1.692679,2.101984,WANDER,FORWARD,SUSCEPTIBLE
1.721705,2.094404,WANDER,FORWARD,SUSCEPTIBLE
1.750732,2.086824,WANDER,FORWARD,SUSCEPTIBLE
1.779759,2.079245,WANDER,FORWARD,SUSCEPTIBLE
1.808785,2.071665,WANDER,FORWARD,SUSCEPTIBLE
1.837812,2.064085,WANDER,FORWARD,SUSCEPTIBLE
1.866839,2.056505,WANDER,FORWARD,SUSCEPTIBLE
1.895865,2.048925,WANDER,FORWARD,SUSCEPTIBLE
1.924892,2.041346,WANDER,FORWARD,SUSCEPTIBLE
1.953919,2.033766,WANDER,FORWARD,SUSCEPTIBLE
1.982945,2.026186,WANDER,FORWARD,SUSCEPTIBLE
2.011972,2.018606,WANDER,TURN_RIGHT,SUSCEPTIBLE
2.028524,2.014284,WANDER,FORWARD,SUSCEPTIBLE
2.053774,2.002595,WANDER,FORWARD,SUSCEPTIBLE
2.080554,1.989073,WANDER,FORWARD,SUSCEPTIBLE
2.107305,1.975494,WANDER,TURN_LEFT,SUSCEPTIBLE
2.122559,1.967751,WANDER,TURN_RIGHT,SUSCEPTIBLE
2.136883,1.963382,WANDER,FORWARD,SUSCEPTIBLE
2.162126,1.951645,WANDER,FORWARD,SUSCEPTIBLE
2.188906,1.938124,WANDER,TURN_RIGHT,SUSCEPTIBLE
2.204160,1.930380,WANDER,FORWARD,SUSCEPTIBLE
2.226347,1.913589,WANDER,FORWARD,SUSCEPTIBLE
2.249639,1.894682,WANDER,FORWARD,SUSCEPTIBLE
2.272891,1.875725,WANDER,FORWARD,SUSCEPTIBLE
2.296142,1.856768,WANDER,FORWARD,SUSCEPTIBLE
2.319394,1.837812,WANDER,FORWARD,SUSCEPTIBLE
2.342645,1.818855,WANDER,FORWARD,SUSCEPTIBLE
2.365897,1.799898,WANDER,FORWARD,SUSCEPTIBLE
2.389148,1.780941,WANDER,TURN_LEFT,SUSCEPTIBLE
2.402407,1.770131,WANDER,FORWARD,SUSCEPTIBLE
2.426747,1.756648,WANDER,TURN_LEFT,SUSCEPTIBLE
2.441960,1.748824,WANDER,FORWARD,SUSCEPTIBLE
2.468610,1.740825,WANDER,FORWARD,SUSCEPTIBLE
2.497620,1.733183,WANDER,FORWARD,SUSCEPTIBLE
2.526647,1.725603,WANDER,FORWARD,SUSCEPTIBLE
2.555673,1.718024,WANDER,FORWARD,SUSCEPTIBLE
2.584700,1.710444,WANDER,FORWARD,SUSCEPTIBLE
2.613727,1.702864,WANDER,FORWARD,SUSCEPTIBLE
2.642753,1.695284,WANDER,TURN_LEFT,SUSCEPTIBLE
2.659305,1.690962,WANDER,FORWARD,SUSCEPTIBLE
2.687047,1.688813,DIR_RIGHT,TURN_RIGHT,SUSCEPTIBLE
2.704136,1.688019,DIR_RIGHT,TURN_RIGHT,SUSCEPTIBLE
2.718766,1.684827,DIR_RIGHT,TURN_RIGHT,SUSCEPTIBLE
2.732392,1.678628,DIR_RIGHT,TURN_RIGHT,SUSCEPTIBLE
2.744387,1.669674,DIR_RIGHT,TURN_RIGHT,SUSCEPTIBLE
2.754204,1.658373,DIR_RIGHT,TURN_RIGHT,SUSCEPTIBLE
2.761393,1.645243,DIR_RIGHT,TURN_RIGHT,SUSCEPTIBLE
2.765626,1.630885,DIR_RIGHT,TURN_RIGHT,SUSCEPTIBLE
2.766708,1.615955,DIR_RIGHT,TURN_RIGHT,SUSCEPTIBLE
2.764592,1.601137,DIR_RIGHT,TURN_RIGHT,SUSCEPTIBLE
2.759372,1.587107,DIR_RIGHT,TURN_RIGHT,SUSCEPTIBLE
2.751288,1.574508,DIR_RIGHT,TURN_RIGHT,SUSCEPTIBLE
2.740710,1.563917,DIR_RIGHT,TURN_RIGHT,SUSCEPTIBLE
2.728122,1.555817,DIR_RIGHT,TURN_RIGHT,SUSCEPTIBLE
2.714099,1.550579,FOLLOW,FORWARD,SUSCEPTIBLE
2.686555,1.546746,FOLLOW,FORWARD,SUSCEPTIBLE
2.656714,1.543673,WANDER,FORWARD,SUSCEPTIBLE
2.626865,1.540665,WANDER,FORWARD,SUSCEPTIBLE
2.597016,1.537656,WANDER,TURN_LEFT,SUSCEPTIBLE
2.579995,1.535941,WANDER,FORWARD,SUSCEPTIBLE
2.553243,1.528289,DIR_LEFT,TURN_LEFT,SUSCEPTIBLE
2.536949,1.523080,DIR_LEFT,TURN_LEFT,SUSCEPTIBLE
2.523725,1.516053,DIR_LEFT,TURN_LEFT,SUSCEPTIBLE
2.512281,1.506404,DIR_LEFT,TURN_LEFT,SUSCEPTIBLE
2.503151,1.494541,WANDER,FORWARD,SUSCEPTIBLE
2.491388,1.469342,WANDER,FORWARD,SUSCEPTIBLE
2.479677,1.441723,WANDER,FORWARD,SUSCEPTIBLE
2.468024,1.414079,WANDER,FORWARD,SUSCEPTIBLE
2.456371,1.386434,WANDER,FORWARD,SUSCEPTIBLE
2.444719,1.358790,WANDER,FORWARD,SUSCEPTIBLE
2.433066,1.331145,WANDER,FORWARD,SUSCEPTIBLE
2.421413,1.303501,WANDER,FORWARD,SUSCEPTIBLE
2.409761,1.275857,WANDER,FORWARD,SUSCEPTIBLE
2.398108,1.248212,WANDER,FORWARD,SUSCEPTIBLE
2.386455,1.220568,WANDER,FORWARD,SUSCEPTIBLE
2.374803,1.192923,WANDER,TURN_LEFT,SUSCEPTIBLE
2.368158,1.177159,WANDER,FORWARD,SUSCEPTIBLE
2.362064,1.150010,WANDER,FORWARD,SUSCEPTIBLE
2.356494,1.120532,WANDER,TURN_LEFT,SUSCEPTIBLE
2.353353,1.103716,WANDER,FORWARD,SUSCEPTIBLE
2.353172,1.075892,WANDER,FORWARD,SUSCEPTIBLE
2.353997,1.045904,WANDER,FORWARD,SUSCEPTIBLE
2.354886,1.015917,WANDER,FORWARD,SUSCEPTIBLE
2.355776,0.985930,WANDER,FORWARD,SUSCEPTIBLE
2.356665,0.955943,WANDER,FORWARD,SUSCEPTIBLE
2.357555,0.925956,WANDER,FORWARD,SUSCEPTIBLE
2.358444,0.895970,WANDER,FORWARD,SUSCEPTIBLE
2.359334,0.865983,WANDER,FORWARD,SUSCEPTIBLE
2.360223,0.835996,WANDER,FORWARD,SUSCEPTIBLE
2.361113,0.806009,WANDER,FORWARD,SUSCEPTIBLE
2.362002,0.776022,WANDER,TURN_RIGHT,SUSCEPTIBLE
2.362509,0.758923,WANDER,TURN_LEFT,SUSCEPTIBLE
2.360360,0.744103,WANDER,FORWARD,SUSCEPTIBLE
2.360226,0.716264,WANDER,TURN_RIGHT,SUSCEPTIBLE
2.360643,0.699162,WANDER,FORWARD,SUSCEPTIBLE
2.356526,0.671644,WANDER,FORWARD,SUSCEPTIBLE
2.351082,0.642142,WANDER,FORWARD,SUSCEPTIBLE
2.345575,0.612652,WANDER,FORWARD,SUSCEPTIBLE
2.340067,0.583162,WANDER,TURN_RIGHT,SUSCEPTIBLE
2.336926,0.566346,WANDER,FORWARD,SUSCEPTIBLE
2.327053,0.540332,WANDER,FORWARD,SUSCEPTIBLE
2.315460,0.512663,WANDER,FORWARD,SUSCEPTIBLE
2.303807,0.485019,WANDER,TURN_RIGHT,SUSCEPTIBLE
2.297162,0.469255,WANDER,FORWARD,SUSCEPTIBLE
