0.220335,2.272970,TARGET_FOLLOW,FOLLOW
0.239876,2.272970,TARGET_FOLLOW,FOLLOW
0.261598,2.268299,TARGET_FOLLOW,FOLLOW
0.280384,2.260260,TARGET_FOLLOW,FOLLOW
0.296614,2.250776,TARGET_FOLLOW,FOLLOW
0.310869,2.240937,TARGET_FOLLOW,FOLLOW
0.323653,2.231253,TARGET_FOLLOW,FOLLOW
0.335337,2.221940,TARGET_FOLLOW,FOLLOW
0.346181,2.213073,TARGET_FOLLOW,FOLLOW
0.356364,2.204662,TARGET_FOLLOW,FOLLOW
0.366016,2.196685,TARGET_FOLLOW,FOLLOW
0.375231,2.189108,TARGET_FOLLOW,FOLLOW
0.384080,2.181896,TARGET_FOLLOW,FOLLOW
0.392620,2.175011,TARGET_FOLLOW,FOLLOW
0.400894,2.168422,TARGET_FOLLOW,FOLLOW
0.408940,2.162097,TARGET_FOLLOW,FOLLOW
0.416787,2.156012,TARGET_FOLLOW,FOLLOW
0.424463,2.150141,TARGET_FOLLOW,FOLLOW
0.431987,2.144465,TARGET_FOLLOW,FOLLOW
0.439381,2.138965,TARGET_FOLLOW,FOLLOW
0.446660,2.133626,TARGET_FOLLOW,FOLLOW
0.453838,2.128433,TARGET_FOLLOW,FOLLOW
0.460929,2.123375,TARGET_FOLLOW,FOLLOW
0.467944,2.118440,TARGET_FOLLOW,FOLLOW
0.474893,2.113619,TARGET_FOLLOW,FOLLOW
0.481784,2.108903,TARGET_FOLLOW,FOLLOW
0.488626,2.104284,OBSTACLE_AND_TARGET_DETECTED,AVOID
0.494543,2.100343,TARGET_FOLLOW,FOLLOW
0.502469,2.099651,TARGET_FOLLOW,FOLLOW
0.510548,2.098427,TARGET_FOLLOW,FOLLOW
0.518318,2.095971,OBSTACLE_AND_TARGET_DETECTED,AVOID
0.524834,2.093136,TARGET_FOLLOW,FOLLOW
0.532731,2.093678,TARGET_FOLLOW,FOLLOW
0.540889,2.093337,TARGET_FOLLOW,FOLLOW
0.548833,2.091403,TARGET_FOLLOW,FOLLOW
0.556428,2.088454,OBSTACLE_AND_TARGET_DETECTED,AVOID
0.562823,2.085384,TARGET_FOLLOW,FOLLOW
0.570718,2.085674,TARGET_FOLLOW,FOLLOW
0.578844,2.085172,TARGET_FOLLOW,FOLLOW
0.586741,2.083170,OBSTACLE_AND_TARGET_DETECTED,AVOID
0.593347,2.080595,TARGET_FOLLOW,FOLLOW
0.601240,2.081416,TARGET_FOLLOW,FOLLOW
0.609435,2.081291,TARGET_FOLLOW,FOLLOW
0.617452,2.079504,TARGET_FOLLOW,FOLLOW
0.625128,2.076652,TARGET_FOLLOW,FOLLOW
0.632498,2.073212,TARGET_FOLLOW,FOLLOW
0.639645,2.069461,TARGET_FOLLOW,FOLLOW
0.646640,2.065555,TARGET_FOLLOW,FOLLOW
0.653534,2.061584,OBSTACLE_AND_TARGET_DETECTED,AVOID
0.659641,2.058019,TARGET_FOLLOW,FOLLOW
0.667372,2.057775,TARGET_FOLLOW,FOLLOW
0.675284,2.056990,OBSTACLE_AND_TARGET_DETECTED,AVOID
0.682118,2.055191,TARGET_FOLLOW,FOLLOW
0.689767,2.056804,TARGET_FOLLOW,FOLLOW
0.697849,2.057327,TARGET_FOLLOW,FOLLOW
0.705893,2.056020,TARGET_FOLLOW,FOLLOW
0.713648,2.053525,TARGET_FOLLOW,FOLLOW
0.721110,2.050364,TARGET_FOLLOW,FOLLOW
0.728352,2.046842,TARGET_FOLLOW,FOLLOW
0.735441,2.043135,TARGET_FOLLOW,FOLLOW
0.742430,2.039342,OBSTACLE_AND_TARGET_DETECTED,AVOID
0.754032,2.032933,TARGET_FOLLOW,FOLLOW
0.761957,2.032524,TARGET_FOLLOW,FOLLOW
0.769413,2.031958,OBSTACLE_AND_TARGET_DETECTED,AVOID
0.776238,2.030316,TARGET_FOLLOW,FOLLOW
0.783475,2.031993,TARGET_FOLLOW,FOLLOW
0.791132,2.032657,TARGET_FOLLOW,FOLLOW
0.798821,2.031577,TARGET_FOLLOW,FOLLOW
0.806290,2.029351,OBSTACLE_AND_TARGET_DETECTED,AVOID
0.812852,2.026743,TARGET_FOLLOW,FOLLOW
0.820454,2.027524,TARGET_FOLLOW,FOLLOW
0.828336,2.027528,TARGET_FOLLOW,FOLLOW
0.836114,2.026027,OBSTACLE_AND_TARGET_DETECTED,AVOID
0.842844,2.023817,TARGET_FOLLOW,FOLLOW
0.850525,2.025030,TARGET_FOLLOW,FOLLOW
0.858557,2.025329,TARGET_FOLLOW,FOLLOW
0.866521,2.023973,TARGET_FOLLOW,FOLLOW
0.874222,2.021540,TARGET_FOLLOW,FOLLOW
0.881667,2.018498,TARGET_FOLLOW,FOLLOW
0.888920,2.015124,TARGET_FOLLOW,FOLLOW
0.896043,2.011578,TARGET_FOLLOW,FOLLOW
0.903080,2.007950,TARGET_FOLLOW,FOLLOW
0.910061,2.004294,OBSTACLE_AND_TARGET_DETECTED,AVOID
0.916331,2.000997,TARGET_FOLLOW,FOLLOW
0.924025,2.001097,TARGET_FOLLOW,FOLLOW
0.931931,2.000679,OBSTACLE_AND_TARGET_DETECTED,AVOID
0.938843,1.999202,TARGET_FOLLOW,FOLLOW
0.946401,2.001171,TARGET_FOLLOW,FOLLOW
0.954450,2.002074,TARGET_FOLLOW,FOLLOW
0.962558,2.001144,TARGET_FOLLOW,FOLLOW
0.970443,1.999007,TARGET_FOLLOW,FOLLOW
0.978073,1.996182,TARGET_FOLLOW,FOLLOW
0.985504,1.992978,TARGET_FOLLOW,FOLLOW
0.992795,1.989575,OBSTACLE_AND_TARGET_DETECTED,AVOID
0.999163,1.986479,TARGET_FOLLOW,FOLLOW
1.006991,1.986816,TARGET_FOLLOW,FOLLOW
1.015060,1.986576,OBSTACLE_AND_TARGET_DETECTED,AVOID
1.022004,1.985224,TARGET_FOLLOW,FOLLOW
1.029659,1.987363,TARGET_FOLLOW,FOLLOW
1.037847,1.988401,TARGET_FOLLOW,FOLLOW
1.046115,1.987554,TARGET_FOLLOW,FOLLOW
1.054158,1.985465,TARGET_FOLLOW,FOLLOW
1.061940,1.982669,TARGET_FOLLOW,FOLLOW
1.069513,1.979484,TARGET_FOLLOW,FOLLOW
1.076939,1.976095,OBSTACLE_AND_TARGET_DETECTED,AVOID
1.083344,1.973046,TARGET_FOLLOW,FOLLOW
1.091265,1.973456,TARGET_FOLLOW,FOLLOW
1.099440,1.973277,OBSTACLE_AND_TARGET_DETECTED,AVOID
1.106416,1.971975,TARGET_FOLLOW,FOLLOW
1.114140,1.974201,TARGET_FOLLOW,FOLLOW
1.122416,1.975312,TARGET_FOLLOW,FOLLOW
1.130781,1.974515,TARGET_FOLLOW,FOLLOW
1.138923,1.972462,TARGET_FOLLOW,FOLLOW
1.146801,1.969691,TARGET_FOLLOW,FOLLOW
1.154465,1.966528,TARGET_FOLLOW,FOLLOW
1.161978,1.963157,TARGET_FOLLOW,FOLLOW
1.169383,1.959687,OBSTACLE_AND_TARGET_DETECTED,AVOID
1.175808,1.956614,TARGET_FOLLOW,FOLLOW
1.183747,1.957022,TARGET_FOLLOW,FOLLOW
1.191937,1.956868,OBSTACLE_AND_TARGET_DETECTED,AVOID
1.198929,1.955605,TARGET_FOLLOW,FOLLOW
1.206652,1.957884,TARGET_FOLLOW,FOLLOW
1.214933,1.959061,TARGET_FOLLOW,FOLLOW
1.223320,1.958334,TARGET_FOLLOW,FOLLOW
1.231495,1.956351,TARGET_FOLLOW,FOLLOW
1.239414,1.953650,TARGET_FOLLOW,FOLLOW
1.247124,1.950553,TARGET_FOLLOW,FOLLOW
1.254684,1.947247,OBSTACLE_AND_TARGET_DETECTED,AVOID
1.261152,1.944293,TARGET_FOLLOW,FOLLOW
1.269144,1.944837,TARGET_FOLLOW,FOLLOW
1.277406,1.944785,OBSTACLE_AND_TARGET_DETECTED,AVOID
1.284405,1.943591,TARGET_FOLLOW,FOLLOW
1.292166,1.945960,TARGET_FOLLOW,FOLLOW
1.300508,1.947209,TARGET_FOLLOW,FOLLOW
1.308967,1.946528,TARGET_FOLLOW,FOLLOW
1.317217,1.944574,TARGET_FOLLOW,FOLLOW
1.325206,1.941890,TARGET_FOLLOW,FOLLOW
1.332983,1.938806,TARGET_FOLLOW,FOLLOW
1.340605,1.935511,OBSTACLE_AND_TARGET_DETECTED,AVOID
1.347087,1.932581,TARGET_FOLLOW,FOLLOW
1.355121,1.933161,TARGET_FOLLOW,FOLLOW
1.362957,1.933148,OBSTACLE_AND_TARGET_DETECTED,AVOID
1.369922,1.931970,TARGET_FOLLOW,FOLLOW
1.377280,1.934214,TARGET_FOLLOW,FOLLOW
1.385191,1.935400,TARGET_FOLLOW,FOLLOW
1.393262,1.934740,TARGET_FOLLOW,FOLLOW
1.401175,1.932841,TARGET_FOLLOW,FOLLOW
1.408874,1.930218,TARGET_FOLLOW,FOLLOW
1.416401,1.927184,TARGET_FOLLOW,FOLLOW
1.423807,1.923922,OBSTACLE_AND_TARGET_DETECTED,AVOID
1.430249,1.920946,TARGET_FOLLOW,FOLLOW
1.438150,1.921443,TARGET_FOLLOW,FOLLOW
1.446330,1.921342,OBSTACLE_AND_TARGET_DETECTED,AVOID
1.453322,1.920091,TARGET_FOLLOW,FOLLOW
1.461074,1.922385,TARGET_FOLLOW,FOLLOW
1.469411,1.923548,TARGET_FOLLOW,FOLLOW
1.477866,1.922767,TARGET_FOLLOW,FOLLOW
1.486112,1.920696,TARGET_FOLLOW,FOLLOW
1.494098,1.917881,TARGET_FOLLOW,FOLLOW
1.501874,1.914649,TARGET_FOLLOW,FOLLOW
1.509498,1.911191,OBSTACLE_AND_TARGET_DETECTED,AVOID
1.515931,1.908136,OBSTACLE_AND_TARGET_DETECTED,AVOID
1.522812,1.908447,OBSTACLE_AND_TARGET_DETECTED,AVOID
1.533038,1.916581,OBSTACLE_AND_TARGET_DETECTED,AVOID
1.537385,1.929691,TARGET_FOLLOW,FOLLOW
1.534865,1.939148,OBSTACLE_AND_TARGET_DETECTED,AVOID
1.536333,1.952568,TARGET_FOLLOW,FOLLOW
1.532867,1.964248,OBSTACLE_AND_TARGET_DETECTED,AVOID
1.534244,1.977883,TARGET_FOLLOW,FOLLOW
1.529797,1.992313,OBSTACLE_AND_TARGET_DETECTED,AVOID
1.531060,2.006212,TARGET_FOLLOW,FOLLOW
1.525460,2.024002,OBSTACLE_AND_TARGET_DETECTED,AVOID
1.526521,2.038253,TARGET_FOLLOW,FOLLOW
1.519754,2.059837,OBSTACLE_AND_TARGET_DETECTED,AVOID
1.519346,2.069207,TARGET_FOLLOW,FOLLOW
1.511504,2.093026,TARGET_FOLLOW,FOLLOW
1.514103,2.124914,TARGET_FOLLOW,FOLLOW
1.535062,2.152238,OBSTACLE_AND_TARGET_DETECTED,AVOID
1.550775,2.160109,OBSTACLE_AND_TARGET_DETECTED,AVOID
1.566142,2.172973,OBSTACLE_AND_TARGET_DETECTED,AVOID
1.569815,2.181185,TARGET_FOLLOW,FOLLOW
1.559534,2.209985,TARGET_FOLLOW,FOLLOW
1.561033,2.249601,OBSTACLE_AND_TARGET_DETECTED,AVOID
1.565696,2.263695,TARGET_FOLLOW,FOLLOW
1.574105,2.295880,OBSTACLE_AND_TARGET_DETECTED,AVOID
1.580010,2.310316,TARGET_FOLLOW,FOLLOW
1.588324,2.342210,OBSTACLE_AND_TARGET_DETECTED,AVOID
1.594235,2.356459,TARGET_FOLLOW,FOLLOW
1.602253,2.387183,TARGET_FOLLOW,FOLLOW
1.610649,2.403006,TARGET_FOLLOW,FOLLOW
1.614397,2.416456,TARGET_FOLLOW,FOLLOW
1.609764,2.430435,TARGET_FOLLOW,FOLLOW
1.597762,2.439525,TARGET_FOLLOW,FOLLOW
1.582998,2.440661,TARGET_FOLLOW,FOLLOW
1.570212,2.436465,TARGET_FOLLOW,FOLLOW
1.560229,2.430083,TARGET_FOLLOW,FOLLOW
1.552411,2.423112,TARGET_FOLLOW,FOLLOW
1.546078,2.416175,TARGET_FOLLOW,FOLLOW
1.540767,2.409492,TARGET_FOLLOW,FOLLOW
1.536181,2.403123,TARGET_FOLLOW,FOLLOW
1.532136,2.397070,TARGET_FOLLOW,FOLLOW
1.528515,2.391319,TARGET_FOLLOW,FOLLOW
1.525357,2.386052,TARGET_FOLLOW,FOLLOW
1.522576,2.381212,TARGET_FOLLOW,FOLLOW
1.520074,2.376682,TARGET_FOLLOW,FOLLOW
1.517788,2.372373,TARGET_FOLLOW,FOLLOW
1.515767,2.368417,TARGET_FOLLOW,FOLLOW
1.513966,2.364759,TARGET_FOLLOW,FOLLOW
1.512328,2.361297,TARGET_FOLLOW,FOLLOW
1.510811,2.357957,TARGET_FOLLOW,FOLLOW
1.509393,2.354693,TARGET_FOLLOW,FOLLOW
1.508061,2.351481,TARGET_FOLLOW,FOLLOW
1.506806,2.348304,TARGET_FOLLOW,FOLLOW
1.505625,2.345165,TARGET_FOLLOW,FOLLOW
1.504556,2.342183,TARGET_FOLLOW,FOLLOW
1.503585,2.339339,TARGET_FOLLOW,FOLLOW
1.502692,2.336578,TARGET_FOLLOW,FOLLOW
1.501900,2.333997,TARGET_FOLLOW,FOLLOW
1.501192,2.331558,TARGET_FOLLOW,FOLLOW
1.500546,2.329194,TARGET_FOLLOW,FOLLOW
1.499948,2.326855,TARGET_FOLLOW,FOLLOW
1.499391,2.324514,TARGET_FOLLOW,FOLLOW
1.498872,2.322155,TARGET_FOLLOW,FOLLOW
1.498388,2.319770,TARGET_FOLLOW,FOLLOW
1.497941,2.317365,TARGET_FOLLOW,FOLLOW
1.497544,2.315034,TARGET_FOLLOW,FOLLOW
1.497194,2.312765,TARGET_FOLLOW,FOLLOW
1.496884,2.310523,TARGET_FOLLOW,FOLLOW
1.496622,2.308386,TARGET_FOLLOW,FOLLOW
1.496595,2.308170,TARGET_FOLLOW,FOLLOW
1.496595,2.308166,TARGET_FOLLOW,FOLLOW
1.496454,2.306239,TARGET_FOLLOW,FOLLOW
1.496326,2.304075,TARGET_FOLLOW,FOLLOW
1.496314,2.303855,TARGET_FOLLOW,FOLLOW
1.496314,2.303851,TARGET_FOLLOW,FOLLOW
1.496292,2.301910,TARGET_FOLLOW,FOLLOW
1.496299,2.299734,TARGET_FOLLOW,FOLLOW
1.496301,2.299513,TARGET_FOLLOW,FOLLOW
1.496301,2.299508,TARGET_FOLLOW,FOLLOW
1.497742,2.269546,TARGET_FOLLOW,FOLLOW
1.507267,2.228373,TARGET_FOLLOW,FOLLOW
1.510264,2.216493,TARGET_FOLLOW,FOLLOW
1.510265,2.216489,TARGET_FOLLOW,FOLLOW
1.510266,2.216485,TARGET_FOLLOW,FOLLOW
1.510266,2.216481,TARGET_FOLLOW,FOLLOW
1.510267,2.216477,TARGET_FOLLOW,FOLLOW
1.510267,2.216472,TARGET_FOLLOW,FOLLOW
1.510267,2.216468,TARGET_FOLLOW,FOLLOW
1.510267,2.216464,TARGET_FOLLOW,FOLLOW
1.510267,2.216460,TARGET_FOLLOW,FOLLOW
1.510267,2.216455,TARGET_FOLLOW,FOLLOW
1.510267,2.216451,TARGET_FOLLOW,FOLLOW
1.510267,2.216447,TARGET_FOLLOW,FOLLOW
1.509407,2.196701,OBSTACLE_AND_TARGET_DETECTED,AVOID
1.509217,2.187075,OBSTACLE_AND_TARGET_DETECTED,AVOID
1.512537,2.180870,OBSTACLE_AND_TARGET_DETECTED,AVOID
1.524423,2.175077,OBSTACLE_AND_TARGET_DETECTED,AVOID
1.538015,2.176780,OBSTACLE_AND_TARGET_DETECTED,AVOID
1.548264,2.185962,OBSTACLE_AND_TARGET_DETECTED,AVOID
1.550411,2.193370,TARGET_FOLLOW,FOLLOW
1.550538,2.194086,TARGET_FOLLOW,FOLLOW
1.535499,2.203064,TARGET_FOLLOW,FOLLOW
1.532337,2.204949,TARGET_FOLLOW,FOLLOW
1.532333,2.204947,TARGET_FOLLOW,FOLLOW
1.532330,2.204944,TARGET_FOLLOW,FOLLOW
1.532328,2.204940,TARGET_FOLLOW,FOLLOW
1.525235,2.187196,OBSTACLE_AND_TARGET_DETECTED,AVOID
1.522922,2.178137,OBSTACLE_AND_TARGET_DETECTED,AVOID
1.525745,2.170316,OBSTACLE_AND_TARGET_DETECTED,AVOID
1.525243,2.160606,OBSTACLE_AND_TARGET_DETECTED,AVOID
1.521048,2.154722,OBSTACLE_AND_TARGET_DETECTED,AVOID
1.508445,2.150835,TARGET_FOLLOW,FOLLOW
1.504828,2.151031,OBSTACLE_AND_TARGET_DETECTED,AVOID
1.498132,2.151628,TARGET_FOLLOW,FOLLOW
1.483046,2.161144,OBSTACLE_AND_TARGET_DETECTED,AVOID
1.474710,2.163266,TARGET_FOLLOW,FOLLOW
1.457505,2.174185,TARGET_FOLLOW,FOLLOW
1.434654,2.177878,OBSTACLE_AND_TARGET_DETECTED,AVOID
1.425601,2.175982,TARGET_FOLLOW,FOLLOW
1.424944,2.175716,OBSTACLE_AND_TARGET_DETECTED,AVOID
1.418626,2.174929,TARGET_FOLLOW,FOLLOW
1.417920,2.174843,OBSTACLE_AND_TARGET_DETECTED,AVOID
1.411624,2.174237,TARGET_FOLLOW,FOLLOW
1.410921,2.174171,OBSTACLE_AND_TARGET_DETECTED,AVOID
1.404668,2.173569,TARGET_FOLLOW,FOLLOW
1.403970,2.173504,TARGET_FOLLOW,FOLLOW
1.403966,2.173504,OBSTACLE_AND_TARGET_DETECTED,AVOID
1.399170,2.169455,OBSTACLE_AND_TARGET_DETECTED,AVOID
1.392493,2.167651,TARGET_FOLLOW,FOLLOW
1.391807,2.167501,TARGET_FOLLOW,FOLLOW
1.391803,2.167501,TARGET_FOLLOW,FOLLOW
1.391800,2.167499,TARGET_FOLLOW,FOLLOW
1.382370,2.157664,TARGET_FOLLOW,FOLLOW
1.380784,2.156008,TARGET_FOLLOW,FOLLOW
1.380783,2.156004,TARGET_FOLLOW,FOLLOW
1.380782,2.156000,TARGET_FOLLOW,FOLLOW
1.380783,2.155996,TARGET_FOLLOW,FOLLOW
1.380783,2.155992,TARGET_FOLLOW,FOLLOW
1.380784,2.155987,TARGET_FOLLOW,FOLLOW
1.380785,2.155983,TARGET_FOLLOW,FOLLOW
1.380786,2.155979,TARGET_FOLLOW,FOLLOW
1.380787,2.155975,TARGET_FOLLOW,FOLLOW
1.380788,2.155971,TARGET_FOLLOW,FOLLOW
1.380789,2.155967,TARGET_FOLLOW,FOLLOW
1.380791,2.155963,TARGET_FOLLOW,FOLLOW
1.380792,2.155959,TARGET_FOLLOW,FOLLOW
1.380793,2.155955,TARGET_FOLLOW,FOLLOW
1.380794,2.155951,TARGET_FOLLOW,FOLLOW
1.380796,2.155947,TARGET_FOLLOW,FOLLOW
1.380797,2.155943,TARGET_FOLLOW,FOLLOW
1.380799,2.155939,TARGET_FOLLOW,FOLLOW
1.380800,2.155935,TARGET_FOLLOW,FOLLOW
1.380802,2.155931,TARGET_FOLLOW,FOLLOW
1.380803,2.155927,TARGET_FOLLOW,FOLLOW
1.380805,2.155923,TARGET_FOLLOW,FOLLOW
1.380806,2.155919,TARGET_FOLLOW,FOLLOW
1.380808,2.155915,TARGET_FOLLOW,FOLLOW
1.380809,2.155911,TARGET_FOLLOW,FOLLOW
1.380811,2.155907,TARGET_FOLLOW,FOLLOW
1.381655,2.153955,TARGET_FOLLOW,FOLLOW
1.382660,2.151648,TARGET_FOLLOW,FOLLOW
1.383712,2.149249,TARGET_FOLLOW,FOLLOW
1.384805,2.146784,TARGET_FOLLOW,FOLLOW
1.385967,2.144194,TARGET_FOLLOW,FOLLOW
1.393112,2.128472,TARGET_FOLLOW,FOLLOW
1.394990,2.123509,TARGET_FOLLOW,FOLLOW
1.395848,2.120880,TARGET_FOLLOW,FOLLOW
1.396830,2.118279,TARGET_FOLLOW,FOLLOW
1.397943,2.115621,TARGET_FOLLOW,FOLLOW
1.410577,2.087569,TARGET_FOLLOW,FOLLOW
1.415992,2.076201,TARGET_FOLLOW,FOLLOW
1.432496,2.049905,TARGET_FOLLOW,FOLLOW
1.438898,2.039695,TARGET_FOLLOW,FOLLOW
1.438901,2.039692,TARGET_FOLLOW,FOLLOW
1.438903,2.039688,TARGET_FOLLOW,FOLLOW
1.439895,2.037999,TARGET_FOLLOW,FOLLOW
1.441129,2.035829,OBSTACLE_AND_TARGET_DETECTED,AVOID
1.444310,2.030123,TARGET_FOLLOW,FOLLOW
1.446943,2.028204,TARGET_FOLLOW,FOLLOW
1.449409,2.026388,TARGET_FOLLOW,FOLLOW
1.457119,2.018349,OBSTACLE_AND_TARGET_DETECTED,AVOID
1.460980,2.011895,TARGET_FOLLOW,FOLLOW
1.463765,2.009754,TARGET_FOLLOW,FOLLOW
1.466412,2.007713,TARGET_FOLLOW,FOLLOW
1.468805,2.005225,TARGET_FOLLOW,FOLLOW
1.471039,2.002387,OBSTACLE_AND_TARGET_DETECTED,AVOID
1.474838,1.996912,TARGET_FOLLOW,FOLLOW
1.478183,1.994992,TARGET_FOLLOW,FOLLOW
1.481333,1.993008,TARGET_FOLLOW,FOLLOW
1.484128,1.990459,TARGET_FOLLOW,FOLLOW
1.486636,1.987562,TARGET_FOLLOW,FOLLOW
1.488989,1.984441,TARGET_FOLLOW,FOLLOW
1.491264,1.981169,OBSTACLE_AND_TARGET_DETECTED,AVOID
1.494968,1.975588,TARGET_FOLLOW,FOLLOW
1.498577,1.973476,TARGET_FOLLOW,FOLLOW
1.501959,1.971345,TARGET_FOLLOW,FOLLOW
1.504980,1.968666,TARGET_FOLLOW,FOLLOW
1.507716,1.965653,TARGET_FOLLOW,FOLLOW
1.510277,1.962458,TARGET_FOLLOW,FOLLOW
1.512746,1.959162,TARGET_FOLLOW,FOLLOW
1.515176,1.955808,OBSTACLE_AND_TARGET_DETECTED,AVOID
1.519071,1.950368,OBSTACLE_AND_TARGET_DETECTED,AVOID
1.519956,1.943522,OBSTACLE_AND_TARGET_DETECTED,AVOID
1.516817,1.937365,OBSTACLE_AND_TARGET_DETECTED,AVOID
1.516177,1.930388,OBSTACLE_AND_TARGET_DETECTED,AVOID
1.519529,1.924284,OBSTACLE_AND_TARGET_DETECTED,AVOID
1.525697,1.921198,OBSTACLE_AND_TARGET_DETECTED,AVOID
1.534231,1.911190,OBSTACLE_AND_TARGET_DETECTED,AVOID
1.535752,1.901654,OBSTACLE_AND_TARGET_DETECTED,AVOID
1.529473,1.889850,OBSTACLE_AND_TARGET_DETECTED,AVOID
1.528380,1.880015,OBSTACLE_AND_TARGET_DETECTED,AVOID
1.532820,1.871909,OBSTACLE_AND_TARGET_DETECTED,AVOID
1.533973,1.862529,OBSTACLE_AND_TARGET_DETECTED,AVOID
1.538558,1.854381,OBSTACLE_AND_TARGET_DETECTED,AVOID
1.539717,1.844956,OBSTACLE_AND_TARGET_DETECTED,AVOID
1.544336,1.836751,OBSTACLE_AND_TARGET_DETECTED,AVOID
1.545501,1.827286,OBSTACLE_AND_TARGET_DETECTED,AVOID
1.552782,1.814834,OBSTACLE_AND_TARGET_DETECTED,AVOID
1.554112,1.806784,OBSTACLE_AND_TARGET_DETECTED,AVOID
1.558009,1.799912,OBSTACLE_AND_TARGET_DETECTED,AVOID
1.559445,1.785995,OBSTACLE_AND_TARGET_DETECTED,AVOID
1.563438,1.778337,OBSTACLE_AND_TARGET_DETECTED,AVOID
1.565462,1.758781,OBSTACLE_AND_TARGET_DETECTED,AVOID
1.572367,1.745487,OBSTACLE_AND_TARGET_DETECTED,AVOID
1.574185,1.730421,OBSTACLE_AND_TARGET_DETECTED,AVOID
1.577763,1.723269,OBSTACLE_AND_TARGET_DETECTED,AVOID
1.579257,1.708581,OBSTACLE_AND_TARGET_DETECTED,AVOID
1.582859,1.701321,OBSTACLE_AND_TARGET_DETECTED,AVOID
1.584360,1.686589,OBSTACLE_AND_TARGET_DETECTED,AVOID
1.587827,1.679509,OBSTACLE_AND_TARGET_DETECTED,AVOID
1.589361,1.664407,TARGET_FOLLOW,FOLLOW
1.589544,1.662035,OBSTACLE_AND_TARGET_DETECTED,AVOID
1.594145,1.652025,OBSTACLE_AND_TARGET_DETECTED,AVOID
1.599865,1.647197,OBSTACLE_AND_TARGET_DETECTED,AVOID
1.603355,1.641055,OBSTACLE_AND_TARGET_DETECTED,AVOID
1.608975,1.636666,OBSTACLE_AND_TARGET_DETECTED,AVOID
1.615985,1.636176,OBSTACLE_AND_TARGET_DETECTED,AVOID
1.622135,1.639838,OBSTACLE_AND_TARGET_DETECTED,AVOID
1.629266,1.640964,OBSTACLE_AND_TARGET_DETECTED,AVOID
1.638906,1.636227,OBSTACLE_AND_TARGET_DETECTED,AVOID
1.650036,1.635576,OBSTACLE_AND_TARGET_DETECTED,AVOID
1.659725,1.630937,OBSTACLE_AND_TARGET_DETECTED,AVOID
1.666501,1.618964,OBSTACLE_AND_TARGET_DETECTED,AVOID
1.674349,1.612588,OBSTACLE_AND_TARGET_DETECTED,AVOID
1.680181,1.611964,OBSTACLE_AND_TARGET_DETECTED,AVOID
1.691405,1.619105,OBSTACLE_AND_TARGET_DETECTED,AVOID
1.705840,1.621369,OBSTACLE_AND_TARGET_DETECTED,AVOID
1.713238,1.618402,OBSTACLE_AND_TARGET_DETECTED,AVOID
1.719703,1.606638,OBSTACLE_AND_TARGET_DETECTED,AVOID
1.727607,1.600224,OBSTACLE_AND_TARGET_DETECTED,AVOID
1.741706,1.599502,OBSTACLE_AND_TARGET_DETECTED,AVOID
1.749119,1.596277,OBSTACLE_AND_TARGET_DETECTED,AVOID
1.762969,1.595771,OBSTACLE_AND_TARGET_DETECTED,AVOID
1.770358,1.592553,OBSTACLE_AND_TARGET_DETECTED,AVOID
1.790135,1.591829,OBSTACLE_AND_TARGET_DETECTED,AVOID
1.798862,1.588783,OBSTACLE_AND_TARGET_DETECTED,AVOID
1.818496,1.588068,OBSTACLE_AND_TARGET_DETECTED,AVOID
1.827089,1.585080,OBSTACLE_AND_TARGET_DETECTED,AVOID
1.846579,1.584377,OBSTACLE_AND_TARGET_DETECTED,AVOID
1.854982,1.581481,OBSTACLE_AND_TARGET_DETECTED,AVOID
1.874324,1.580794,TARGET_FOLLOW,FOLLOW
1.878110,1.580750,TARGET_FOLLOW,FOLLOW
1.878114,1.580748,TARGET_FOLLOW,FOLLOW
1.878118,1.580746,TARGET_FOLLOW,FOLLOW
1.878122,1.580745,TARGET_FOLLOW,FOLLOW
1.878126,1.580743,OBSTACLE_AND_TARGET_DETECTED,AVOID
1.884980,1.578685,OBSTACLE_AND_TARGET_DETECTED,AVOID
1.894547,1.568743,TARGET_FOLLOW,FOLLOW
1.895907,1.567245,TARGET_FOLLOW,FOLLOW
1.895911,1.567244,TARGET_FOLLOW,FOLLOW
1.895916,1.567243,TARGET_FOLLOW,FOLLOW
1.897925,1.566755,TARGET_FOLLOW,FOLLOW
1.900312,1.566180,TARGET_FOLLOW,FOLLOW
1.902871,1.565570,TARGET_FOLLOW,FOLLOW
1.905605,1.564924,TARGET_FOLLOW,FOLLOW
1.908517,1.564241,TARGET_FOLLOW,FOLLOW
1.911610,1.563522,TARGET_FOLLOW,FOLLOW
1.914885,1.562765,TARGET_FOLLOW,FOLLOW
1.918344,1.561972,TARGET_FOLLOW,FOLLOW
1.921987,1.561143,TARGET_FOLLOW,FOLLOW
1.925814,1.560277,TARGET_FOLLOW,FOLLOW
1.929823,1.559377,TARGET_FOLLOW,FOLLOW
1.934012,1.558441,TARGET_FOLLOW,FOLLOW
1.938379,1.557473,TARGET_FOLLOW,FOLLOW
1.942920,1.556472,TARGET_FOLLOW,FOLLOW
1.947632,1.555439,TARGET_FOLLOW,FOLLOW
1.952510,1.554376,TARGET_FOLLOW,FOLLOW
1.957550,1.553285,TARGET_FOLLOW,FOLLOW
1.962746,1.552165,TARGET_FOLLOW,FOLLOW
1.968093,1.551020,TARGET_FOLLOW,FOLLOW
1.973586,1.549850,TARGET_FOLLOW,FOLLOW
1.979219,1.548656,TARGET_FOLLOW,FOLLOW
1.984986,1.547440,TARGET_FOLLOW,FOLLOW
1.990880,1.546204,TARGET_FOLLOW,FOLLOW
1.996897,1.544948,TARGET_FOLLOW,FOLLOW
2.003029,1.543675,TARGET_FOLLOW,FOLLOW
2.009272,1.542384,TARGET_FOLLOW,FOLLOW
2.015619,1.541078,TARGET_FOLLOW,FOLLOW
2.022066,1.539758,TARGET_FOLLOW,FOLLOW
2.028605,1.538425,TARGET_FOLLOW,FOLLOW
2.035233,1.537079,TARGET_FOLLOW,FOLLOW
2.041943,1.535723,TARGET_FOLLOW,FOLLOW
2.048731,1.534357,TARGET_FOLLOW,FOLLOW
2.055593,1.532982,TARGET_FOLLOW,FOLLOW
2.062523,1.531598,TARGET_FOLLOW,FOLLOW
2.069518,1.530207,TARGET_FOLLOW,FOLLOW
2.076573,1.528810,OBSTACLE_AND_TARGET_DETECTED,AVOID
2.083878,1.527368,OBSTACLE_AND_TARGET_DETECTED,AVOID
2.096406,1.531528,TARGET_FOLLOW,FOLLOW
2.103999,1.531158,OBSTACLE_AND_TARGET_DETECTED,AVOID
2.111240,1.529612,OBSTACLE_AND_TARGET_DETECTED,AVOID
2.123906,1.533454,OBSTACLE_AND_TARGET_DETECTED,AVOID
2.131629,1.532863,OBSTACLE_AND_TARGET_DETECTED,AVOID
2.144322,1.536766,OBSTACLE_AND_TARGET_DETECTED,AVOID
2.151939,1.536195,OBSTACLE_AND_TARGET_DETECTED,AVOID
2.164665,1.540115,TARGET_FOLLOW,FOLLOW
2.171716,1.539638,OBSTACLE_AND_TARGET_DETECTED,AVOID
2.178597,1.537960,OBSTACLE_AND_TARGET_DETECTED,AVOID
2.185420,1.539645,OBSTACLE_AND_TARGET_DETECTED,AVOID
2.192277,1.538667,OBSTACLE_AND_TARGET_DETECTED,AVOID
2.199097,1.540397,OBSTACLE_AND_TARGET_DETECTED,AVOID
2.205945,1.539422,OBSTACLE_AND_TARGET_DETECTED,AVOID
2.212770,1.541154,TARGET_FOLLOW,FOLLOW
2.219693,1.540164,OBSTACLE_AND_TARGET_DETECTED,AVOID
2.226583,1.538313,OBSTACLE_AND_TARGET_DETECTED,AVOID
2.233451,1.539846,OBSTACLE_AND_TARGET_DETECTED,AVOID
2.240308,1.538708,TARGET_FOLLOW,FOLLOW
2.247395,1.540345,TARGET_FOLLOW,FOLLOW
2.254773,1.541560,TARGET_FOLLOW,FOLLOW
2.262332,1.541606,TARGET_FOLLOW,FOLLOW
2.269908,1.540833,TARGET_FOLLOW,FOLLOW
2.277454,1.539561,TARGET_FOLLOW,FOLLOW
2.284969,1.537992,TARGET_FOLLOW,FOLLOW
2.292468,1.536246,TARGET_FOLLOW,FOLLOW
2.299962,1.534397,TARGET_FOLLOW,FOLLOW
2.307459,1.532487,TARGET_FOLLOW,FOLLOW
2.314965,1.530545,TARGET_FOLLOW,FOLLOW
2.322481,1.528584,TARGET_FOLLOW,FOLLOW
2.330010,1.526616,TARGET_FOLLOW,FOLLOW
2.337552,1.524646,TARGET_FOLLOW,FOLLOW
2.345108,1.522677,TARGET_FOLLOW,FOLLOW
2.352676,1.520712,TARGET_FOLLOW,FOLLOW
2.360257,1.518752,TARGET_FOLLOW,FOLLOW
2.367849,1.516798,TARGET_FOLLOW,FOLLOW
2.375453,1.514850,TARGET_FOLLOW,FOLLOW
2.383067,1.512909,TARGET_FOLLOW,FOLLOW
2.390692,1.510975,TARGET_FOLLOW,FOLLOW
2.398326,1.509047,TARGET_FOLLOW,FOLLOW
2.405969,1.507127,TARGET_FOLLOW,FOLLOW
2.413621,1.505213,TARGET_FOLLOW,FOLLOW
2.421281,1.503306,TARGET_FOLLOW,FOLLOW
2.428949,1.501406,TARGET_FOLLOW,FOLLOW
2.436624,1.499513,TARGET_FOLLOW,FOLLOW
2.444306,1.497626,TARGET_FOLLOW,FOLLOW
2.451995,1.495746,TARGET_FOLLOW,FOLLOW
2.459690,1.493873,TARGET_FOLLOW,FOLLOW
2.467391,1.492006,TARGET_FOLLOW,FOLLOW
2.475097,1.490145,TARGET_FOLLOW,FOLLOW
2.482809,1.488291,TARGET_FOLLOW,FOLLOW
2.490526,1.486443,TARGET_FOLLOW,FOLLOW
2.498248,1.484601,TARGET_FOLLOW,FOLLOW
2.505974,1.482765,TARGET_FOLLOW,FOLLOW
2.513705,1.480936,TARGET_FOLLOW,FOLLOW
2.521440,1.479112,TARGET_FOLLOW,FOLLOW
2.529179,1.477294,TARGET_FOLLOW,FOLLOW
2.536921,1.475481,TARGET_FOLLOW,FOLLOW
2.544668,1.473674,TARGET_FOLLOW,FOLLOW
2.552418,1.471873,TARGET_FOLLOW,FOLLOW
2.560171,1.470077,TARGET_FOLLOW,FOLLOW
2.567927,1.468286,TARGET_FOLLOW,FOLLOW
2.575687,1.466501,TARGET_FOLLOW,FOLLOW
2.583449,1.464720,TARGET_FOLLOW,FOLLOW
2.591214,1.462945,TARGET_FOLLOW,FOLLOW
2.598982,1.461175,TARGET_FOLLOW,FOLLOW
2.606753,1.459409,TARGET_FOLLOW,FOLLOW
2.614526,1.457648,TARGET_FOLLOW,FOLLOW
2.622301,1.455892,TARGET_FOLLOW,FOLLOW
2.630079,1.454140,TARGET_FOLLOW,FOLLOW
2.637859,1.452393,TARGET_FOLLOW,FOLLOW
2.645641,1.450650,TARGET_FOLLOW,FOLLOW
2.653425,1.448911,TARGET_FOLLOW,FOLLOW
2.661210,1.447177,TARGET_FOLLOW,FOLLOW
2.668998,1.445447,TARGET_FOLLOW,FOLLOW
2.676788,1.443720,TARGET_FOLLOW,FOLLOW
2.684579,1.441998,TARGET_FOLLOW,FOLLOW
2.692372,1.440279,TARGET_FOLLOW,FOLLOW
2.700167,1.438564,TARGET_FOLLOW,FOLLOW
2.707963,1.436852,TARGET_FOLLOW,FOLLOW
2.715761,1.435144,TARGET_FOLLOW,FOLLOW
2.723560,1.433440,TARGET_FOLLOW,FOLLOW
2.731360,1.431739,TARGET_FOLLOW,FOLLOW
2.739162,1.430041,TARGET_FOLLOW,FOLLOW
2.746965,1.428347,TARGET_FOLLOW,FOLLOW
2.754770,1.426656,TARGET_FOLLOW,FOLLOW
2.762575,1.424967,TARGET_FOLLOW,FOLLOW
2.770382,1.423282,TARGET_FOLLOW,FOLLOW
2.778190,1.421600,TARGET_FOLLOW,FOLLOW
2.785999,1.419920,TARGET_FOLLOW,FOLLOW
2.793809,1.418243,TARGET_FOLLOW,FOLLOW
2.801620,1.416569,TARGET_FOLLOW,FOLLOW
2.809432,1.414897,TARGET_FOLLOW,FOLLOW
2.817245,1.413228,TARGET_FOLLOW,FOLLOW
2.825059,1.411562,TARGET_FOLLOW,FOLLOW
2.832874,1.409898,TARGET_FOLLOW,FOLLOW
2.840689,1.408236,TARGET_FOLLOW,FOLLOW
2.848506,1.406577,TARGET_FOLLOW,FOLLOW
2.856323,1.404919,TARGET_FOLLOW,FOLLOW
2.864141,1.403264,TARGET_FOLLOW,FOLLOW
2.871960,1.401611,TARGET_FOLLOW,FOLLOW
2.879779,1.399960,TARGET_FOLLOW,FOLLOW
2.887599,1.398311,TARGET_FOLLOW,FOLLOW
2.895420,1.396663,TARGET_FOLLOW,FOLLOW
2.903241,1.395018,TARGET_FOLLOW,FOLLOW
2.911063,1.393374,TARGET_FOLLOW,FOLLOW
2.918886,1.391732,TARGET_FOLLOW,FOLLOW
2.926709,1.390092,TARGET_FOLLOW,FOLLOW
2.934533,1.388453,TARGET_FOLLOW,FOLLOW
2.942357,1.386816,TARGET_FOLLOW,FOLLOW
2.950181,1.385180,TARGET_FOLLOW,FOLLOW
2.958007,1.383546,TARGET_FOLLOW,FOLLOW
2.965832,1.381913,TARGET_FOLLOW,FOLLOW
2.973659,1.380281,TARGET_FOLLOW,FOLLOW
2.981485,1.378651,TARGET_FOLLOW,FOLLOW
2.989312,1.377022,TARGET_FOLLOW,FOLLOW
2.997139,1.375394,TARGET_FOLLOW,FOLLOW
3.004967,1.373767,TARGET_FOLLOW,FOLLOW
3.012795,1.372141,TARGET_FOLLOW,FOLLOW
3.020624,1.370517,TARGET_FOLLOW,FOLLOW
3.028453,1.368893,TARGET_FOLLOW,FOLLOW
3.036282,1.367270,TARGET_FOLLOW,FOLLOW
3.044111,1.365648,TARGET_FOLLOW,FOLLOW
3.051941,1.364027,TARGET_FOLLOW,FOLLOW
3.059771,1.362407,TARGET_FOLLOW,FOLLOW
3.067602,1.360788,TARGET_FOLLOW,FOLLOW
3.075432,1.359169,TARGET_FOLLOW,FOLLOW
3.083263,1.357551,TARGET_FOLLOW,FOLLOW
3.091094,1.355934,TARGET_FOLLOW,FOLLOW
3.098925,1.354317,TARGET_FOLLOW,FOLLOW
3.106757,1.352701,TARGET_FOLLOW,FOLLOW
3.114589,1.351086,TARGET_FOLLOW,FOLLOW
3.122421,1.349471,TARGET_FOLLOW,FOLLOW
3.130253,1.347856,TARGET_FOLLOW,FOLLOW
3.138085,1.346242,TARGET_FOLLOW,FOLLOW
3.145917,1.344628,TARGET_FOLLOW,FOLLOW
3.153750,1.343015,TARGET_FOLLOW,FOLLOW
3.161583,1.341402,TARGET_FOLLOW,FOLLOW
3.169415,1.339789,TARGET_FOLLOW,FOLLOW
3.177248,1.338176,TARGET_FOLLOW,FOLLOW
3.185082,1.336564,TARGET_FOLLOW,FOLLOW
3.192915,1.334952,TARGET_FOLLOW,FOLLOW
3.200748,1.333340,TARGET_FOLLOW,FOLLOW
3.208581,1.331729,TARGET_FOLLOW,FOLLOW
3.216415,1.330117,TARGET_FOLLOW,FOLLOW
3.224248,1.328506,TARGET_FOLLOW,FOLLOW
3.232082,1.326894,TARGET_FOLLOW,FOLLOW
3.239916,1.325283,TARGET_FOLLOW,FOLLOW
3.247749,1.323672,TARGET_FOLLOW,FOLLOW
3.255583,1.322060,TARGET_FOLLOW,FOLLOW
3.263417,1.320449,TARGET_FOLLOW,FOLLOW
3.271251,1.318837,TARGET_FOLLOW,FOLLOW
3.279085,1.317226,TARGET_FOLLOW,FOLLOW
3.286918,1.315614,TARGET_FOLLOW,FOLLOW
3.294752,1.314002,TARGET_FOLLOW,FOLLOW
3.302586,1.312391,TARGET_FOLLOW,FOLLOW
3.310420,1.310778,TARGET_FOLLOW,FOLLOW
3.318254,1.309166,TARGET_FOLLOW,FOLLOW
3.326088,1.307554,TARGET_FOLLOW,FOLLOW
3.333922,1.305941,TARGET_FOLLOW,FOLLOW
3.341756,1.304328,TARGET_FOLLOW,FOLLOW
3.349589,1.302715,TARGET_FOLLOW,FOLLOW
3.357423,1.301101,TARGET_FOLLOW,FOLLOW
3.365257,1.299487,TARGET_FOLLOW,FOLLOW
3.373091,1.297873,TARGET_FOLLOW,FOLLOW
3.380924,1.296258,TARGET_FOLLOW,FOLLOW
3.388758,1.294643,TARGET_FOLLOW,FOLLOW
3.396592,1.293028,TARGET_FOLLOW,FOLLOW
3.404425,1.291412,TARGET_FOLLOW,FOLLOW
3.412259,1.289796,TARGET_FOLLOW,FOLLOW
3.420092,1.288179,TARGET_FOLLOW,FOLLOW
3.427925,1.286562,TARGET_FOLLOW,FOLLOW
3.435759,1.284945,TARGET_FOLLOW,FOLLOW
3.443592,1.283327,TARGET_FOLLOW,FOLLOW
3.451425,1.281708,TARGET_FOLLOW,FOLLOW
3.459258,1.280089,TARGET_FOLLOW,FOLLOW
3.467091,1.278470,TARGET_FOLLOW,FOLLOW
3.474924,1.276850,TARGET_FOLLOW,FOLLOW
3.482756,1.275229,TARGET_FOLLOW,FOLLOW
3.490589,1.273608,TARGET_FOLLOW,FOLLOW
3.498421,1.271986,TARGET_FOLLOW,FOLLOW
3.506254,1.270364,TARGET_FOLLOW,FOLLOW
3.514086,1.268741,TARGET_FOLLOW,FOLLOW
3.521919,1.267118,TARGET_FOLLOW,FOLLOW
3.529751,1.265494,TARGET_FOLLOW,FOLLOW
3.537583,1.263869,TARGET_FOLLOW,FOLLOW
3.545415,1.262243,TARGET_FOLLOW,FOLLOW
3.553246,1.260617,TARGET_FOLLOW,FOLLOW
3.561078,1.258991,TARGET_FOLLOW,FOLLOW
3.568909,1.257363,TARGET_FOLLOW,FOLLOW
3.576741,1.255735,TARGET_FOLLOW,FOLLOW
3.584572,1.254107,TARGET_FOLLOW,FOLLOW
3.592403,1.252477,TARGET_FOLLOW,FOLLOW
3.600234,1.250847,TARGET_FOLLOW,FOLLOW
3.608065,1.249216,TARGET_FOLLOW,FOLLOW
3.615896,1.247585,TARGET_FOLLOW,FOLLOW
3.623727,1.245952,TARGET_FOLLOW,FOLLOW
3.631557,1.244319,TARGET_FOLLOW,FOLLOW
3.639387,1.242686,TARGET_FOLLOW,FOLLOW
3.647218,1.241051,TARGET_FOLLOW,FOLLOW
3.655047,1.239416,TARGET_FOLLOW,FOLLOW
3.662877,1.237780,TARGET_FOLLOW,FOLLOW
3.670705,1.236144,TARGET_FOLLOW,FOLLOW
3.678531,1.234507,TARGET_FOLLOW,FOLLOW
3.686355,1.232870,TARGET_FOLLOW,FOLLOW
3.694175,1.231233,TARGET_FOLLOW,FOLLOW
3.701992,1.229595,TARGET_FOLLOW,FOLLOW
3.709805,1.227958,TARGET_FOLLOW,FOLLOW
3.717612,1.226321,TARGET_FOLLOW,FOLLOW
3.725414,1.224685,TARGET_FOLLOW,FOLLOW
3.733210,1.223048,TARGET_FOLLOW,FOLLOW
3.741000,1.221413,TARGET_FOLLOW,FOLLOW
3.748783,1.219778,TARGET_FOLLOW,FOLLOW
3.756559,1.218143,TARGET_FOLLOW,FOLLOW
3.764328,1.216509,TARGET_FOLLOW,FOLLOW
3.772091,1.214876,TARGET_FOLLOW,FOLLOW
3.779846,1.213243,TARGET_FOLLOW,FOLLOW
3.787595,1.211611,TARGET_FOLLOW,FOLLOW
3.795337,1.209980,TARGET_FOLLOW,FOLLOW
3.803072,1.208349,TARGET_FOLLOW,FOLLOW
3.810800,1.206718,TARGET_FOLLOW,FOLLOW
3.818523,1.205088,TARGET_FOLLOW,FOLLOW
3.826240,1.203459,TARGET_FOLLOW,FOLLOW
3.833950,1.201830,TARGET_FOLLOW,FOLLOW
3.841656,1.200201,TARGET_FOLLOW,FOLLOW
3.849357,1.198572,TARGET_FOLLOW,FOLLOW
3.857053,1.196943,TARGET_FOLLOW,FOLLOW
3.864745,1.195315,TARGET_FOLLOW,FOLLOW
3.872433,1.193686,TARGET_FOLLOW,FOLLOW
3.880118,1.192057,TARGET_FOLLOW,FOLLOW
3.887799,1.190428,TARGET_FOLLOW,FOLLOW
3.895478,1.188799,TARGET_FOLLOW,FOLLOW
3.903154,1.187169,TARGET_FOLLOW,FOLLOW
3.910828,1.185539,TARGET_FOLLOW,FOLLOW
3.918500,1.183908,TARGET_FOLLOW,FOLLOW
3.926171,1.182277,TARGET_FOLLOW,FOLLOW
3.933842,1.180645,TARGET_FOLLOW,FOLLOW
3.941511,1.179012,TARGET_FOLLOW,FOLLOW
3.949180,1.177378,TARGET_FOLLOW,FOLLOW
3.956848,1.175743,TARGET_FOLLOW,FOLLOW
3.964517,1.174108,TARGET_FOLLOW,FOLLOW
3.972186,1.172471,TARGET_FOLLOW,FOLLOW
3.979855,1.170834,TARGET_FOLLOW,FOLLOW
3.987526,1.169195,TARGET_FOLLOW,FOLLOW
3.995197,1.167555,TARGET_FOLLOW,FOLLOW
4.002870,1.165913,TARGET_FOLLOW,FOLLOW
4.010543,1.164271,TARGET_FOLLOW,FOLLOW
4.018219,1.162627,TARGET_FOLLOW,FOLLOW
4.025896,1.160982,TARGET_FOLLOW,FOLLOW
4.033574,1.159335,TARGET_FOLLOW,FOLLOW
4.041254,1.157687,TARGET_FOLLOW,FOLLOW
4.048935,1.156038,TARGET_FOLLOW,FOLLOW
4.056616,1.154387,TARGET_FOLLOW,FOLLOW
4.064297,1.152736,TARGET_FOLLOW,FOLLOW
4.071978,1.151083,TARGET_FOLLOW,FOLLOW
4.079657,1.149430,TARGET_FOLLOW,FOLLOW
4.087334,1.147776,TARGET_FOLLOW,FOLLOW
4.095009,1.146121,TARGET_FOLLOW,FOLLOW
4.102680,1.144466,TARGET_FOLLOW,FOLLOW
4.110349,1.142810,TARGET_FOLLOW,FOLLOW
4.118013,1.141154,TARGET_FOLLOW,FOLLOW
4.125673,1.139498,TARGET_FOLLOW,FOLLOW
4.133329,1.137842,TARGET_FOLLOW,FOLLOW
4.140980,1.136185,TARGET_FOLLOW,FOLLOW
4.148627,1.134528,TARGET_FOLLOW,FOLLOW
4.156269,1.132871,TARGET_FOLLOW,FOLLOW
4.163906,1.131214,TARGET_FOLLOW,FOLLOW
4.171538,1.129556,TARGET_FOLLOW,FOLLOW
4.179166,1.127899,TARGET_FOLLOW,FOLLOW
4.186789,1.126241,TARGET_FOLLOW,FOLLOW
4.194407,1.124582,TARGET_FOLLOW,FOLLOW
4.202022,1.122923,TARGET_FOLLOW,FOLLOW
4.209632,1.121264,TARGET_FOLLOW,FOLLOW
4.217239,1.119604,TARGET_FOLLOW,FOLLOW
4.224842,1.117944,TARGET_FOLLOW,FOLLOW
4.232442,1.116283,TARGET_FOLLOW,FOLLOW
4.240039,1.114621,TARGET_FOLLOW,FOLLOW
4.247633,1.112958,TARGET_FOLLOW,FOLLOW
4.255225,1.111294,TARGET_FOLLOW,FOLLOW
4.262815,1.109630,TARGET_FOLLOW,FOLLOW
4.270403,1.107964,TARGET_FOLLOW,FOLLOW
4.277989,1.106297,TARGET_FOLLOW,FOLLOW
4.285575,1.104629,TARGET_FOLLOW,FOLLOW
4.293159,1.102959,TARGET_FOLLOW,FOLLOW
4.300743,1.101288,TARGET_FOLLOW,FOLLOW
4.308326,1.099616,TARGET_FOLLOW,FOLLOW
4.315908,1.097942,TARGET_FOLLOW,FOLLOW
4.323488,1.096266,TARGET_FOLLOW,FOLLOW
4.331067,1.094590,TARGET_FOLLOW,FOLLOW
4.338643,1.092912,TARGET_FOLLOW,FOLLOW
4.346217,1.091233,TARGET_FOLLOW,FOLLOW
4.353787,1.089554,TARGET_FOLLOW,FOLLOW
4.361354,1.087873,TARGET_FOLLOW,FOLLOW
4.368917,1.086191,TARGET_FOLLOW,FOLLOW
4.376476,1.084508,TARGET_FOLLOW,FOLLOW
4.384030,1.082825,TARGET_FOLLOW,FOLLOW
4.391580,1.081140,TARGET_FOLLOW,FOLLOW
4.399124,1.079455,TARGET_FOLLOW,FOLLOW
4.406664,1.077769,TARGET_FOLLOW,FOLLOW
4.414198,1.076082,TARGET_FOLLOW,FOLLOW
4.421728,1.074395,TARGET_FOLLOW,FOLLOW
4.429252,1.072706,TARGET_FOLLOW,FOLLOW
4.436772,1.071017,TARGET_FOLLOW,FOLLOW
4.444286,1.069326,TARGET_FOLLOW,FOLLOW
4.451796,1.067635,TARGET_FOLLOW,FOLLOW
4.459301,1.065942,TARGET_FOLLOW,FOLLOW
4.466818,1.064245,TARGET_FOLLOW,FOLLOW
4.472563,1.059264,TARGET_REACHED,STAY
4.473118,1.058730,TARGET_REACHED,STAY
4.473118,1.058730,TARGET_REACHED,STAY
4.473118,1.058730,TARGET_REACHED,STAY
4.473118,1.058730,TARGET_REACHED,STAY
4.473118,1.058730,TARGET_REACHED,STAY
4.473118,1.058730,TARGET_REACHED,STAY
4.473118,1.058730,TARGET_REACHED,STAY
4.473118,1.058730,TARGET_REACHED,STAY
4.473118,1.058730,TARGET_REACHED,STAY
4.473118,1.058730,TARGET_REACHED,STAY
4.473118,1.058730,TARGET_REACHED,STAY
4.473118,1.058730,TARGET_REACHED,STAY
4.473118,1.058730,TARGET_REACHED,STAY
4.473118,1.058730,TARGET_REACHED,STAY
4.473118,1.058730,TARGET_REACHED,STAY
4.473118,1.058730,TARGET_REACHED,STAY
4.473118,1.058730,TARGET_REACHED,STAY
4.473118,1.058730,TARGET_REACHED,STAY
4.473118,1.058730,TARGET_REACHED,STAY
4.473118,1.058730,TARGET_REACHED,STAY
4.473118,1.058730,TARGET_REACHED,STAY
4.473118,1.058730,TARGET_REACHED,STAY
4.473118,1.058730,TARGET_REACHED,STAY
4.473118,1.058730,TARGET_REACHED,STAY
4.473118,1.058730,TARGET_REACHED,STAY
4.473118,1.058730,TARGET_REACHED,STAY
4.473118,1.058730,TARGET_REACHED,STAY
4.473118,1.058730,TARGET_REACHED,STAY
4.473118,1.058730,TARGET_REACHED,STAY
4.473118,1.058730,TARGET_REACHED,STAY
4.473118,1.058730,TARGET_REACHED,STAY
4.473118,1.058730,TARGET_REACHED,STAY
4.473118,1.058730,TARGET_REACHED,STAY
4.473118,1.058730,TARGET_REACHED,STAY
4.473118,1.058730,TARGET_REACHED,STAY
4.473118,1.058730,TARGET_REACHED,STAY
4.473118,1.058730,TARGET_REACHED,STAY
4.473118,1.058730,TARGET_REACHED,STAY
