0.400000,1.300000,DIR_LEFT,TURN_LEFT
0.400000,1.300000,DIR_LEFT,TURN_LEFT
0.400000,1.300000,FOLLOW,FORWARD
0.421448,1.309249,FOLLOW,FORWARD
0.448761,1.321658,FOLLOW,FORWARD
0.476048,1.334125,FOLLOW,FORWARD
0.503334,1.346592,FOLLOW,FORWARD
0.530621,1.359059,FOLLOW,FORWARD
0.557908,1.371526,FOLLOW,FORWARD
0.585195,1.383993,FOLLOW,FORWARD
0.612482,1.396460,IDLE,STOP
0.618524,1.399221,IDLE,STOP
0.618524,1.399221,DIR_LEFT,TURN_LEFT
0.618524,1.399221,FOLLOW,FORWARD
0.637514,1.412820,DIR_LEFT,TURN_LEFT
0.642915,1.416687,DIR_LEFT,TURN_LEFT
0.642915,1.416687,DIR_LEFT,TURN_LEFT
0.642915,1.416687,DIR_LEFT,TURN_LEFT
0.642915,1.416687,FOLLOW,FORWARD
0.645066,1.439945,IDLE,STOP
0.645678,1.446559,FOLLOW,FORWARD
0.647330,1.469858,DIR_LEFT,TURN_LEFT
0.647800,1.476484,DIR_RIGHT,TURN_RIGHT
0.647800,1.476484,FOLLOW,FORWARD
0.648953,1.499813,FOLLOW,FORWARD
0.651011,1.529742,FOLLOW,FORWARD
0.653133,1.559667,DIR_LEFT,TURN_LEFT
0.653603,1.566293,DIR_LEFT,TURN_LEFT
0.653603,1.566293,DIR_RIGHT,TURN_RIGHT
0.653603,1.566293,DIR_LEFT,TURN_LEFT
0.653603,1.566293,DIR_RIGHT,TURN_RIGHT
0.653603,1.566293,DIR_LEFT,TURN_LEFT
0.653603,1.566293,DIR_RIGHT,TURN_RIGHT
0.653603,1.566293,FOLLOW,FORWARD
0.649768,1.589333,DIR_LEFT,TURN_LEFT
0.648677,1.595886,FOLLOW,FORWARD
0.640969,1.617934,DIR_RIGHT,TURN_RIGHT
0.638776,1.624205,DIR_LEFT,TURN_LEFT
0.638776,1.624205,DIR_LEFT,TURN_LEFT
0.638776,1.624205,DIR_RIGHT,TURN_RIGHT
0.638776,1.624205,DIR_RIGHT,TURN_RIGHT
0.638776,1.624205,DIR_RIGHT,TURN_RIGHT
0.638776,1.624205,DIR_RIGHT,TURN_RIGHT
0.638776,1.624205,DIR_RIGHT,TURN_RIGHT
0.638776,1.624205,DIR_RIGHT,TURN_RIGHT
0.638776,1.624205,DIR_RIGHT,TURN_RIGHT
0.638776,1.624205,DIR_RIGHT,TURN_RIGHT
0.638776,1.624205,DIR_RIGHT,TURN_RIGHT
0.638776,1.624205,DIR_RIGHT,TURN_RIGHT
0.638776,1.624205,DIR_RIGHT,TURN_RIGHT
0.638776,1.624205,DIR_RIGHT,TURN_RIGHT
0.638776,1.624205,DIR_RIGHT,TURN_RIGHT
0.638776,1.624205,FOLLOW,FORWARD
0.657767,1.610606,FOLLOW,FORWARD
0.681816,1.592674,DIR_LEFT,TURN_LEFT
0.687133,1.588691,DIR_RIGHT,TURN_RIGHT
0.687133,1.588691,FOLLOW,FORWARD
0.706124,1.575093,FOLLOW,FORWARD
0.730173,1.557160,DIR_LEFT,TURN_LEFT
0.735490,1.553178,DIR_RIGHT,TURN_RIGHT
0.735490,1.553178,FOLLOW,FORWARD
0.754481,1.539579,FOLLOW,FORWARD
0.778530,1.521647,FOLLOW,FORWARD
0.802542,1.503662,IDLE,STOP
0.807859,1.499680,DIR_RIGHT,TURN_RIGHT
0.807859,1.499680,IDLE,STOP
0.807859,1.499680,IDLE,STOP
0.807859,1.499680,IDLE,STOP
0.807859,1.499680,DIR_RIGHT,TURN_RIGHT
0.807859,1.499680,DIR_RIGHT,TURN_RIGHT
0.807859,1.499680,DIR_LEFT,TURN_LEFT
0.807859,1.499680,DIR_LEFT,TURN_LEFT
0.807859,1.499680,FOLLOW,FORWARD
0.822766,1.481699,FOLLOW,FORWARD
0.842355,1.458978,IDLE,STOP
0.846704,1.453956,IDLE,STOP
0.846704,1.453956,DIR_RIGHT,TURN_RIGHT
0.846704,1.453956,DIR_RIGHT,TURN_RIGHT
0.846704,1.453956,DIR_LEFT,TURN_LEFT
0.846704,1.453956,DIR_RIGHT,TURN_RIGHT
0.846704,1.453956,DIR_LEFT,TURN_LEFT
0.846704,1.453956,FOLLOW,FORWARD
0.857447,1.433216,DIR_RIGHT,TURN_RIGHT
0.860502,1.427318,DIR_RIGHT,TURN_RIGHT
0.860502,1.427318,DIR_LEFT,TURN_LEFT
0.860502,1.427318,DIR_LEFT,TURN_LEFT
0.860502,1.427318,FOLLOW,FORWARD
0.871245,1.406578,DIR_RIGHT,TURN_RIGHT
0.874301,1.400680,DIR_RIGHT,TURN_RIGHT
0.874301,1.400680,DIR_LEFT,TURN_LEFT
0.874301,1.400680,DIR_RIGHT,TURN_RIGHT
0.874301,1.400680,DIR_LEFT,TURN_LEFT
0.874301,1.400680,DIR_LEFT,TURN_LEFT
0.874301,1.400680,FOLLOW,FORWARD
0.885044,1.379940,FOLLOW,FORWARD
0.899353,1.353573,DIR_RIGHT,TURN_RIGHT
0.902534,1.347741,DIR_LEFT,TURN_LEFT
0.902534,1.347741,FOLLOW,FORWARD
0.913277,1.327001,FOLLOW,FORWARD
0.927587,1.300635,DIR_RIGHT,TURN_RIGHT
0.930768,1.294803,DIR_RIGHT,TURN_RIGHT
0.930768,1.294803,DIR_LEFT,TURN_LEFT
0.930768,1.294803,FOLLOW,FORWARD
0.936855,1.272253,FOLLOW,FORWARD
0.945230,1.243446,DIR_LEFT,TURN_LEFT
0.947098,1.237072,DIR_RIGHT,TURN_RIGHT
0.947098,1.237072,DIR_RIGHT,TURN_RIGHT
0.947098,1.237072,DIR_LEFT,TURN_LEFT
0.947098,1.237072,FOLLOW,FORWARD
0.953185,1.214522,FOLLOW,FORWARD
0.961561,1.185715,DIR_RIGHT,TURN_RIGHT
0.963429,1.179340,DIR_LEFT,TURN_LEFT
0.963429,1.179340,DIR_LEFT,TURN_LEFT
0.963429,1.179340,FOLLOW,FORWARD
0.974172,1.158601,IDLE,STOP
0.977227,1.152702,DIR_LEFT,TURN_LEFT
0.977227,1.152702,FOLLOW,FORWARD
0.992135,1.134721,IDLE,STOP
0.996375,1.129607,FOLLOW,FORWARD
1.011664,1.111950,DIR_RIGHT,TURN_RIGHT
1.016013,1.106928,DIR_LEFT,TURN_LEFT
1.016013,1.106928,DIR_LEFT,TURN_LEFT
1.016013,1.106928,FOLLOW,FORWARD
1.034403,1.092528,FOLLOW,FORWARD
1.058376,1.074493,DIR_LEFT,TURN_LEFT
1.063693,1.070510,DIR_LEFT,TURN_LEFT
1.063693,1.070510,DIR_RIGHT,TURN_RIGHT
1.063693,1.070510,DIR_RIGHT,TURN_RIGHT
1.063693,1.070510,FOLLOW,FORWARD
1.082683,1.056912,FOLLOW,FORWARD
1.106733,1.038979,IDLE,STOP
1.112049,1.034997,IDLE,STOP
1.112049,1.034997,IDLE,STOP
1.112049,1.034997,FOLLOW,FORWARD
1.130744,1.020995,IDLE,STOP
1.136061,1.017013,DIR_LEFT,TURN_LEFT
1.136061,1.017013,DIR_LEFT,TURN_LEFT
1.136061,1.017013,DIR_RIGHT,TURN_RIGHT
1.136061,1.017013,DIR_RIGHT,TURN_RIGHT
1.136061,1.017013,FOLLOW,FORWARD
1.155052,1.003414,DIR_LEFT,TURN_LEFT
1.160452,0.999547,DIR_RIGHT,TURN_RIGHT
1.160452,0.999547,FOLLOW,FORWARD
1.179443,0.985948,FOLLOW,FORWARD
1.203493,0.968015,DIR_RIGHT,TURN_RIGHT
1.208809,0.964033,DIR_LEFT,TURN_LEFT
1.208809,0.964033,DIR_RIGHT,TURN_RIGHT
1.208809,0.964033,FOLLOW,FORWARD
1.224474,0.946707,FOLLOW,FORWARD
1.244160,0.924071,DIR_LEFT,TURN_LEFT
1.248508,0.919049,DIR_RIGHT,TURN_RIGHT
1.248508,0.919049,FOLLOW,FORWARD
1.264173,0.901723,FOLLOW,FORWARD
1.283859,0.879086,IDLE,STOP
1.288207,0.874065,IDLE,STOP
1.288207,0.874065,FOLLOW,FORWARD
1.303497,0.856407,IDLE,STOP
1.307845,0.851385,DIR_LEFT,TURN_LEFT
1.307845,0.851385,DIR_LEFT,TURN_LEFT
1.307845,0.851385,DIR_RIGHT,TURN_RIGHT
1.307845,0.851385,DIR_RIGHT,TURN_RIGHT
1.307845,0.851385,DIR_LEFT,TURN_LEFT
1.307845,0.851385,DIR_RIGHT,TURN_RIGHT
1.307845,0.851385,FOLLOW,FORWARD
1.323510,0.834060,FOLLOW,FORWARD
1.343196,0.811423,DIR_LEFT,TURN_LEFT
1.347544,0.806401,DIR_RIGHT,TURN_RIGHT
1.347544,0.806401,DIR_RIGHT,TURN_RIGHT
1.347544,0.806401,FOLLOW,FORWARD
1.359166,0.786141,FOLLOW,FORWARD
1.373588,0.759835,FOLLOW,FORWARD
1.387955,0.733499,FOLLOW,FORWARD
1.402321,0.707162,DIR_RIGHT,TURN_RIGHT
1.405502,0.701331,DIR_RIGHT,TURN_RIGHT
1.405502,0.701331,FOLLOW,FORWARD
1.407653,0.678073,FOLLOW,FORWARD
1.409839,0.648153,DIR_RIGHT,TURN_RIGHT
1.410309,0.641527,DIR_RIGHT,TURN_RIGHT
1.410309,0.641527,DIR_LEFT,TURN_LEFT
1.410309,0.641527,DIR_LEFT,TURN_LEFT
1.410309,0.641527,FOLLOW,FORWARD
1.411461,0.618198,FOLLOW,FORWARD
1.413519,0.588270,IDLE,STOP
1.413989,0.581643,IDLE,STOP
1.413989,0.581643,IDLE,STOP
1.413989,0.581643,FOLLOW,FORWARD
1.415642,0.558345,DIR_RIGHT,TURN_RIGHT
1.416111,0.551718,DIR_LEFT,TURN_LEFT
1.416111,0.551718,FOLLOW,FORWARD
1.417264,0.528390,DIR_RIGHT,TURN_RIGHT
1.417592,0.521755,DIR_LEFT,TURN_LEFT
1.417592,0.521755,FOLLOW,FORWARD
1.418744,0.498426,IDLE,STOP
1.419072,0.491792,DIR_RIGHT,TURN_RIGHT
1.419072,0.491792,DIR_LEFT,TURN_LEFT
1.419072,0.491792,FOLLOW,FORWARD
1.420225,0.468463,FOLLOW,FORWARD
1.422283,0.438534,IDLE,STOP
1.422753,0.431908,IDLE,STOP
1.422753,0.431908,FOLLOW,FORWARD
1.424405,0.408609,IDLE,STOP
1.424875,0.401983,IDLE,STOP
1.424875,0.401983,FOLLOW,FORWARD
1.426527,0.378684,IDLE,STOP
1.426997,0.372058,IDLE,STOP
1.426997,0.372058,DIR_RIGHT,TURN_RIGHT
1.426997,0.372058,DIR_RIGHT,TURN_RIGHT
1.426997,0.372058,DIR_LEFT,TURN_LEFT
1.426997,0.372058,DIR_LEFT,TURN_LEFT
1.426997,0.372058,FOLLOW,FORWARD
1.428150,0.348730,FOLLOW,FORWARD
1.430208,0.318801,FOLLOW,FORWARD
1.432330,0.288876,FOLLOW,FORWARD
1.434452,0.258951,IDLE,STOP
1.434922,0.252325,IDLE,STOP
1.434922,0.252325,IDLE,STOP
1.434922,0.252325,FOLLOW,FORWARD
1.436574,0.229026,FOLLOW,FORWARD
1.438696,0.199101,IDLE,STOP
1.439166,0.192475,IDLE,STOP
1.439166,0.192475,IDLE,STOP
1.439166,0.192475,FOLLOW,FORWARD
1.440818,0.169177,IDLE,STOP
1.441288,0.162550,IDLE,STOP
1.441288,0.162550,FOLLOW,FORWARD
1.442940,0.139252,IDLE,STOP
1.443410,0.132626,IDLE,STOP
1.443410,0.132626,FOLLOW,FORWARD
1.445062,0.109327,IDLE,STOP
1.445532,0.102701,FOLLOW,FORWARD
1.447184,0.079402,IDLE,STOP
1.447654,0.072776,IDLE,STOP
1.447654,0.072776,DIR_RIGHT,TURN_RIGHT
1.447654,0.072776,DIR_RIGHT,TURN_RIGHT
1.447654,0.072776,DIR_LEFT,TURN_LEFT
1.447654,0.072776,FOLLOW,FORWARD
1.443820,0.049736,DIR_RIGHT,TURN_RIGHT
1.442729,0.043183,DIR_LEFT,TURN_LEFT
1.442729,0.043183,DIR_LEFT,TURN_LEFT
1.442729,0.043183,FOLLOW,FORWARD
1.443882,0.019854,FOLLOW,FORWARD
1.445940,-0.010075,FOLLOW,FORWARD
1.448062,-0.039999,IDLE,STOP
1.448532,-0.046626,FOLLOW,FORWARD
1.450184,-0.069924,IDLE,STOP
1.450654,-0.076550,DIR_LEFT,TURN_LEFT
1.450654,-0.076550,FOLLOW,FORWARD
1.456741,-0.099100,IDLE,STOP
1.458472,-0.105514,DIR_LEFT,TURN_LEFT
1.458472,-0.105514,FOLLOW,FORWARD
1.469215,-0.126254,IDLE,STOP
1.472271,-0.132152,FOLLOW,FORWARD
1.483456,-0.152657,IDLE,STOP
1.486637,-0.158489,DIR_LEFT,TURN_LEFT
1.486637,-0.158489,IDLE,STOP
1.486637,-0.158489,FOLLOW,FORWARD
1.501926,-0.176146,IDLE,STOP
1.506275,-0.181168,DIR_LEFT,TURN_LEFT
1.506275,-0.181168,FOLLOW,FORWARD
1.524665,-0.195568,FOLLOW,FORWARD
1.548638,-0.213603,DIR_LEFT,TURN_LEFT
1.553955,-0.217585,DIR_LEFT,TURN_LEFT
1.553955,-0.217585,DIR_RIGHT,TURN_RIGHT
1.553955,-0.217585,DIR_RIGHT,TURN_RIGHT
1.553955,-0.217585,DIR_LEFT,TURN_LEFT
1.553955,-0.217585,DIR_RIGHT,TURN_RIGHT
1.553955,-0.217585,FOLLOW,FORWARD
1.572945,-0.231184,FOLLOW,FORWARD
1.596995,-0.249117,IDLE,STOP
1.602312,-0.253099,IDLE,STOP
1.602312,-0.253099,FOLLOW,FORWARD
1.621006,-0.267101,IDLE,STOP
1.626323,-0.271083,IDLE,STOP
1.626323,-0.271083,IDLE,STOP
1.626323,-0.271083,FOLLOW,FORWARD
1.645018,-0.285086,IDLE,STOP
1.650335,-0.289068,IDLE,STOP
1.650335,-0.289068,IDLE,STOP
1.650335,-0.289068,FOLLOW,FORWARD
1.669029,-0.303070,IDLE,STOP
1.674346,-0.307052,IDLE,STOP
1.674346,-0.307052,FOLLOW,FORWARD
1.693041,-0.321055,IDLE,STOP
1.698358,-0.325037,DIR_LEFT,TURN_LEFT
1.698358,-0.325037,IDLE,STOP
1.698358,-0.325037,FOLLOW,FORWARD
1.719603,-0.334744,IDLE,STOP
1.725645,-0.337504,DIR_LEFT,TURN_LEFT
1.725645,-0.337504,FOLLOW,FORWARD
1.748356,-0.342959,IDLE,STOP
1.754815,-0.344510,DIR_LEFT,TURN_LEFT
1.754815,-0.344510,DIR_RIGHT,TURN_RIGHT
1.754815,-0.344510,FOLLOW,FORWARD
1.777739,-0.348987,DIR_LEFT,TURN_LEFT
1.784259,-0.350260,DIR_LEFT,TURN_LEFT
1.784259,-0.350260,DIR_RIGHT,TURN_RIGHT
1.784259,-0.350260,DIR_LEFT,TURN_LEFT
1.784259,-0.350260,DIR_RIGHT,TURN_RIGHT
1.784259,-0.350260,IDLE,STOP
1.784259,-0.350260,FOLLOW,FORWARD
1.807616,-0.350260,FOLLOW,FORWARD
1.837616,-0.350260,FOLLOW,FORWARD
1.867616,-0.350260,IDLE,STOP
1.874259,-0.350260,DIR_LEFT,TURN_LEFT
1.874259,-0.350260,IDLE,STOP
1.874259,-0.350260,DIR_RIGHT,TURN_RIGHT
1.874259,-0.350260,FOLLOW,FORWARD
1.897611,-0.349760,FOLLOW,FORWARD
1.927610,-0.349695,DIR_LEFT,TURN_LEFT
1.934253,-0.349695,IDLE,STOP
1.934253,-0.349695,DIR_RIGHT,TURN_RIGHT
1.934253,-0.349695,FOLLOW,FORWARD
1.957605,-0.349195,FOLLOW,FORWARD
1.987604,-0.349131,IDLE,STOP
1.994247,-0.349131,IDLE,STOP
1.994247,-0.349131,IDLE,STOP
1.994247,-0.349131,FOLLOW,FORWARD
2.017604,-0.349131,IDLE,STOP
2.024247,-0.349131,IDLE,STOP
2.024247,-0.349131,FOLLOW,FORWARD
2.047604,-0.349131,IDLE,STOP
2.054247,-0.349131,IDLE,STOP
2.054247,-0.349131,FOLLOW,FORWARD
2.077604,-0.349131,IDLE,STOP
2.084247,-0.349131,IDLE,STOP
2.084247,-0.349131,DIR_LEFT,TURN_LEFT
2.084247,-0.349131,DIR_LEFT,TURN_LEFT
2.084247,-0.349131,DIR_RIGHT,TURN_RIGHT
2.084247,-0.349131,DIR_RIGHT,TURN_RIGHT
2.084247,-0.349131,FOLLOW,FORWARD
2.107599,-0.348630,FOLLOW,FORWARD
2.137598,-0.348566,FOLLOW,FORWARD
2.167598,-0.348566,IDLE,STOP
2.174241,-0.348566,IDLE,STOP
2.174241,-0.348566,FOLLOW,FORWARD
2.197598,-0.348566,IDLE,STOP
2.204241,-0.348566,FOLLOW,FORWARD
2.227598,-0.348566,DIR_LEFT,TURN_LEFT
2.234241,-0.348566,IDLE,STOP
2.234241,-0.348566,DIR_RIGHT,TURN_RIGHT
2.234241,-0.348566,FOLLOW,FORWARD
2.257593,-0.348065,IDLE,STOP
2.264234,-0.347923,FOLLOW,FORWARD
2.287591,-0.347923,DIR_LEFT,TURN_LEFT
2.294234,-0.347923,DIR_LEFT,TURN_LEFT
2.294234,-0.347923,DIR_RIGHT,TURN_RIGHT
2.294234,-0.347923,DIR_RIGHT,TURN_RIGHT
2.294234,-0.347923,DIR_LEFT,TURN_LEFT
2.294234,-0.347923,DIR_RIGHT,TURN_RIGHT
2.294234,-0.347923,FOLLOW,FORWARD
2.317586,-0.347423,FOLLOW,FORWARD
2.347585,-0.347358,FOLLOW,FORWARD
2.377585,-0.347358,DIR_LEFT,TURN_LEFT
2.384228,-0.347358,DIR_LEFT,TURN_LEFT
2.384228,-0.347358,DIR_RIGHT,TURN_RIGHT
2.384228,-0.347358,DIR_RIGHT,TURN_RIGHT
2.384228,-0.347358,FOLLOW,FORWARD
2.407580,-0.346858,FOLLOW,FORWARD
2.437579,-0.346794,IDLE,STOP
2.444222,-0.346794,DIR_RIGHT,TURN_RIGHT
2.444222,-0.346794,DIR_RIGHT,TURN_RIGHT
2.444222,-0.346794,FOLLOW,FORWARD
2.465670,-0.356043,FOLLOW,FORWARD
2.492983,-0.368451,IDLE,STOP
2.499025,-0.371212,IDLE,STOP
2.499025,-0.371212,DIR_RIGHT,TURN_RIGHT
2.499025,-0.371212,DIR_RIGHT,TURN_RIGHT
2.499025,-0.371212,DIR_LEFT,TURN_LEFT
2.499025,-0.371212,DIR_LEFT,TURN_LEFT
2.499025,-0.371212,FOLLOW,FORWARD
2.520056,-0.381371,FOLLOW,FORWARD
2.547316,-0.393897,FOLLOW,FORWARD
2.574603,-0.406364,DIR_LEFT,TURN_LEFT
2.580645,-0.409124,IDLE,STOP
2.580645,-0.409124,FOLLOW,FORWARD
2.603468,-0.414091,IDLE,STOP
2.609959,-0.415504,IDLE,STOP
2.609959,-0.415504,FOLLOW,FORWARD
2.632782,-0.420471,IDLE,STOP
2.639273,-0.421883,IDLE,STOP
2.639273,-0.421883,FOLLOW,FORWARD
2.662095,-0.426850,IDLE,STOP
2.668586,-0.428263,IDLE,STOP
2.668586,-0.428263,DIR_LEFT,TURN_LEFT
2.668586,-0.428263,FOLLOW,FORWARD
2.691938,-0.428763,FOLLOW,FORWARD
2.721937,-0.428828,IDLE,STOP
2.728580,-0.428828,IDLE,STOP
2.728580,-0.428828,FOLLOW,FORWARD
2.751937,-0.428828,IDLE,STOP
2.758580,-0.428828,IDLE,STOP
2.758580,-0.428828,FOLLOW,FORWARD
2.781937,-0.428828,IDLE,STOP
2.788580,-0.428828,IDLE,STOP
2.788580,-0.428828,FOLLOW,FORWARD
2.811937,-0.428828,IDLE,STOP
2.818580,-0.428828,DIR_RIGHT,TURN_RIGHT
2.818580,-0.428828,FOLLOW,FORWARD
2.841504,-0.433304,IDLE,STOP
2.848024,-0.434578,FOLLOW,FORWARD
2.870847,-0.439544,IDLE,STOP
2.877338,-0.440957,IDLE,STOP
2.877338,-0.440957,DIR_RIGHT,TURN_RIGHT
2.877338,-0.440957,DIR_LEFT,TURN_LEFT
2.877338,-0.440957,FOLLOW,FORWARD
2.900049,-0.446412,FOLLOW,FORWARD
2.929349,-0.452854,FOLLOW,FORWARD
2.958663,-0.459233,IDLE,STOP
2.965154,-0.460646,DIR_RIGHT,TURN_RIGHT
2.965154,-0.460646,IDLE,STOP
2.965154,-0.460646,FOLLOW,FORWARD
2.986398,-0.470353,DIR_LEFT,TURN_LEFT
2.992440,-0.473113,DIR_RIGHT,TURN_RIGHT
2.992440,-0.473113,DIR_RIGHT,TURN_RIGHT
2.992440,-0.473113,DIR_LEFT,TURN_LEFT
2.992440,-0.473113,DIR_LEFT,TURN_LEFT
2.992440,-0.473113,FOLLOW,FORWARD
3.015152,-0.478568,FOLLOW,FORWARD
3.044451,-0.485010,FOLLOW,FORWARD
3.073765,-0.491390,FOLLOW,FORWARD
3.103079,-0.497769,IDLE,STOP
3.109570,-0.499182,IDLE,STOP
3.109570,-0.499182,FOLLOW,FORWARD
3.132393,-0.504149,DIR_RIGHT,TURN_RIGHT
3.138884,-0.505561,DIR_RIGHT,TURN_RIGHT
3.138884,-0.505561,DIR_LEFT,TURN_LEFT
3.138884,-0.505561,FOLLOW,FORWARD
3.159916,-0.515721,FOLLOW,FORWARD
3.187175,-0.528246,FOLLOW,FORWARD
3.214462,-0.540713,DIR_RIGHT,TURN_RIGHT
3.220504,-0.543474,DIR_RIGHT,TURN_RIGHT
3.220504,-0.543474,DIR_LEFT,TURN_LEFT
3.220504,-0.543474,DIR_LEFT,TURN_LEFT
3.220504,-0.543474,FOLLOW,FORWARD
3.241536,-0.553633,FOLLOW,FORWARD
3.268795,-0.566159,IDLE,STOP
3.274837,-0.568919,FOLLOW,FORWARD
3.296082,-0.578626,IDLE,STOP
3.302124,-0.581386,FOLLOW,FORWARD
3.323369,-0.591093,IDLE,STOP
3.329411,-0.593854,DIR_RIGHT,TURN_RIGHT
3.329411,-0.593854,FOLLOW,FORWARD
3.348401,-0.607452,FOLLOW,FORWARD
3.372451,-0.625385,DIR_RIGHT,TURN_RIGHT
3.377768,-0.629367,IDLE,STOP
3.377768,-0.629367,FOLLOW,FORWARD
3.393057,-0.647024,IDLE,STOP
3.397406,-0.652046,DIR_RIGHT,TURN_RIGHT
3.397406,-0.652046,DIR_RIGHT,TURN_RIGHT
3.397406,-0.652046,DIR_LEFT,TURN_LEFT
3.397406,-0.652046,DIR_LEFT,TURN_LEFT
3.397406,-0.652046,DIR_LEFT,TURN_LEFT
3.397406,-0.652046,FOLLOW,FORWARD
3.415796,-0.666446,DIR_RIGHT,TURN_RIGHT
3.421027,-0.670541,FOLLOW,FORWARD
3.436691,-0.687867,FOLLOW,FORWARD
3.456377,-0.710504,FOLLOW,FORWARD
3.476015,-0.733183,DIR_RIGHT,TURN_RIGHT
3.480364,-0.738205,DIR_RIGHT,TURN_RIGHT
3.480364,-0.738205,DIR_LEFT,TURN_LEFT
3.480364,-0.738205,FOLLOW,FORWARD
3.491107,-0.758945,FOLLOW,FORWARD
3.505416,-0.785311,DIR_RIGHT,TURN_RIGHT
3.508597,-0.791143,DIR_RIGHT,TURN_RIGHT
3.508597,-0.791143,DIR_RIGHT,TURN_RIGHT
3.508597,-0.791143,DIR_RIGHT,TURN_RIGHT
3.508597,-0.791143,DIR_LEFT,TURN_LEFT
3.508597,-0.791143,DIR_LEFT,TURN_LEFT
3.508597,-0.791143,DIR_LEFT,TURN_LEFT
3.508597,-0.791143,IDLE,STOP
3.508597,-0.791143,DIR_LEFT,TURN_LEFT
3.508597,-0.791143,DIR_RIGHT,TURN_RIGHT
3.508597,-0.791143,DIR_RIGHT,TURN_RIGHT
3.508597,-0.791143,DIR_LEFT,TURN_LEFT
3.508597,-0.791143,FOLLOW,FORWARD
3.514684,-0.813693,FOLLOW,FORWARD
3.523059,-0.842500,DIR_RIGHT,TURN_RIGHT
3.524928,-0.848874,DIR_RIGHT,TURN_RIGHT
3.524928,-0.848874,DIR_LEFT,TURN_LEFT
3.524928,-0.848874,DIR_LEFT,TURN_LEFT
3.524928,-0.848874,DIR_RIGHT,TURN_RIGHT
3.524928,-0.848874,DIR_LEFT,TURN_LEFT
3.524928,-0.848874,DIR_RIGHT,TURN_RIGHT
3.524928,-0.848874,DIR_LEFT,TURN_LEFT
3.524928,-0.848874,DIR_LEFT,TURN_LEFT
3.524928,-0.848874,DIR_RIGHT,TURN_RIGHT
3.524928,-0.848874,FOLLOW,FORWARD
3.531975,-0.871143,FOLLOW,FORWARD
3.540474,-0.899913,DIR_RIGHT,TURN_RIGHT
3.542342,-0.906288,DIR_LEFT,TURN_LEFT
3.542342,-0.906288,DIR_RIGHT,TURN_RIGHT
3.542342,-0.906288,DIR_LEFT,TURN_LEFT
3.542342,-0.906288,DIR_RIGHT,TURN_RIGHT
3.542342,-0.906288,FOLLOW,FORWARD
3.544493,-0.929546,FOLLOW,FORWARD
3.546679,-0.959465,DIR_RIGHT,TURN_RIGHT
3.547149,-0.966092,DIR_LEFT,TURN_LEFT
3.547149,-0.966092,DIR_LEFT,TURN_LEFT
3.547149,-0.966092,DIR_RIGHT,TURN_RIGHT
3.547149,-0.966092,FOLLOW,FORWARD
3.549300,-0.989350,DIR_RIGHT,TURN_RIGHT
3.549912,-0.995964,DIR_LEFT,TURN_LEFT
3.549912,-0.995964,FOLLOW,FORWARD
3.551065,-1.019293,DIR_RIGHT,TURN_RIGHT
3.551392,-1.025928,DIR_LEFT,TURN_LEFT
3.551392,-1.025928,DIR_RIGHT,TURN_RIGHT
3.551392,-1.025928,FOLLOW,FORWARD
3.548549,-1.049111,FOLLOW,FORWARD
3.544322,-1.078811,FOLLOW,FORWARD
3.540032,-1.108503,DIR_RIGHT,TURN_RIGHT
3.539082,-1.115077,DIR_LEFT,TURN_LEFT
3.539082,-1.115077,DIR_RIGHT,TURN_RIGHT
3.539082,-1.115077,DIR_LEFT,TURN_LEFT
3.539082,-1.115077,DIR_RIGHT,TURN_RIGHT
3.539082,-1.115077,DIR_LEFT,TURN_LEFT
3.539082,-1.115077,DIR_RIGHT,TURN_RIGHT
3.539082,-1.115077,FOLLOW,FORWARD
3.531374,-1.137126,FOLLOW,FORWARD
3.520928,-1.165248,FOLLOW,FORWARD
3.510423,-1.193348,FOLLOW,FORWARD
3.499917,-1.221449,DIR_RIGHT,TURN_RIGHT
3.497591,-1.227671,DIR_RIGHT,TURN_RIGHT
3.497591,-1.227671,DIR_LEFT,TURN_LEFT
3.497591,-1.227671,DIR_RIGHT,TURN_RIGHT
3.497591,-1.227671,DIR_LEFT,TURN_LEFT
3.497591,-1.227671,FOLLOW,FORWARD
3.484528,-1.247034,FOLLOW,FORWARD
3.468233,-1.272222,DIR_RIGHT,TURN_RIGHT
3.464637,-1.277807,DIR_RIGHT,TURN_RIGHT
3.464637,-1.277807,DIR_LEFT,TURN_LEFT
3.464637,-1.277807,FOLLOW,FORWARD
3.447756,-1.293950,FOLLOW,FORWARD
3.426477,-1.315097,FOLLOW,FORWARD
3.405244,-1.336290,FOLLOW,FORWARD
3.384011,-1.357483,FOLLOW,FORWARD
3.362778,-1.378676,DIR_RIGHT,TURN_RIGHT
3.358076,-1.383369,DIR_RIGHT,TURN_RIGHT
3.358076,-1.383369,FOLLOW,FORWARD
3.336362,-1.391974,DIR_RIGHT,TURN_RIGHT
3.330186,-1.394421,DIR_RIGHT,TURN_RIGHT
3.330186,-1.394421,DIR_LEFT,TURN_LEFT
3.330186,-1.394421,FOLLOW,FORWARD
3.306997,-1.397221,FOLLOW,FORWARD
3.277289,-1.401391,DIR_LEFT,TURN_LEFT
3.270713,-1.402329,DIR_LEFT,TURN_LEFT
3.270713,-1.402329,DIR_LEFT,TURN_LEFT
3.270713,-1.402329,DIR_RIGHT,TURN_RIGHT
3.270713,-1.402329,DIR_LEFT,TURN_LEFT
3.270713,-1.402329,DIR_LEFT,TURN_LEFT
3.270713,-1.402329,DIR_RIGHT,TURN_RIGHT
3.270713,-1.402329,DIR_LEFT,TURN_LEFT
3.270713,-1.402329,DIR_RIGHT,TURN_RIGHT
3.270713,-1.402329,DIR_LEFT,TURN_LEFT
3.270713,-1.402329,FOLLOW,FORWARD
3.257650,-1.421691,DIR_RIGHT,TURN_RIGHT
3.253935,-1.427198,DIR_RIGHT,TURN_RIGHT
3.253935,-1.427198,DIR_LEFT,TURN_LEFT
3.253935,-1.427198,FOLLOW,FORWARD
3.237054,-1.443341,DIR_LEFT,TURN_LEFT
3.232253,-1.447932,DIR_RIGHT,TURN_RIGHT
3.232253,-1.447932,DIR_LEFT,TURN_LEFT
3.232253,-1.447932,DIR_RIGHT,TURN_RIGHT
3.232253,-1.447932,FOLLOW,FORWARD
3.216078,-1.464782,FOLLOW,FORWARD
3.194891,-1.486020,DIR_LEFT,TURN_LEFT
3.190189,-1.490713,DIR_RIGHT,TURN_RIGHT
3.190189,-1.490713,FOLLOW,FORWARD
3.174015,-1.507564,DIR_LEFT,TURN_LEFT
3.169415,-1.512356,DIR_RIGHT,TURN_RIGHT
3.169415,-1.512356,FOLLOW,FORWARD
3.153241,-1.529207,FOLLOW,FORWARD
3.132053,-1.550445,DIR_LEFT,TURN_LEFT
3.127351,-1.555138,DIR_RIGHT,TURN_RIGHT
3.127351,-1.555138,FOLLOW,FORWARD
3.111177,-1.571989,DIR_RIGHT,TURN_RIGHT
3.106577,-1.576781,DIR_LEFT,TURN_LEFT
3.106577,-1.576781,FOLLOW,FORWARD
3.089696,-1.592923,DIR_RIGHT,TURN_RIGHT
3.084895,-1.597514,DIR_LEFT,TURN_LEFT
3.084895,-1.597514,DIR_RIGHT,TURN_RIGHT
3.084895,-1.597514,FOLLOW,FORWARD
3.065507,-1.610540,FOLLOW,FORWARD
3.040288,-1.626787,DIR_LEFT,TURN_LEFT
3.034696,-1.630373,DIR_RIGHT,TURN_RIGHT
3.034696,-1.630373,DIR_RIGHT,TURN_RIGHT
3.034696,-1.630373,DIR_LEFT,TURN_LEFT
3.034696,-1.630373,FOLLOW,FORWARD
3.014768,-1.642556,FOLLOW,FORWARD
2.989479,-1.658695,DIR_LEFT,TURN_LEFT
2.983887,-1.662280,DIR_RIGHT,TURN_RIGHT
2.983887,-1.662280,FOLLOW,FORWARD
2.964500,-1.675306,DIR_RIGHT,TURN_RIGHT
2.958986,-1.679011,DIR_RIGHT,TURN_RIGHT
2.958986,-1.679011,DIR_LEFT,TURN_LEFT
2.958986,-1.679011,DIR_LEFT,TURN_LEFT
2.958986,-1.679011,DIR_RIGHT,TURN_RIGHT
2.958986,-1.679011,DIR_RIGHT,TURN_RIGHT
2.958986,-1.679011,DIR_LEFT,TURN_LEFT
2.958986,-1.679011,DIR_LEFT,TURN_LEFT
2.958986,-1.679011,DIR_RIGHT,TURN_RIGHT
2.958986,-1.679011,DIR_RIGHT,TURN_RIGHT
2.958986,-1.679011,DIR_RIGHT,TURN_RIGHT
2.958986,-1.679011,DIR_LEFT,TURN_LEFT
2.958986,-1.679011,FOLLOW,FORWARD
2.935797,-1.681811,DIR_RIGHT,TURN_RIGHT
2.929202,-1.682607,DIR_LEFT,TURN_LEFT
2.929202,-1.682607,DIR_LEFT,TURN_LEFT
2.929202,-1.682607,DIR_RIGHT,TURN_RIGHT
2.929202,-1.682607,DIR_RIGHT,TURN_RIGHT
2.929202,-1.682607,FOLLOW,FORWARD
2.905876,-1.681410,DIR_LEFT,TURN_LEFT
2.899241,-1.681070,DIR_LEFT,TURN_LEFT
2.899241,-1.681070,DIR_RIGHT,TURN_RIGHT
2.899241,-1.681070,FOLLOW,FORWARD
2.876194,-1.684861,FOLLOW,FORWARD
2.846504,-1.689158,FOLLOW,FORWARD
2.816804,-1.693391,DIR_RIGHT,TURN_RIGHT
2.810228,-1.694329,IDLE,STOP
2.810228,-1.694329,DIR_LEFT,TURN_LEFT
2.810228,-1.694329,DIR_LEFT,TURN_LEFT
2.810228,-1.694329,DIR_RIGHT,TURN_RIGHT
2.810228,-1.694329,DIR_RIGHT,TURN_RIGHT
2.810228,-1.694329,DIR_LEFT,TURN_LEFT
2.810228,-1.694329,DIR_RIGHT,TURN_RIGHT
2.810228,-1.694329,FOLLOW,FORWARD
2.786901,-1.693132,FOLLOW,FORWARD
2.756977,-1.691017,DIR_LEFT,TURN_LEFT
2.750351,-1.690535,DIR_RIGHT,TURN_RIGHT
2.750351,-1.690535,FOLLOW,FORWARD
2.727025,-1.689338,DIR_LEFT,TURN_LEFT
2.720391,-1.688998,DIR_RIGHT,TURN_RIGHT
2.720391,-1.688998,DIR_LEFT,TURN_LEFT
2.720391,-1.688998,FOLLOW,FORWARD
2.697202,-1.691798,DIR_RIGHT,TURN_RIGHT
2.690607,-1.692594,DIR_LEFT,TURN_LEFT
2.690607,-1.692594,IDLE,STOP
2.690607,-1.692594,DIR_RIGHT,TURN_RIGHT
2.690607,-1.692594,DIR_LEFT,TURN_LEFT
2.690607,-1.692594,DIR_LEFT,TURN_LEFT
2.690607,-1.692594,DIR_RIGHT,TURN_RIGHT
2.690607,-1.692594,DIR_LEFT,TURN_LEFT
2.690607,-1.692594,DIR_RIGHT,TURN_RIGHT
2.690607,-1.692594,DIR_LEFT,TURN_LEFT
2.690607,-1.692594,DIR_RIGHT,TURN_RIGHT
2.690607,-1.692594,DIR_LEFT,TURN_LEFT
2.690607,-1.692594,DIR_RIGHT,TURN_RIGHT
2.690607,-1.692594,DIR_LEFT,TURN_LEFT
2.690607,-1.692594,DIR_LEFT,TURN_LEFT
2.690607,-1.692594,DIR_RIGHT,TURN_RIGHT
2.690607,-1.692594,DIR_RIGHT,TURN_RIGHT
2.690607,-1.692594,DIR_LEFT,TURN_LEFT
2.690607,-1.692594,DIR_RIGHT,TURN_RIGHT
2.690607,-1.692594,DIR_RIGHT,TURN_RIGHT
2.690607,-1.692594,DIR_RIGHT,TURN_RIGHT
2.690607,-1.692594,DIR_RIGHT,TURN_RIGHT
2.690607,-1.692594,DIR_RIGHT,TURN_RIGHT
2.690607,-1.692594,DIR_RIGHT,TURN_RIGHT
2.690607,-1.692594,DIR_RIGHT,TURN_RIGHT
2.690607,-1.692594,DIR_LEFT,TURN_LEFT
2.690607,-1.692594,DIR_LEFT,TURN_LEFT
2.690607,-1.692594,DIR_LEFT,TURN_LEFT
2.690607,-1.692594,IDLE,STOP
2.690607,-1.692594,DIR_RIGHT,TURN_RIGHT
2.690607,-1.692594,DIR_LEFT,TURN_LEFT
2.690607,-1.692594,DIR_LEFT,TURN_LEFT
2.690607,-1.692594,FOLLOW,FORWARD
2.668352,-1.685504,FOLLOW,FORWARD
2.639598,-1.676951,DIR_RIGHT,TURN_RIGHT
2.633226,-1.675071,DIR_RIGHT,TURN_RIGHT
2.633226,-1.675071,DIR_LEFT,TURN_LEFT
2.633226,-1.675071,DIR_LEFT,TURN_LEFT
2.633226,-1.675071,DIR_RIGHT,TURN_RIGHT
2.633226,-1.675071,DIR_LEFT,TURN_LEFT
2.633226,-1.675071,DIR_LEFT,TURN_LEFT
2.633226,-1.675071,DIR_RIGHT,TURN_RIGHT
2.633226,-1.675071,DIR_LEFT,TURN_LEFT
2.633226,-1.675071,DIR_RIGHT,TURN_RIGHT
2.633226,-1.675071,FOLLOW,FORWARD
2.610688,-1.668941,FOLLOW,FORWARD
2.581897,-1.660511,DIR_LEFT,TURN_LEFT
2.575526,-1.658631,IDLE,STOP
2.575526,-1.658631,WANDER,FORWARD
2.552231,-1.656934,DIR_RIGHT,TURN_RIGHT
2.545605,-1.656452,DIR_LEFT,TURN_LEFT
2.545605,-1.656452,DIR_LEFT,TURN_LEFT
2.545605,-1.656452,IDLE,STOP
2.545605,-1.656452,DIR_RIGHT,TURN_RIGHT
2.545605,-1.656452,DIR_LEFT,TURN_LEFT
2.545605,-1.656452,FOLLOW,FORWARD
2.522417,-1.659252,FOLLOW,FORWARD
2.492709,-1.663421,DIR_RIGHT,TURN_RIGHT
2.486132,-1.664359,DIR_LEFT,TURN_LEFT
2.486132,-1.664359,DIR_LEFT,TURN_LEFT
2.486132,-1.664359,FOLLOW,FORWARD
2.464069,-1.672026,DIR_RIGHT,TURN_RIGHT
2.457794,-1.674206,DIR_RIGHT,TURN_RIGHT
2.457794,-1.674206,FOLLOW,FORWARD
2.434468,-1.673010,FOLLOW,FORWARD
2.404543,-1.670895,DIR_LEFT,TURN_LEFT
2.397918,-1.670412,FOLLOW,FORWARD
2.374729,-1.673212,IDLE,STOP
2.368134,-1.674009,DIR_RIGHT,TURN_RIGHT
2.368134,-1.674009,DIR_LEFT,TURN_LEFT
2.368134,-1.674009,DIR_LEFT,TURN_LEFT
2.368134,-1.674009,DIR_RIGHT,TURN_RIGHT
2.368134,-1.674009,DIR_LEFT,TURN_LEFT
2.368134,-1.674009,DIR_RIGHT,TURN_RIGHT
2.368134,-1.674009,DIR_RIGHT,TURN_RIGHT
2.368134,-1.674009,FOLLOW,FORWARD
2.344808,-1.672812,FOLLOW,FORWARD
2.314883,-1.670697,DIR_LEFT,TURN_LEFT
2.308258,-1.670215,DIR_LEFT,TURN_LEFT
2.308258,-1.670215,DIR_RIGHT,TURN_RIGHT
2.308258,-1.670215,FOLLOW,FORWARD
2.285210,-1.674005,DIR_RIGHT,TURN_RIGHT
2.278656,-1.675084,DIR_LEFT,TURN_LEFT
2.278656,-1.675084,DIR_LEFT,TURN_LEFT
2.278656,-1.675084,DIR_RIGHT,TURN_RIGHT
2.278656,-1.675084,DIR_LEFT,TURN_LEFT
2.278656,-1.675084,DIR_RIGHT,TURN_RIGHT
2.278656,-1.675084,FOLLOW,FORWARD
2.255608,-1.678874,DIR_RIGHT,TURN_RIGHT
2.249053,-1.679953,DIR_LEFT,TURN_LEFT
2.249053,-1.679953,DIR_RIGHT,TURN_RIGHT
2.249053,-1.679953,FOLLOW,FORWARD
2.225727,-1.678756,DIR_LEFT,TURN_LEFT
2.219093,-1.678415,DIR_RIGHT,TURN_RIGHT
2.219093,-1.678415,FOLLOW,FORWARD
2.195766,-1.677218,DIR_LEFT,TURN_LEFT
2.189132,-1.676878,DIR_RIGHT,TURN_RIGHT
2.189132,-1.676878,FOLLOW,FORWARD
2.165806,-1.675681,DIR_LEFT,TURN_LEFT
2.159172,-1.675341,DIR_LEFT,TURN_LEFT
2.159172,-1.675341,DIR_RIGHT,TURN_RIGHT
2.159172,-1.675341,DIR_RIGHT,TURN_RIGHT
2.159172,-1.675341,FOLLOW,FORWARD
2.135845,-1.674144,FOLLOW,FORWARD
2.105920,-1.672029,DIR_LEFT,TURN_LEFT
2.099295,-1.671547,DIR_LEFT,TURN_LEFT
2.099295,-1.671547,DIR_LEFT,TURN_LEFT
2.099295,-1.671547,DIR_RIGHT,TURN_RIGHT
2.099295,-1.671547,DIR_RIGHT,TURN_RIGHT
2.099295,-1.671547,FOLLOW,FORWARD
2.076248,-1.675338,FOLLOW,FORWARD
2.046557,-1.679635,DIR_RIGHT,TURN_RIGHT
2.039981,-1.680572,DIR_RIGHT,TURN_RIGHT
2.039981,-1.680572,DIR_RIGHT,TURN_RIGHT
2.039981,-1.680572,FOLLOW,FORWARD
2.019262,-1.669790,FOLLOW,FORWARD
1.992922,-1.655430,DIR_RIGHT,TURN_RIGHT
1.987097,-1.652238,DIR_RIGHT,TURN_RIGHT
1.987097,-1.652238,DIR_RIGHT,TURN_RIGHT
1.987097,-1.652238,DIR_LEFT,TURN_LEFT
1.987097,-1.652238,WANDER,FORWARD
1.973534,-1.633222,FOLLOW,FORWARD
1.955647,-1.609139,DIR_LEFT,TURN_LEFT
1.951675,-1.603814,DIR_RIGHT,TURN_RIGHT
1.951675,-1.603814,DIR_LEFT,TURN_LEFT
1.951675,-1.603814,FOLLOW,FORWARD
1.934379,-1.588117,DIR_LEFT,TURN_LEFT
1.929460,-1.583653,DIR_LEFT,TURN_LEFT
1.929460,-1.583653,DIR_LEFT,TURN_LEFT
1.929460,-1.583653,FOLLOW,FORWARD
1.906206,-1.581457,DIR_LEFT,TURN_LEFT
1.899593,-1.580833,DIR_LEFT,TURN_LEFT
1.899593,-1.580833,DIR_LEFT,TURN_LEFT
1.899593,-1.580833,IDLE,STOP
1.899593,-1.580833,DIR_RIGHT,TURN_RIGHT
1.899593,-1.580833,DIR_RIGHT,TURN_RIGHT
1.899593,-1.580833,DIR_LEFT,TURN_LEFT
1.899593,-1.580833,DIR_LEFT,TURN_LEFT
1.899593,-1.580833,WANDER,FORWARD
1.879665,-1.593016,IDLE,STOP
1.873997,-1.596481,IDLE,STOP
1.873997,-1.596481,IDLE,STOP
1.873997,-1.596481,IDLE,STOP
1.873997,-1.596481,DIR_RIGHT,TURN_RIGHT
1.873997,-1.596481,WANDER,FORWARD
1.852283,-1.605086,WANDER,FORWARD
1.824186,-1.615599,IDLE,STOP
1.817959,-1.617913,WANDER,FORWARD
1.796065,-1.626051,WANDER,FORWARD
1.767945,-1.636504,WANDER,FORWARD
1.739825,-1.646956,IDLE,STOP
1.733598,-1.649271,WANDER,FORWARD
1.711705,-1.657409,WANDER,FORWARD
1.683585,-1.667861,DIR_RIGHT,TURN_RIGHT
1.677358,-1.670175,WANDER,FORWARD
1.654310,-1.673966,DIR_RIGHT,TURN_RIGHT
1.647756,-1.675044,IDLE,STOP
1.647756,-1.675044,WANDER,FORWARD
1.624460,-1.673348,WANDER,FORWARD
1.594539,-1.671169,WANDER,FORWARD
1.564619,-1.668990,IDLE,STOP
1.557993,-1.668508,WANDER,FORWARD
1.534698,-1.666811,DIR_LEFT,TURN_LEFT
1.528073,-1.666329,FOLLOW,FORWARD
1.504884,-1.669129,FOLLOW,FORWARD
1.475176,-1.673299,IDLE,STOP
1.468599,-1.674236,DIR_RIGHT,TURN_RIGHT
1.468599,-1.674236,WANDER,FORWARD
1.445273,-1.673039,FOLLOW,FORWARD
1.415348,-1.670925,FOLLOW,FORWARD
1.385427,-1.668746,DIR_LEFT,TURN_LEFT
1.378802,-1.668263,DIR_LEFT,TURN_LEFT
1.378802,-1.668263,DIR_RIGHT,TURN_RIGHT
1.378802,-1.668263,WANDER,FORWARD
1.355755,-1.672054,FOLLOW,FORWARD
1.326065,-1.676351,FOLLOW,FORWARD
1.296365,-1.680585,DIR_RIGHT,TURN_RIGHT
1.289788,-1.681522,IDLE,STOP
1.289788,-1.681522,IDLE,STOP
1.289788,-1.681522,WANDER,FORWARD
1.266493,-1.679826,FOLLOW,FORWARD
1.236572,-1.677647,FOLLOW,FORWARD
1.206651,-1.675468,DIR_LEFT,TURN_LEFT
1.200026,-1.674986,IDLE,STOP
1.200026,-1.674986,DIR_RIGHT,TURN_RIGHT
1.200026,-1.674986,IDLE,STOP
1.200026,-1.674986,WANDER,FORWARD
1.176731,-1.673289,IDLE,STOP
1.170105,-1.672807,FOLLOW,FORWARD
1.146810,-1.671110,FOLLOW,FORWARD
1.116889,-1.668932,DIR_LEFT,TURN_LEFT
1.110264,-1.668449,DIR_LEFT,TURN_LEFT
1.110264,-1.668449,DIR_LEFT,TURN_LEFT
1.110264,-1.668449,DIR_RIGHT,TURN_RIGHT
1.110264,-1.668449,DIR_RIGHT,TURN_RIGHT
1.110264,-1.668449,FOLLOW,FORWARD
1.087216,-1.672240,FOLLOW,FORWARD
1.057526,-1.676537,DIR_LEFT,TURN_LEFT
1.050950,-1.677475,DIR_RIGHT,TURN_RIGHT
1.050950,-1.677475,DIR_RIGHT,TURN_RIGHT
1.050950,-1.677475,DIR_RIGHT,TURN_RIGHT
1.050950,-1.677475,DIR_LEFT,TURN_LEFT
1.050950,-1.677475,DIR_LEFT,TURN_LEFT
1.050950,-1.677475,DIR_LEFT,TURN_LEFT
1.050950,-1.677475,DIR_RIGHT,TURN_RIGHT
1.050950,-1.677475,DIR_RIGHT,TURN_RIGHT
1.050950,-1.677475,DIR_LEFT,TURN_LEFT
1.050950,-1.677475,DIR_LEFT,TURN_LEFT
1.050950,-1.677475,DIR_RIGHT,TURN_RIGHT
1.050950,-1.677475,FOLLOW,FORWARD
1.027902,-1.681265,DIR_LEFT,TURN_LEFT
1.021348,-1.682344,DIR_RIGHT,TURN_RIGHT
1.021348,-1.682344,DIR_LEFT,TURN_LEFT
1.021348,-1.682344,DIR_RIGHT,TURN_RIGHT
1.021348,-1.682344,FOLLOW,FORWARD
0.998300,-1.686134,DIR_LEFT,TURN_LEFT
0.991745,-1.687213,WANDER,FORWARD
0.969682,-1.694880,DIR_RIGHT,TURN_RIGHT
0.963408,-1.697060,DIR_LEFT,TURN_LEFT
0.963408,-1.697060,DIR_LEFT,TURN_LEFT
0.963408,-1.697060,DIR_RIGHT,TURN_RIGHT
0.963408,-1.697060,FOLLOW,FORWARD
0.941693,-1.705665,DIR_LEFT,TURN_LEFT
0.935518,-1.708113,FOLLOW,FORWARD
0.915590,-1.720296,FOLLOW,FORWARD
0.890301,-1.736435,FOLLOW,FORWARD
0.865047,-1.752628,FOLLOW,FORWARD
0.839793,-1.768821,DIR_LEFT,TURN_LEFT
0.834201,-1.772406,FOLLOW,FORWARD
0.817319,-1.788549,DIR_LEFT,TURN_LEFT
0.812518,-1.793140,FOLLOW,FORWARD
0.799455,-1.812503,FOLLOW,FORWARD
0.783161,-1.837691,DIR_LEFT,TURN_LEFT
0.779565,-1.843276,DIR_LEFT,TURN_LEFT
0.779565,-1.843276,FOLLOW,FORWARD
0.775730,-1.866316,DIR_RIGHT,TURN_RIGHT
0.774639,-1.872869,FOLLOW,FORWARD
0.766931,-1.894917,DIR_LEFT,TURN_LEFT
0.764738,-1.901188,FOLLOW,FORWARD
0.760904,-1.924228,FOLLOW,FORWARD
0.756550,-1.953910,FOLLOW,FORWARD
0.752260,-1.983602,FOLLOW,FORWARD
0.747970,-2.013293,FOLLOW,FORWARD
0.743680,-2.042985,DIR_RIGHT,TURN_RIGHT
0.742731,-2.049560,FOLLOW,FORWARD
0.735022,-2.071608,FOLLOW,FORWARD
0.724576,-2.099730,FOLLOW,FORWARD
0.714071,-2.127831,FOLLOW,FORWARD
0.703565,-2.155931,FOLLOW,FORWARD
0.693059,-2.184031,FOLLOW,FORWARD
0.682554,-2.212132,DIR_RIGHT,TURN_RIGHT
0.680227,-2.218354,FOLLOW,FORWARD
0.668006,-2.238259,FOLLOW,FORWARD
0.651820,-2.263517,FOLLOW,FORWARD
0.635579,-2.288740,DIR_LEFT,TURN_LEFT
0.631982,-2.294325,FOLLOW,FORWARD
0.623336,-2.316023,FOLLOW,FORWARD
0.612770,-2.344100,DIR_RIGHT,TURN_RIGHT
0.610444,-2.350323,DIR_LEFT,TURN_LEFT
0.610444,-2.350323,DIR_LEFT,TURN_LEFT
0.610444,-2.350323,DIR_RIGHT,TURN_RIGHT
0.610444,-2.350323,DIR_RIGHT,TURN_RIGHT
0.610444,-2.350323,FOLLOW,FORWARD
0.598223,-2.370227,FOLLOW,FORWARD
0.582036,-2.395485,FOLLOW,FORWARD
0.565795,-2.420709,DIR_LEFT,TURN_LEFT
0.562199,-2.426294,DIR_LEFT,TURN_LEFT
0.562199,-2.426294,FOLLOW,FORWARD
0.558365,-2.449334,DIR_RIGHT,TURN_RIGHT
0.557274,-2.455887,FOLLOW,FORWARD
0.549565,-2.477935,IDLE,STOP
0.547373,-2.484206,IDLE,STOP
0.547373,-2.484206,FOLLOW,FORWARD
0.539193,-2.506084,FOLLOW,FORWARD
0.528688,-2.534185,DIR_LEFT,TURN_LEFT
0.526361,-2.540407,DIR_RIGHT,TURN_RIGHT
0.526361,-2.540407,FOLLOW,FORWARD
0.518653,-2.562455,FOLLOW,FORWARD
0.508207,-2.590577,FOLLOW,FORWARD
0.497702,-2.618678,DIR_LEFT,TURN_LEFT
0.495375,-2.624900,DIR_RIGHT,TURN_RIGHT
0.495375,-2.624900,DIR_RIGHT,TURN_RIGHT
0.495375,-2.624900,DIR_RIGHT,TURN_RIGHT
0.495375,-2.624900,DIR_LEFT,TURN_LEFT
0.495375,-2.624900,FOLLOW,FORWARD
0.482313,-2.644263,DIR_RIGHT,TURN_RIGHT
0.478598,-2.649770,DIR_LEFT,TURN_LEFT
0.478598,-2.649770,FOLLOW,FORWARD
0.465535,-2.669133,DIR_RIGHT,TURN_RIGHT
0.461820,-2.674640,DIR_LEFT,TURN_LEFT
0.461820,-2.674640,FOLLOW,FORWARD
0.448757,-2.694003,DIR_LEFT,TURN_LEFT
0.445042,-2.699509,DIR_LEFT,TURN_LEFT
0.445042,-2.699509,DIR_RIGHT,TURN_RIGHT
0.445042,-2.699509,DIR_RIGHT,TURN_RIGHT
0.445042,-2.699509,DIR_LEFT,TURN_LEFT
0.445042,-2.699509,DIR_LEFT,TURN_LEFT
0.445042,-2.699509,DIR_LEFT,TURN_LEFT
0.445042,-2.699509,DIR_RIGHT,TURN_RIGHT
0.445042,-2.699509,FOLLOW,FORWARD
0.442198,-2.722693,FOLLOW,FORWARD
0.437972,-2.752393,DIR_LEFT,TURN_LEFT
0.437022,-2.758968,DIR_RIGHT,TURN_RIGHT
0.437022,-2.758968,DIR_RIGHT,TURN_RIGHT
0.437022,-2.758968,DIR_LEFT,TURN_LEFT
0.437022,-2.758968,FOLLOW,FORWARD
0.433188,-2.782008,FOLLOW,FORWARD
0.428834,-2.811690,DIR_LEFT,TURN_LEFT
0.427884,-2.818264,DIR_RIGHT,TURN_RIGHT
0.427884,-2.818264,DIR_RIGHT,TURN_RIGHT
0.427884,-2.818264,DIR_LEFT,TURN_LEFT
0.427884,-2.818264,FOLLOW,FORWARD
0.424050,-2.841304,FOLLOW,FORWARD
0.419696,-2.870986,DIR_LEFT,TURN_LEFT
0.418746,-2.877561,DIR_RIGHT,TURN_RIGHT
0.418746,-2.877561,DIR_RIGHT,TURN_RIGHT
0.418746,-2.877561,DIR_LEFT,TURN_LEFT
0.418746,-2.877561,DIR_LEFT,TURN_LEFT
0.418746,-2.877561,DIR_RIGHT,TURN_RIGHT
0.418746,-2.877561,DIR_RIGHT,TURN_RIGHT
0.418746,-2.877561,DIR_LEFT,TURN_LEFT
0.418746,-2.877561,DIR_LEFT,TURN_LEFT
0.418746,-2.877561,FOLLOW,FORWARD
0.419899,-2.900890,DIR_RIGHT,TURN_RIGHT
0.420227,-2.907524,DIR_LEFT,TURN_LEFT
0.420227,-2.907524,DIR_RIGHT,TURN_RIGHT
0.420227,-2.907524,FOLLOW,FORWARD
0.417383,-2.930708,DIR_LEFT,TURN_LEFT
0.416574,-2.937301,FOLLOW,FORWARD
0.417727,-2.960630,FOLLOW,FORWARD
0.419785,-2.990558,DIR_RIGHT,TURN_RIGHT
0.420254,-2.997185,DIR_LEFT,TURN_LEFT
0.420254,-2.997185,DIR_RIGHT,TURN_RIGHT
0.420254,-2.997185,DIR_LEFT,TURN_LEFT
0.420254,-2.997185,DIR_LEFT,TURN_LEFT
0.420254,-2.997185,FOLLOW,FORWARD
0.426342,-3.019735,FOLLOW,FORWARD
0.434717,-3.048541,FOLLOW,FORWARD
0.443154,-3.077330,DIR_RIGHT,TURN_RIGHT
0.445022,-3.083705,DIR_RIGHT,TURN_RIGHT
0.445022,-3.083705,DIR_LEFT,TURN_LEFT
0.445022,-3.083705,DIR_LEFT,TURN_LEFT
0.445022,-3.083705,FOLLOW,FORWARD
0.451109,-3.106255,FOLLOW,FORWARD
0.459484,-3.135062,DIR_RIGHT,TURN_RIGHT
0.461353,-3.141437,DIR_RIGHT,TURN_RIGHT
0.461353,-3.141437,DIR_LEFT,TURN_LEFT
0.461353,-3.141437,FOLLOW,FORWARD
0.462505,-3.164765,DIR_RIGHT,TURN_RIGHT
0.462833,-3.171400,FOLLOW,FORWARD
0.459989,-3.194583,DIR_LEFT,TURN_LEFT
0.459180,-3.201177,DIR_RIGHT,TURN_RIGHT
0.459180,-3.201177,DIR_LEFT,TURN_LEFT
0.459180,-3.201177,FOLLOW,FORWARD
0.460333,-3.224505,FOLLOW,FORWARD
0.462391,-3.254434,FOLLOW,FORWARD
0.464513,-3.284359,DIR_RIGHT,TURN_RIGHT
0.464983,-3.290985,FOLLOW,FORWARD
0.462139,-3.314169,DIR_LEFT,TURN_LEFT
0.461330,-3.320762,FOLLOW,FORWARD
0.462483,-3.344091,DIR_RIGHT,TURN_RIGHT
0.462811,-3.350725,DIR_LEFT,TURN_LEFT
0.462811,-3.350725,FOLLOW,FORWARD
0.463963,-3.374054,DIR_RIGHT,TURN_RIGHT
0.464291,-3.380689,DIR_LEFT,TURN_LEFT
0.464291,-3.380689,FOLLOW,FORWARD
0.465444,-3.404018,DIR_RIGHT,TURN_RIGHT
0.465771,-3.410652,DIR_LEFT,TURN_LEFT
0.465771,-3.410652,FOLLOW,FORWARD
0.466924,-3.433981,DIR_RIGHT,TURN_RIGHT
0.467252,-3.440616,DIR_LEFT,TURN_LEFT
0.467252,-3.440616,DIR_RIGHT,TURN_RIGHT
0.467252,-3.440616,DIR_RIGHT,TURN_RIGHT
0.467252,-3.440616,DIR_LEFT,TURN_LEFT
0.467252,-3.440616,FOLLOW,FORWARD
0.463417,-3.463656,FOLLOW,FORWARD
0.459064,-3.493338,DIR_RIGHT,TURN_RIGHT
0.458114,-3.499912,DIR_RIGHT,TURN_RIGHT
0.458114,-3.499912,DIR_RIGHT,TURN_RIGHT
0.458114,-3.499912,DIR_LEFT,TURN_LEFT
0.458114,-3.499912,DIR_LEFT,TURN_LEFT
0.458114,-3.499912,DIR_LEFT,TURN_LEFT
0.458114,-3.499912,DIR_RIGHT,TURN_RIGHT
0.458114,-3.499912,DIR_RIGHT,TURN_RIGHT
0.458114,-3.499912,DIR_LEFT,TURN_LEFT
0.458114,-3.499912,DIR_LEFT,TURN_LEFT
0.458114,-3.499912,FOLLOW,FORWARD
0.454279,-3.522953,DIR_RIGHT,TURN_RIGHT
0.453189,-3.529505,DIR_LEFT,TURN_LEFT
0.453189,-3.529505,FOLLOW,FORWARD
0.449354,-3.552546,FOLLOW,FORWARD
0.445001,-3.582227,FOLLOW,FORWARD
0.440711,-3.611919,FOLLOW,FORWARD
0.436421,-3.641611,DIR_RIGHT,TURN_RIGHT
0.435471,-3.648185,DIR_RIGHT,TURN_RIGHT
0.435471,-3.648185,DIR_LEFT,TURN_LEFT
0.435471,-3.648185,DIR_LEFT,TURN_LEFT
0.435471,-3.648185,DIR_LEFT,TURN_LEFT
0.435471,-3.648185,DIR_RIGHT,TURN_RIGHT
0.435471,-3.648185,DIR_LEFT,TURN_LEFT
0.435471,-3.648185,DIR_RIGHT,TURN_RIGHT
0.435471,-3.648185,DIR_RIGHT,TURN_RIGHT
0.435471,-3.648185,DIR_RIGHT,TURN_RIGHT
0.435471,-3.648185,DIR_LEFT,TURN_LEFT
0.435471,-3.648185,FOLLOW,FORWARD
0.426825,-3.669883,DIR_LEFT,TURN_LEFT
0.424366,-3.676054,FOLLOW,FORWARD
0.420531,-3.699094,DIR_LEFT,TURN_LEFT
0.419440,-3.705647,FOLLOW,FORWARD
0.420593,-3.728976,DIR_RIGHT,TURN_RIGHT
0.420921,-3.735611,DIR_LEFT,TURN_LEFT
0.420921,-3.735611,FOLLOW,FORWARD
0.422073,-3.758939,DIR_RIGHT,TURN_RIGHT
0.422401,-3.765574,DIR_LEFT,TURN_LEFT
0.422401,-3.765574,FOLLOW,FORWARD
0.423554,-3.788903,DIR_RIGHT,TURN_RIGHT
0.423882,-3.795538,DIR_LEFT,TURN_LEFT
0.423882,-3.795538,FOLLOW,FORWARD
0.425034,-3.818866,DIR_RIGHT,TURN_RIGHT
0.425362,-3.825501,DIR_LEFT,TURN_LEFT
0.425362,-3.825501,FOLLOW,FORWARD
0.426515,-3.848830,DIR_RIGHT,TURN_RIGHT
0.426843,-3.855464,FOLLOW,FORWARD
0.423999,-3.878648,DIR_RIGHT,TURN_RIGHT
0.423190,-3.885241,FOLLOW,FORWARD
0.415481,-3.907290,FOLLOW,FORWARD
0.405036,-3.935412,FOLLOW,FORWARD
0.394530,-3.963512,DIR_LEFT,TURN_LEFT
0.392204,-3.969734,DIR_RIGHT,TURN_RIGHT
0.392204,-3.969734,DIR_LEFT,TURN_LEFT
0.392204,-3.969734,DIR_LEFT,TURN_LEFT
0.392204,-3.969734,FOLLOW,FORWARD
0.393356,-3.993063,FOLLOW,FORWARD
0.395414,-4.022992,DIR_RIGHT,TURN_RIGHT
0.395884,-4.029618,FOLLOW,FORWARD
0.393040,-4.052801,DIR_RIGHT,TURN_RIGHT
0.392231,-4.059395,DIR_LEFT,TURN_LEFT
0.392231,-4.059395,DIR_LEFT,TURN_LEFT
0.392231,-4.059395,DIR_RIGHT,TURN_RIGHT
0.392231,-4.059395,FOLLOW,FORWARD
0.389388,-4.082578,FOLLOW,FORWARD
0.385161,-4.112278,DIR_LEFT,TURN_LEFT
0.384211,-4.118853,DIR_RIGHT,TURN_RIGHT
0.384211,-4.118853,DIR_RIGHT,TURN_RIGHT
0.384211,-4.118853,DIR_RIGHT,TURN_RIGHT
0.384211,-4.118853,DIR_LEFT,TURN_LEFT
0.384211,-4.118853,DIR_LEFT,TURN_LEFT
0.384211,-4.118853,DIR_LEFT,TURN_LEFT
0.384211,-4.118853,DIR_RIGHT,TURN_RIGHT
0.384211,-4.118853,DIR_RIGHT,TURN_RIGHT
0.384211,-4.118853,IDLE,STOP
