-2.885300,-2.097890,DIR_RIGHT,TURN_RIGHT,SUSCEPTIBLE
-2.889010,-2.114151,DIR_RIGHT,TURN_RIGHT,SUSCEPTIBLE
-2.897791,-2.132054,DIR_RIGHT,TURN_RIGHT,SUSCEPTIBLE
-2.911211,-2.146784,DIR_RIGHT,TURN_RIGHT,SUSCEPTIBLE
-2.928238,-2.157135,DIR_RIGHT,TURN_RIGHT,SUSCEPTIBLE
-2.947493,-2.162267,DIR_RIGHT,TURN_RIGHT,SUSCEPTIBLE
-2.967414,-2.161764,DIR_RIGHT,TURN_RIGHT,SUSCEPTIBLE
-2.986385,-2.155667,FOLLOW,FORWARD,SUSCEPTIBLE
-3.016438,-2.135208,FOLLOW,FORWARD,SUSCEPTIBLE
-3.048264,-2.110980,FOLLOW,FORWARD,SUSCEPTIBLE
-3.080021,-2.086661,FOLLOW,FORWARD,SUSCEPTIBLE
-3.111779,-2.062341,FOLLOW,FORWARD,SUSCEPTIBLE
-3.143537,-2.038021,DIR_RIGHT,TURN_RIGHT,SUSCEPTIBLE
-3.162052,-2.023842,DIR_RIGHT,TURN_RIGHT,SUSCEPTIBLE
-3.174678,-2.008407,DIR_RIGHT,TURN_RIGHT,SUSCEPTIBLE
-3.182488,-1.990074,DIR_RIGHT,TURN_RIGHT,SUSCEPTIBLE
-3.184813,-1.970284,DIR_RIGHT,TURN_RIGHT,SUSCEPTIBLE
-3.181467,-1.950640,DIR_RIGHT,TURN_RIGHT,SUSCEPTIBLE
-3.172720,-1.932735,DIR_RIGHT,TURN_RIGHT,SUSCEPTIBLE
-3.159281,-1.918022,DIR_RIGHT,TURN_RIGHT,SUSCEPTIBLE
-3.142240,-1.907693,DIR_RIGHT,TURN_RIGHT,SUSCEPTIBLE
-3.122979,-1.902585,DIR_RIGHT,TURN_RIGHT,SUSCEPTIBLE
-3.103059,-1.903113,FOLLOW,FORWARD,SUSCEPTIBLE
-3.068473,-1.914317,FOLLOW,FORWARD,SUSCEPTIBLE
-3.031127,-1.928640,WANDER,TURN_RIGHT,SUSCEPTIBLE
-3.009376,-1.937053,DIR_LEFT,TURN_LEFT,SUSCEPTIBLE
-2.992926,-1.948324,DIR_LEFT,TURN_LEFT,SUSCEPTIBLE
-2.974710,-1.956467,DIR_LEFT,TURN_LEFT,SUSCEPTIBLE
-2.954979,-1.959252,DIR_LEFT,TURN_LEFT,SUSCEPTIBLE
-2.935262,-1.956363,DIR_LEFT,TURN_LEFT,SUSCEPTIBLE
-2.917159,-1.948035,DIR_LEFT,TURN_LEFT,SUSCEPTIBLE
-2.902138,-1.934942,FOLLOW,FORWARD,SUSCEPTIBLE
-2.882607,-1.904278,DIR_LEFT,TURN_LEFT,SUSCEPTIBLE
-2.871030,-1.884032,DIR_RIGHT,TURN_RIGHT,SUSCEPTIBLE
-2.865526,-1.864866,DIR_RIGHT,TURN_RIGHT,SUSCEPTIBLE
-2.856667,-1.846987,DIR_RIGHT,TURN_RIGHT,SUSCEPTIBLE
-2.843228,-1.832274,DIR_RIGHT,TURN_RIGHT,SUSCEPTIBLE
-2.826187,-1.821945,DIR_RIGHT,TURN_RIGHT,SUSCEPTIBLE
-2.806926,-1.816837,DIR_RIGHT,TURN_RIGHT,SUSCEPTIBLE
-2.787006,-1.817365,DIR_RIGHT,TURN_RIGHT,SUSCEPTIBLE
-2.768043,-1.823486,DIR_RIGHT,TURN_RIGHT,SUSCEPTIBLE
-2.751573,-1.834704,DIR_RIGHT,TURN_RIGHT,SUSCEPTIBLE
-2.738933,-1.850109,DIR_RIGHT,TURN_RIGHT,SUSCEPTIBLE
-2.731147,-1.868451,DIR_RIGHT,TURN_RIGHT,SUSCEPTIBLE
-2.728846,-1.888245,DIR_RIGHT,TURN_RIGHT,SUSCEPTIBLE
-2.732217,-1.907885,DIR_RIGHT,TURN_RIGHT,SUSCEPTIBLE
-2.740987,-1.925778,DIR_RIGHT,TURN_RIGHT,SUSCEPTIBLE
-2.754444,-1.940474,DIR_RIGHT,TURN_RIGHT,SUSCEPTIBLE
-2.771498,-1.950782,DIR_RIGHT,TURN_RIGHT,SUSCEPTIBLE
-2.790766,-1.955865,DIR_RIGHT,TURN_RIGHT,SUSCEPTIBLE
-2.810685,-1.955312,DIR_RIGHT,TURN_RIGHT,SUSCEPTIBLE
-2.829641,-1.949167,DIR_RIGHT,TURN_RIGHT,SUSCEPTIBLE
-2.846096,-1.937929,DIR_RIGHT,TURN_RIGHT,SUSCEPTIBLE
-2.858717,-1.922508,FOLLOW,FORWARD,SUSCEPTIBLE
-2.872846,-1.889010,FOLLOW,FORWARD,SUSCEPTIBLE
-2.886417,-1.851384,FOLLOW,FORWARD,SUSCEPTIBLE
-2.899881,-1.813718,DIR_LEFT,TURN_LEFT,SUSCEPTIBLE
-2.907731,-1.791758,DIR_LEFT,TURN_LEFT,SUSCEPTIBLE
-2.918574,-1.775023,DIR_LEFT,TURN_LEFT,SUSCEPTIBLE
-2.933648,-1.761990,DIR_LEFT,TURN_LEFT,SUSCEPTIBLE
-2.951784,-1.753733,DIR_LEFT,TURN_LEFT,SUSCEPTIBLE
-2.971512,-1.750923,DIR_LEFT,TURN_LEFT,SUSCEPTIBLE
-2.991232,-1.753787,DIR_LEFT,TURN_LEFT,SUSCEPTIBLE
-3.009345,-1.762093,DIR_LEFT,TURN_LEFT,SUSCEPTIBLE
-3.024384,-1.775167,FOLLOW,FORWARD,SUSCEPTIBLE
-3.043953,-1.805806,FOLLOW,FORWARD,SUSCEPTIBLE
-3.063669,-1.840608,DIR_RIGHT,TURN_RIGHT,SUSCEPTIBLE
-3.075106,-1.860933,DIR_RIGHT,TURN_RIGHT,SUSCEPTIBLE
-3.088614,-1.875602,DIR_RIGHT,TURN_RIGHT,SUSCEPTIBLE
-3.105667,-1.885909,DIR_RIGHT,TURN_RIGHT,SUSCEPTIBLE
-3.124935,-1.890993,DIR_RIGHT,TURN_RIGHT,SUSCEPTIBLE
-3.144854,-1.890439,DIR_RIGHT,TURN_RIGHT,SUSCEPTIBLE
-3.163810,-1.884294,FOLLOW,FORWARD,SUSCEPTIBLE
-3.193811,-1.863759,FOLLOW,FORWARD,SUSCEPTIBLE
-3.225575,-1.839451,WANDER,TURN_LEFT,SUSCEPTIBLE
-3.244055,-1.825225,DIR_LEFT,TURN_LEFT,SUSCEPTIBLE
-3.262227,-1.817013,DIR_LEFT,TURN_LEFT,SUSCEPTIBLE
-3.281955,-1.814203,DIR_LEFT,TURN_LEFT,SUSCEPTIBLE
-3.301675,-1.817067,WANDER,FORWARD,SUSCEPTIBLE
-3.334706,-1.832255,WANDER,FORWARD,SUSCEPTIBLE
-3.370111,-1.850865,DIR_RIGHT,TURN_RIGHT,SUSCEPTIBLE
-3.390724,-1.861775,DIR_RIGHT,TURN_RIGHT,SUSCEPTIBLE
-3.410019,-1.866808,DIR_RIGHT,TURN_RIGHT,SUSCEPTIBLE
-3.429938,-1.866255,DIR_RIGHT,TURN_RIGHT,SUSCEPTIBLE
-3.448894,-1.860110,DIR_RIGHT,TURN_RIGHT,SUSCEPTIBLE
-3.465349,-1.848871,DIR_RIGHT,TURN_RIGHT,SUSCEPTIBLE
-3.477970,-1.833451,DIR_RIGHT,TURN_RIGHT,SUSCEPTIBLE
-3.485733,-1.815098,DIR_RIGHT,TURN_RIGHT,SUSCEPTIBLE
-3.488009,-1.795302,FOLLOW,FORWARD,SUSCEPTIBLE
-3.481776,-1.759484,WANDER,FORWARD,SUSCEPTIBLE
-3.472842,-1.720496,WANDER,TURN_RIGHT,SUSCEPTIBLE
-3.467568,-1.697779,DIR_RIGHT,TURN_RIGHT,SUSCEPTIBLE
-3.458719,-1.679909,DIR_RIGHT,TURN_RIGHT,SUSCEPTIBLE
-3.445243,-1.665230,DIR_RIGHT,TURN_RIGHT,SUSCEPTIBLE
-3.428177,-1.654944,DIR_RIGHT,TURN_RIGHT,SUSCEPTIBLE
-3.408902,-1.649885,DIR_RIGHT,TURN_RIGHT,SUSCEPTIBLE
-3.388984,-1.650463,DIR_RIGHT,TURN_RIGHT,SUSCEPTIBLE
-3.370036,-1.656632,DIR_RIGHT,TURN_RIGHT,SUSCEPTIBLE
-3.353595,-1.667891,DIR_RIGHT,TURN_RIGHT,SUSCEPTIBLE
-3.340993,-1.683328,DIR_RIGHT,TURN_RIGHT,SUSCEPTIBLE
-3.333254,-1.701690,DIR_RIGHT,TURN_RIGHT,SUSCEPTIBLE
-3.331003,-1.721489,DIR_LEFT,TURN_LEFT,SUSCEPTIBLE
-3.334424,-1.741121,DIR_LEFT,TURN_LEFT,SUSCEPTIBLE
-3.334323,-1.761073,DIR_LEFT,TURN_LEFT,SUSCEPTIBLE
-3.328717,-1.780195,DIR_LEFT,TURN_LEFT,SUSCEPTIBLE
-3.317949,-1.796962,DIR_LEFT,TURN_LEFT,SUSCEPTIBLE
-3.302892,-1.810014,DIR_LEFT,TURN_LEFT,SUSCEPTIBLE
-3.284766,-1.818294,DIR_LEFT,TURN_LEFT,SUSCEPTIBLE
-3.265042,-1.821129,DIR_LEFT,TURN_LEFT,SUSCEPTIBLE
-3.245318,-1.818290,DIR_LEFT,TURN_LEFT,SUSCEPTIBLE
-3.227194,-1.810007,FOLLOW,FORWARD,SUSCEPTIBLE
-3.199752,-1.786160,DIR_LEFT,TURN_LEFT,SUSCEPTIBLE
-3.182898,-1.770041,DIR_LEFT,TURN_LEFT,SUSCEPTIBLE
-3.172172,-1.753230,DIR_LEFT,TURN_LEFT,SUSCEPTIBLE
-3.166570,-1.734107,DIR_LEFT,TURN_LEFT,SUSCEPTIBLE
-3.166585,-1.714180,DIR_LEFT,TURN_LEFT,SUSCEPTIBLE
-3.172215,-1.695065,WANDER,FORWARD,SUSCEPTIBLE
-3.191931,-1.664520,WANDER,FORWARD,SUSCEPTIBLE
-3.215372,-1.632110,WANDER,FORWARD,SUSCEPTIBLE
-3.238906,-1.599766,WANDER,FORWARD,SUSCEPTIBLE
-3.262440,-1.567422,WANDER,FORWARD,SUSCEPTIBLE
-3.285975,-1.535078,WANDER,FORWARD,SUSCEPTIBLE
-3.309509,-1.502734,WANDER,FORWARD,SUSCEPTIBLE
-3.333043,-1.470390,WANDER,FORWARD,SUSCEPTIBLE
-3.356577,-1.438046,DIR_RIGHT,TURN_RIGHT,SUSCEPTIBLE
-3.370298,-1.419188,DIR_RIGHT,TURN_RIGHT,SUSCEPTIBLE
-3.378016,-1.400801,DIR_RIGHT,TURN_RIGHT,SUSCEPTIBLE
-3.380291,-1.381004,DIR_RIGHT,TURN_RIGHT,SUSCEPTIBLE
-3.376895,-1.361369,DIR_RIGHT,TURN_RIGHT,SUSCEPTIBLE
-3.368103,-1.343487,FOLLOW,FORWARD,SUSCEPTIBLE
-3.343489,-1.316731,FOLLOW,FORWARD,SUSCEPTIBLE
-3.314888,-1.288769,FOLLOW,FORWARD,SUSCEPTIBLE
-3.286207,-1.260887,DIR_LEFT,TURN_LEFT,SUSCEPTIBLE
-3.269484,-1.244632,DIR_LEFT,TURN_LEFT,SUSCEPTIBLE
-3.258758,-1.227821,DIR_LEFT,TURN_LEFT,SUSCEPTIBLE
-3.253156,-1.208698,DIR_LEFT,TURN_LEFT,SUSCEPTIBLE
-3.253171,-1.188771,DIR_LEFT,TURN_LEFT,SUSCEPTIBLE
-3.258801,-1.169656,DIR_LEFT,TURN_LEFT,SUSCEPTIBLE
-3.269590,-1.152903,FOLLOW,FORWARD,SUSCEPTIBLE
-3.297116,-1.129153,WANDER,FORWARD,SUSCEPTIBLE
-3.328741,-1.104664,WANDER,FORWARD,SUSCEPTIBLE
-3.360438,-1.080264,WANDER,FORWARD,SUSCEPTIBLE
-3.392134,-1.055864,WANDER,FORWARD,SUSCEPTIBLE
-3.423830,-1.031464,WANDER,FORWARD,SUSCEPTIBLE
-3.455526,-1.007064,WANDER,FORWARD,SUSCEPTIBLE
-3.487222,-0.982664,DIR_LEFT,TURN_LEFT,SUSCEPTIBLE
-3.505702,-0.968438,DIR_LEFT,TURN_LEFT,SUSCEPTIBLE
-3.523873,-0.960226,WANDER,FORWARD,SUSCEPTIBLE
-3.559871,-0.955136,WANDER,FORWARD,SUSCEPTIBLE
-3.599716,-0.951642,WANDER,FORWARD,SUSCEPTIBLE
-3.639573,-0.948260,WANDER,FORWARD,SUSCEPTIBLE
-3.679430,-0.944879,DIR_RIGHT,TURN_RIGHT,SUSCEPTIBLE
-3.702668,-0.942908,DIR_RIGHT,TURN_RIGHT,SUSCEPTIBLE
-3.721620,-0.936706,DIR_RIGHT,TURN_RIGHT,SUSCEPTIBLE
-3.738075,-0.925467,DIR_RIGHT,TURN_RIGHT,SUSCEPTIBLE
-3.750696,-0.910047,DIR_RIGHT,TURN_RIGHT,SUSCEPTIBLE
-3.758459,-0.891694,DIR_RIGHT,TURN_RIGHT,SUSCEPTIBLE
-3.760735,-0.871898,DIR_RIGHT,TURN_RIGHT,SUSCEPTIBLE
-3.757339,-0.852262,DIR_RIGHT,TURN_RIGHT,SUSCEPTIBLE
-3.748547,-0.834380,DIR_RIGHT,TURN_RIGHT,SUSCEPTIBLE
-3.735071,-0.819701,DIR_RIGHT,TURN_RIGHT,SUSCEPTIBLE
-3.718004,-0.809415,FOLLOW,FORWARD,SUSCEPTIBLE
-3.682830,-0.800222,FOLLOW,FORWARD,SUSCEPTIBLE
-3.643650,-0.792170,WANDER,FORWARD,SUSCEPTIBLE
-3.604446,-0.784231,WANDER,FORWARD,SUSCEPTIBLE
-3.565242,-0.776291,WANDER,FORWARD,SUSCEPTIBLE
-3.526037,-0.768351,WANDER,FORWARD,SUSCEPTIBLE
-3.486833,-0.760412,WANDER,FORWARD,SUSCEPTIBLE
-3.447629,-0.752472,WANDER,FORWARD,SUSCEPTIBLE
-3.408425,-0.744532,WANDER,FORWARD,SUSCEPTIBLE
-3.369221,-0.736593,DIR_RIGHT,TURN_RIGHT,SUSCEPTIBLE
-3.346364,-0.731964,DIR_RIGHT,TURN_RIGHT,SUSCEPTIBLE
-3.326433,-0.732598,DIR_RIGHT,TURN_RIGHT,SUSCEPTIBLE
-3.307485,-0.738767,DIR_RIGHT,TURN_RIGHT,SUSCEPTIBLE
-3.291044,-0.750026,DIR_RIGHT,TURN_RIGHT,SUSCEPTIBLE
-3.278443,-0.765462,DIR_RIGHT,TURN_RIGHT,SUSCEPTIBLE
-3.270703,-0.783825,DIR_RIGHT,TURN_RIGHT,SUSCEPTIBLE
-3.268452,-0.803624,DIR_RIGHT,TURN_RIGHT,SUSCEPTIBLE
-3.271873,-0.823255,DIR_RIGHT,TURN_RIGHT,SUSCEPTIBLE
-3.280688,-0.841126,DIR_RIGHT,TURN_RIGHT,SUSCEPTIBLE
-3.294182,-0.855789,DIR_RIGHT,TURN_RIGHT,SUSCEPTIBLE
-3.311262,-0.866053,DIR_RIGHT,TURN_RIGHT,SUSCEPTIBLE
-3.330543,-0.871088,DIR_RIGHT,TURN_RIGHT,SUSCEPTIBLE
-3.350460,-0.870484,DIR_RIGHT,TURN_RIGHT,SUSCEPTIBLE
-3.369400,-0.864291,FOLLOW,FORWARD,SUSCEPTIBLE
-3.399349,-0.843680,FOLLOW,FORWARD,SUSCEPTIBLE
-3.431052,-0.819292,WANDER,FORWARD,SUSCEPTIBLE
-3.462686,-0.794812,WANDER,FORWARD,SUSCEPTIBLE
-3.494321,-0.770331,WANDER,FORWARD,SUSCEPTIBLE
-3.525955,-0.745851,WANDER,TURN_LEFT,SUSCEPTIBLE
-3.544399,-0.731579,WANDER,FORWARD,SUSCEPTIBLE
-3.577562,-0.716539,WANDER,FORWARD,SUSCEPTIBLE
-3.614771,-0.701861,WANDER,FORWARD,SUSCEPTIBLE
-3.652022,-0.687290,WANDER,FORWARD,SUSCEPTIBLE
-3.689273,-0.672718,DIR_RIGHT,TURN_RIGHT,SUSCEPTIBLE
-3.710992,-0.664222,DIR_RIGHT,TURN_RIGHT,SUSCEPTIBLE
-3.727399,-0.652888,DIR_RIGHT,TURN_RIGHT,SUSCEPTIBLE
-3.739981,-0.637436,DIR_RIGHT,TURN_RIGHT,SUSCEPTIBLE
-3.747697,-0.619064,DIR_RIGHT,TURN_RIGHT,SUSCEPTIBLE
-3.749923,-0.599262,DIR_RIGHT,TURN_RIGHT,SUSCEPTIBLE
-3.746478,-0.579635,DIR_RIGHT,TURN_RIGHT,SUSCEPTIBLE
-3.737640,-0.561775,DIR_RIGHT,TURN_RIGHT,SUSCEPTIBLE
-3.724127,-0.547130,DIR_RIGHT,TURN_RIGHT,SUSCEPTIBLE
-3.707034,-0.536887,FOLLOW,FORWARD,SUSCEPTIBLE
-3.671837,-0.527783,FOLLOW,FORWARD,SUSCEPTIBLE
-3.632637,-0.519831,WANDER,FORWARD,SUSCEPTIBLE
-3.593413,-0.511990,WANDER,TURN_LEFT,SUSCEPTIBLE
-3.570544,-0.507419,WANDER,FORWARD,SUSCEPTIBLE
-3.537446,-0.492235,WANDER,TURN_LEFT,SUSCEPTIBLE
-3.516705,-0.481572,WANDER,FORWARD,SUSCEPTIBLE
-3.489228,-0.457675,WANDER,FORWARD,SUSCEPTIBLE
-3.460398,-0.429950,WANDER,FORWARD,SUSCEPTIBLE
-3.431646,-0.402141,WANDER,FORWARD,SUSCEPTIBLE
-3.402894,-0.374333,WANDER,FORWARD,SUSCEPTIBLE
-3.374141,-0.346524,WANDER,FORWARD,SUSCEPTIBLE
-3.345389,-0.318716,WANDER,FORWARD,SUSCEPTIBLE
-3.316637,-0.290907,DIR_LEFT,TURN_LEFT,SUSCEPTIBLE
-3.299874,-0.274694,DIR_LEFT,TURN_LEFT,SUSCEPTIBLE
-3.289106,-0.257910,DIR_LEFT,TURN_LEFT,SUSCEPTIBLE
-3.283455,-0.238801,DIR_LEFT,TURN_LEFT,SUSCEPTIBLE
-3.283419,-0.218875,DIR_LEFT,TURN_LEFT,SUSCEPTIBLE
-3.289001,-0.199745,DIR_LEFT,TURN_LEFT,SUSCEPTIBLE
-3.299748,-0.182965,FOLLOW,FORWARD,SUSCEPTIBLE
-3.327214,-0.159146,FOLLOW,FORWARD,SUSCEPTIBLE
-3.358777,-0.134576,WANDER,FORWARD,SUSCEPTIBLE
-3.390411,-0.110096,WANDER,FORWARD,SUSCEPTIBLE
-3.422046,-0.085616,WANDER,FORWARD,SUSCEPTIBLE
-3.453680,-0.061136,WANDER,TURN_RIGHT,SUSCEPTIBLE
-3.472124,-0.046863,WANDER,FORWARD,SUSCEPTIBLE
-3.495003,-0.018534,WANDER,FORWARD,SUSCEPTIBLE
-3.518547,0.013801,WANDER,FORWARD,SUSCEPTIBLE
-3.542000,0.046204,WANDER,FORWARD,SUSCEPTIBLE
-3.565452,0.078608,WANDER,TURN_RIGHT,SUSCEPTIBLE
-3.579125,0.097500,WANDER,TURN_RIGHT,SUSCEPTIBLE
-3.586796,0.115907,WANDER,FORWARD,SUSCEPTIBLE
-3.590819,0.152039,WANDER,FORWARD,SUSCEPTIBLE
-3.593135,0.191970,WANDER,FORWARD,SUSCEPTIBLE
-3.595336,0.231910,WANDER,TURN_RIGHT,SUSCEPTIBLE
-3.596620,0.255196,WANDER,FORWARD,SUSCEPTIBLE
-3.590181,0.291037,WANDER,FORWARD,SUSCEPTIBLE
-3.581148,0.330002,WANDER,FORWARD,SUSCEPTIBLE
-3.572004,0.368943,WANDER,FORWARD,SUSCEPTIBLE
-3.562860,0.407883,WANDER,TURN_RIGHT,SUSCEPTIBLE
-3.557528,0.430587,WANDER,FORWARD,SUSCEPTIBLE
-3.541249,0.463160,WANDER,FORWARD,SUSCEPTIBLE
-3.521600,0.498000,WANDER,FORWARD,SUSCEPTIBLE
-3.501851,0.532785,WANDER,FORWARD,SUSCEPTIBLE
-3.482102,0.567569,WANDER,FORWARD,SUSCEPTIBLE
-3.462353,0.602354,WANDER,FORWARD,SUSCEPTIBLE
-3.442605,0.637139,WANDER,FORWARD,SUSCEPTIBLE
-3.422856,0.671924,WANDER,FORWARD,SUSCEPTIBLE
-3.403107,0.706709,WANDER,FORWARD,SUSCEPTIBLE
-3.383358,0.741493,WANDER,TURN_RIGHT,SUSCEPTIBLE
-3.371844,0.761774,WANDER,FORWARD,SUSCEPTIBLE
-3.347044,0.788438,WANDER,FORWARD,SUSCEPTIBLE
-3.318373,0.816328,WANDER,FORWARD,SUSCEPTIBLE
-3.289620,0.844137,WANDER,FORWARD,SUSCEPTIBLE
-3.260868,0.871945,WANDER,FORWARD,SUSCEPTIBLE
-3.232116,0.899754,WANDER,FORWARD,SUSCEPTIBLE
-3.203364,0.927562,WANDER,FORWARD,SUSCEPTIBLE
-3.174612,0.955371,WANDER,FORWARD,SUSCEPTIBLE
-3.145860,0.983179,WANDER,FORWARD,SUSCEPTIBLE
-3.117108,1.010988,WANDER,FORWARD,SUSCEPTIBLE
-3.088356,1.038797,WANDER,FORWARD,SUSCEPTIBLE
-3.059604,1.066605,WANDER,FORWARD,SUSCEPTIBLE
-3.030852,1.094414,WANDER,FORWARD,SUSCEPTIBLE
-3.002099,1.122222,WANDER,FORWARD,SUSCEPTIBLE
-2.973347,1.150031,WANDER,FORWARD,SUSCEPTIBLE
-2.944595,1.177839,WANDER,FORWARD,SUSCEPTIBLE
-2.915843,1.205648,WANDER,TURN_LEFT,SUSCEPTIBLE
-2.899080,1.221861,WANDER,FORWARD,SUSCEPTIBLE
-2.879452,1.252533,WANDER,FORWARD,SUSCEPTIBLE
-2.859605,1.287260,WANDER,FORWARD,SUSCEPTIBLE
-2.839856,1.322045,DIR_RIGHT,TURN_RIGHT,SUSCEPTIBLE
-2.828342,1.342326,DIR_RIGHT,TURN_RIGHT,SUSCEPTIBLE
-2.814778,1.356944,DIR_RIGHT,TURN_RIGHT,SUSCEPTIBLE
-2.797686,1.367186,DIR_LEFT,TURN_LEFT,SUSCEPTIBLE
-2.778399,1.372197,DIR_LEFT,TURN_LEFT,SUSCEPTIBLE
-2.760276,1.380546,DIR_LEFT,TURN_LEFT,SUSCEPTIBLE
-2.745189,1.393563,DIR_LEFT,TURN_LEFT,SUSCEPTIBLE
-2.734382,1.410304,DIR_LEFT,TURN_LEFT,SUSCEPTIBLE
-2.728731,1.429413,DIR_LEFT,TURN_LEFT,SUSCEPTIBLE
-2.728695,1.449340,DIR_LEFT,TURN_LEFT,SUSCEPTIBLE
-2.734277,1.468469,DIR_RIGHT,TURN_RIGHT,SUSCEPTIBLE
-2.745024,1.485250,DIR_RIGHT,TURN_RIGHT,SUSCEPTIBLE
-2.752648,1.503689,DIR_RIGHT,TURN_RIGHT,SUSCEPTIBLE
-2.754874,1.523491,DIR_RIGHT,TURN_RIGHT,SUSCEPTIBLE
-2.751428,1.543118,DIR_RIGHT,TURN_RIGHT,SUSCEPTIBLE
-2.742590,1.560978,DIR_RIGHT,TURN_RIGHT,SUSCEPTIBLE
-2.729077,1.575623,DIR_RIGHT,TURN_RIGHT,SUSCEPTIBLE
-2.711985,1.585866,FOLLOW,FORWARD,SUSCEPTIBLE
-2.676787,1.594970,FOLLOW,FORWARD,SUSCEPTIBLE
-2.637587,1.602922,FOLLOW,FORWARD,SUSCEPTIBLE
-2.598363,1.610763,WANDER,FORWARD,SUSCEPTIBLE
-2.559139,1.618603,WANDER,FORWARD,SUSCEPTIBLE
-2.519915,1.626444,WANDER,FORWARD,SUSCEPTIBLE
-2.480691,1.634284,DIR_RIGHT,TURN_RIGHT,SUSCEPTIBLE
-2.457822,1.638855,DIR_RIGHT,TURN_RIGHT,SUSCEPTIBLE
-2.437893,1.638171,DIR_RIGHT,TURN_RIGHT,SUSCEPTIBLE
-2.418961,1.631954,DIR_RIGHT,TURN_RIGHT,SUSCEPTIBLE
-2.402548,1.620653,DIR_RIGHT,TURN_RIGHT,SUSCEPTIBLE
-2.389986,1.605185,DIR_RIGHT,TURN_RIGHT,SUSCEPTIBLE
-2.382292,1.586803,DIR_RIGHT,TURN_RIGHT,SUSCEPTIBLE
-2.380092,1.566998,WANDER,FORWARD,SUSCEPTIBLE
-2.386460,1.531204,WANDER,FORWARD,SUSCEPTIBLE
-2.395543,1.492251,WANDER,FORWARD,SUSCEPTIBLE
-2.404736,1.453322,WANDER,FORWARD,SUSCEPTIBLE
-2.413930,1.414392,WANDER,FORWARD,SUSCEPTIBLE
-2.423123,1.375463,WANDER,TURN_LEFT,SUSCEPTIBLE
-2.428484,1.352766,WANDER,FORWARD,SUSCEPTIBLE
-2.428451,1.316352,WANDER,FORWARD,SUSCEPTIBLE
-2.426414,1.276405,WANDER,FORWARD,SUSCEPTIBLE
-2.424263,1.236463,WANDER,FORWARD,SUSCEPTIBLE
-2.422112,1.196521,WANDER,FORWARD,SUSCEPTIBLE
-2.419961,1.156579,WANDER,FORWARD,SUSCEPTIBLE
-2.417810,1.116637,DIR_LEFT,TURN_LEFT,SUSCEPTIBLE
-2.416556,1.093349,DIR_LEFT,TURN_LEFT,SUSCEPTIBLE
-2.410941,1.074215,DIR_LEFT,TURN_LEFT,SUSCEPTIBLE
-2.400215,1.057421,DIR_LEFT,TURN_LEFT,SUSCEPTIBLE
-2.385191,1.044331,DIR_LEFT,TURN_LEFT,SUSCEPTIBLE
-2.367086,1.036006,DIR_LEFT,TURN_LEFT,SUSCEPTIBLE
-2.347370,1.033121,FOLLOW,FORWARD,SUSCEPTIBLE
-2.311377,1.038247,FOLLOW,FORWARD,SUSCEPTIBLE
-2.272132,1.045975,WANDER,FORWARD,SUSCEPTIBLE
-2.232908,1.053815,WANDER,FORWARD,SUSCEPTIBLE
-2.193684,1.061656,DIR_LEFT,TURN_LEFT,SUSCEPTIBLE
-2.170815,1.066227,DIR_LEFT,TURN_LEFT,SUSCEPTIBLE
-2.152681,1.074520,DIR_LEFT,TURN_LEFT,SUSCEPTIBLE
-2.137593,1.087537,DIR_LEFT,TURN_LEFT,SUSCEPTIBLE
-2.126786,1.104279,DIR_LEFT,TURN_LEFT,SUSCEPTIBLE
-2.121135,1.123388,DIR_LEFT,TURN_LEFT,SUSCEPTIBLE
-2.121099,1.143315,FOLLOW,FORWARD,SUSCEPTIBLE
-2.131319,1.178204,FOLLOW,FORWARD,SUSCEPTIBLE
-2.144580,1.215941,DIR_RIGHT,TURN_RIGHT,SUSCEPTIBLE
-2.152374,1.237921,DIR_RIGHT,TURN_RIGHT,SUSCEPTIBLE
-2.154547,1.257743,DIR_RIGHT,TURN_RIGHT,SUSCEPTIBLE
-2.151101,1.277370,DIR_RIGHT,TURN_RIGHT,SUSCEPTIBLE
-2.142263,1.295230,DIR_RIGHT,TURN_RIGHT,SUSCEPTIBLE
-2.128750,1.309875,DIR_RIGHT,TURN_RIGHT,SUSCEPTIBLE
-2.111657,1.320118,FOLLOW,FORWARD,SUSCEPTIBLE
-2.076460,1.329222,FOLLOW,FORWARD,SUSCEPTIBLE
-2.037260,1.337174,FOLLOW,FORWARD,SUSCEPTIBLE
-1.998036,1.345015,WANDER,FORWARD,SUSCEPTIBLE
-1.958812,1.352855,WANDER,FORWARD,SUSCEPTIBLE
-1.919588,1.360696,WANDER,TURN_LEFT,SUSCEPTIBLE
-1.896719,1.365267,WANDER,FORWARD,SUSCEPTIBLE
-1.863621,1.380451,WANDER,FORWARD,SUSCEPTIBLE
-1.828145,1.398927,WANDER,FORWARD,SUSCEPTIBLE
-1.792721,1.417504,WANDER,FORWARD,SUSCEPTIBLE
-1.757297,1.436082,WANDER,FORWARD,SUSCEPTIBLE
-1.721873,1.454660,WANDER,TURN_RIGHT,SUSCEPTIBLE
-1.701219,1.465491,WANDER,FORWARD,SUSCEPTIBLE
-1.665939,1.474507,WANDER,FORWARD,SUSCEPTIBLE
-1.626739,1.482459,WANDER,FORWARD,SUSCEPTIBLE
-1.587515,1.490299,WANDER,FORWARD,SUSCEPTIBLE
-1.548291,1.498140,WANDER,TURN_LEFT,SUSCEPTIBLE
-1.525422,1.502711,WANDER,FORWARD,SUSCEPTIBLE
-1.492324,1.517895,DIR_LEFT,TURN_LEFT,SUSCEPTIBLE
-1.471583,1.528558,DIR_LEFT,TURN_LEFT,SUSCEPTIBLE
-1.456521,1.541626,DIR_LEFT,TURN_LEFT,SUSCEPTIBLE
-1.445713,1.558368,DIR_LEFT,TURN_LEFT,SUSCEPTIBLE
-1.440063,1.577477,DIR_LEFT,TURN_LEFT,SUSCEPTIBLE
-1.440027,1.597403,DIR_LEFT,TURN_LEFT,SUSCEPTIBLE
-1.445609,1.616533,DIR_LEFT,TURN_LEFT,SUSCEPTIBLE
-1.456356,1.633313,DIR_LEFT,TURN_LEFT,SUSCEPTIBLE
-1.471397,1.646384,DIR_LEFT,TURN_LEFT,SUSCEPTIBLE
-1.489512,1.654686,WANDER,FORWARD,SUSCEPTIBLE
-1.525496,1.659867,WANDER,FORWARD,SUSCEPTIBLE
-1.565333,1.663463,WANDER,FORWARD,SUSCEPTIBLE
-1.605181,1.666945,WANDER,FORWARD,SUSCEPTIBLE
-1.645029,1.670427,WANDER,FORWARD,SUSCEPTIBLE
-1.684877,1.673909,WANDER,FORWARD,SUSCEPTIBLE
-1.724725,1.677391,DIR_RIGHT,TURN_RIGHT,SUSCEPTIBLE
-1.747958,1.679421,DIR_RIGHT,TURN_RIGHT,SUSCEPTIBLE
-1.766894,1.685671,DIR_RIGHT,TURN_RIGHT,SUSCEPTIBLE
-1.783321,1.696951,WANDER,FORWARD,SUSCEPTIBLE
-1.806247,1.725167,WANDER,FORWARD,SUSCEPTIBLE
-1.829791,1.757502,WANDER,FORWARD,SUSCEPTIBLE
-1.853243,1.789905,WANDER,FORWARD,SUSCEPTIBLE
-1.876696,1.822309,WANDER,FORWARD,SUSCEPTIBLE
-1.900148,1.854713,WANDER,FORWARD,SUSCEPTIBLE
-1.923600,1.887116,WANDER,FORWARD,SUSCEPTIBLE
-1.947052,1.919520,DIR_LEFT,TURN_LEFT,SUSCEPTIBLE
-1.960726,1.938412,DIR_LEFT,TURN_LEFT,SUSCEPTIBLE
-1.975814,1.951450,DIR_LEFT,TURN_LEFT,SUSCEPTIBLE
-1.993929,1.959753,FOLLOW,FORWARD,SUSCEPTIBLE
-2.029913,1.964933,FOLLOW,FORWARD,SUSCEPTIBLE
-2.069750,1.968529,WANDER,FORWARD,SUSCEPTIBLE
-2.109598,1.972011,WANDER,FORWARD,SUSCEPTIBLE
-2.149446,1.975493,WANDER,FORWARD,SUSCEPTIBLE
-2.189294,1.978975,WANDER,FORWARD,SUSCEPTIBLE
-2.229142,1.982457,WANDER,FORWARD,SUSCEPTIBLE
-2.268991,1.985939,WANDER,FORWARD,SUSCEPTIBLE
-2.308839,1.989421,WANDER,FORWARD,SUSCEPTIBLE
-2.348687,1.992903,WANDER,FORWARD,SUSCEPTIBLE
-2.388535,1.996385,WANDER,FORWARD,SUSCEPTIBLE
-2.428383,1.999867,WANDER,FORWARD,SUSCEPTIBLE
-2.468231,2.003349,WANDER,TURN_RIGHT,SUSCEPTIBLE
-2.491464,2.005379,WANDER,FORWARD,SUSCEPTIBLE
-2.526030,2.016833,WANDER,FORWARD,SUSCEPTIBLE
-2.563322,2.031298,WANDER,FORWARD,SUSCEPTIBLE
-2.600573,2.045870,WANDER,FORWARD,SUSCEPTIBLE
-2.637825,2.060441,DIR_RIGHT,TURN_RIGHT,SUSCEPTIBLE
-2.659543,2.068937,DIR_RIGHT,TURN_RIGHT,SUSCEPTIBLE
-2.675950,2.080271,DIR_RIGHT,TURN_RIGHT,SUSCEPTIBLE
-2.688532,2.095723,DIR_RIGHT,TURN_RIGHT,SUSCEPTIBLE
-2.696249,2.114095,DIR_RIGHT,TURN_RIGHT,SUSCEPTIBLE
-2.698474,2.133898,DIR_RIGHT,TURN_RIGHT,SUSCEPTIBLE
-2.695029,2.153524,DIR_RIGHT,TURN_RIGHT,SUSCEPTIBLE
-2.686191,2.171384,DIR_RIGHT,TURN_RIGHT,SUSCEPTIBLE
-2.672678,2.186029,WANDER,FORWARD,SUSCEPTIBLE
-2.641474,2.204685,WANDER,TURN_LEFT,SUSCEPTIBLE
-2.620909,2.215684,WANDER,FORWARD,SUSCEPTIBLE
-2.593432,2.239581,WANDER,FORWARD,SUSCEPTIBLE
-2.564602,2.267306,WANDER,TURN_LEFT,SUSCEPTIBLE
-2.547839,2.283519,WANDER,FORWARD,SUSCEPTIBLE
-2.528211,2.314191,WANDER,FORWARD,SUSCEPTIBLE
-2.508364,2.348918,WANDER,FORWARD,SUSCEPTIBLE
-2.488615,2.383703,WANDER,TURN_LEFT,SUSCEPTIBLE
-2.477100,2.403984,WANDER,FORWARD,SUSCEPTIBLE
-2.466913,2.438944,WANDER,FORWARD,SUSCEPTIBLE
-2.457658,2.477857,WANDER,FORWARD,SUSCEPTIBLE
-2.448514,2.516798,WANDER,FORWARD,SUSCEPTIBLE
-2.439369,2.555739,WANDER,FORWARD,SUSCEPTIBLE
-2.430225,2.594679,WANDER,FORWARD,SUSCEPTIBLE
-2.421080,2.633620,WANDER,FORWARD,SUSCEPTIBLE
-2.411936,2.672561,DIR_LEFT,TURN_LEFT,SUSCEPTIBLE
-2.406604,2.695265,DIR_LEFT,TURN_LEFT,SUSCEPTIBLE
-2.406624,2.715205,DIR_LEFT,TURN_LEFT,SUSCEPTIBLE
-2.412206,2.734335,WANDER,FORWARD,SUSCEPTIBLE
-2.431845,2.764929,WANDER,TURN_RIGHT,SUSCEPTIBLE
-2.445364,2.783933,WANDER,FORWARD,SUSCEPTIBLE
-2.459332,2.817562,WANDER,FORWARD,SUSCEPTIBLE
-2.472808,2.855222,DIR_RIGHT,TURN_RIGHT,SUSCEPTIBLE
-2.480603,2.877202,DIR_RIGHT,TURN_RIGHT,SUSCEPTIBLE
-2.482775,2.897024,DIR_RIGHT,TURN_RIGHT,SUSCEPTIBLE
-2.479329,2.916651,FOLLOW,FORWARD,SUSCEPTIBLE
-2.463172,2.949219,FOLLOW,FORWARD,SUSCEPTIBLE
-2.443523,2.984059,WANDER,FORWARD,SUSCEPTIBLE
-2.423774,3.018843,WANDER,FORWARD,SUSCEPTIBLE
-2.404025,3.053628,DIR_LEFT,TURN_LEFT,SUSCEPTIBLE
-2.392511,3.073909,DIR_LEFT,TURN_LEFT,SUSCEPTIBLE
-2.386910,3.093047,DIR_LEFT,TURN_LEFT,SUSCEPTIBLE
-2.386874,3.112974,FOLLOW,FORWARD,SUSCEPTIBLE
-2.397094,3.147863,WANDER,FORWARD,SUSCEPTIBLE
-2.410355,3.185600,WANDER,FORWARD,SUSCEPTIBLE
-2.423723,3.223299,WANDER,FORWARD,SUSCEPTIBLE
-2.437092,3.260999,WANDER,FORWARD,SUSCEPTIBLE
-2.450461,3.298699,WANDER,FORWARD,SUSCEPTIBLE
-2.463830,3.336399,WANDER,FORWARD,SUSCEPTIBLE
-2.477199,3.374099,WANDER,FORWARD,SUSCEPTIBLE
-2.490568,3.411798,WANDER,FORWARD,SUSCEPTIBLE
-2.503937,3.449498,WANDER,FORWARD,SUSCEPTIBLE
-2.517305,3.487198,DIR_LEFT,TURN_LEFT,SUSCEPTIBLE
-2.525100,3.509178,DIR_LEFT,TURN_LEFT,SUSCEPTIBLE
-2.535901,3.525940,DIR_LEFT,TURN_LEFT,SUSCEPTIBLE
-2.550942,3.539012,DIR_LEFT,TURN_LEFT,SUSCEPTIBLE
-2.569057,3.547314,DIR_LEFT,TURN_LEFT,SUSCEPTIBLE
-2.588777,3.550174,DIR_LEFT,TURN_LEFT,SUSCEPTIBLE
-2.608505,3.547360,DIR_LEFT,TURN_LEFT,SUSCEPTIBLE
-2.626639,3.539100,DIR_LEFT,TURN_LEFT,SUSCEPTIBLE
-2.641710,3.526064,DIR_LEFT,TURN_LEFT,SUSCEPTIBLE
-2.652496,3.509308,DIR_LEFT,TURN_LEFT,SUSCEPTIBLE
-2.658123,3.490192,WANDER,FORWARD,SUSCEPTIBLE
-2.658104,3.453837,WANDER,FORWARD,SUSCEPTIBLE
-2.655967,3.413895,WANDER,FORWARD,SUSCEPTIBLE
-2.653715,3.373959,WANDER,TURN_LEFT,SUSCEPTIBLE
-2.652402,3.350674,WANDER,TURN_LEFT,SUSCEPTIBLE
-2.646739,3.331555,WANDER,FORWARD,SUSCEPTIBLE
-2.627061,3.300985,WANDER,FORWARD,SUSCEPTIBLE
-2.603661,3.268545,WANDER,FORWARD,SUSCEPTIBLE
-2.580168,3.236171,WANDER,FORWARD,SUSCEPTIBLE
-2.556674,3.203797,DIR_RIGHT,TURN_RIGHT,SUSCEPTIBLE
-2.542977,3.184922,DIR_RIGHT,TURN_RIGHT,SUSCEPTIBLE
