2.200000,2.200000,IDLE,FORWARD
2.184986,2.182107,IDLE,STOP
2.180716,2.177019,IDLE,STOP
2.180716,2.177019,IDLE,STOP
2.180716,2.177019,IDLE,STOP
2.180716,2.177019,IDLE,STOP
2.180716,2.177019,IDLE,STOP
2.180716,2.177019,IDLE,STOP
2.180716,2.177019,IDLE,STOP
2.180716,2.177019,IDLE,STOP
2.180716,2.177019,IDLE,STOP
2.180716,2.177019,IDLE,STOP
2.180716,2.177019,IDLE,STOP
2.180716,2.177019,FOLLOW,STOP
2.180716,2.177019,FOLLOW,TURN RIGHT
2.167460,2.161220,DIR_LEFT,TURN RIGHT
2.142803,2.145256,DIR_LEFT,TURN LEFT
2.113550,2.140109,DIR_LEFT,TURN LEFT
2.086384,2.127800,FOLLOW,FORWARD
2.068922,2.108708,FOLLOW,TURN RIGHT
2.057327,2.093182,DIR_LEFT,TURN RIGHT
2.035827,2.074516,DIR_LEFT,FORWARD
2.007749,2.064777,DIR_LEFT,FORWARD
1.978638,2.057538,DIR_LEFT,FORWARD
1.949494,2.050422,DIR_LEFT,TURN LEFT
1.920350,2.043306,DIR_LEFT,TURN LEFT
1.895435,2.027026,FOLLOW,TURN LEFT
1.885476,2.013267,FOLLOW,TURN RIGHT
1.880936,1.998783,FOLLOW,TURN RIGHT
1.870053,1.975764,DIR_LEFT,TURN LEFT
1.849242,1.954922,FOLLOW,TURN LEFT
1.842244,1.945405,FOLLOW,TURN LEFT
1.836271,1.928447,FOLLOW,TURN LEFT
1.834426,1.909310,FOLLOW,TURN LEFT
1.837777,1.890658,DIR_RIGHT,TURN RIGHT
1.850264,1.865056,FOLLOW,TURN LEFT
1.854024,1.845757,DIR_RIGHT,TURN RIGHT
1.862280,1.818537,FOLLOW,TURN LEFT
1.862823,1.799521,FOLLOW,TURN RIGHT
1.864813,1.782187,FOLLOW,TURN RIGHT
1.863973,1.764538,FOLLOW,TURN RIGHT
1.858790,1.747494,FOLLOW,FORWARD
1.849431,1.732233,FOLLOW,FORWARD
1.839251,1.717298,FOLLOW,FORWARD
1.828961,1.702283,FOLLOW,FORWARD
1.818602,1.687170,FOLLOW,FORWARD
1.808183,1.671968,FOLLOW,FORWARD
1.797709,1.656685,FOLLOW,FORWARD
1.783976,1.636648,FOLLOW,FORWARD
1.773370,1.621174,FOLLOW,FORWARD
1.763122,1.606221,FOLLOW,FORWARD
1.752802,1.591164,FOLLOW,FORWARD
1.742415,1.576008,FOLLOW,FORWARD
1.731965,1.560762,FOLLOW,FORWARD
1.718241,1.540738,FOLLOW,FORWARD
1.707651,1.525285,FOLLOW,FORWARD
1.697413,1.510348,FOLLOW,TURN LEFT
1.687101,1.495302,FOLLOW,TURN LEFT
1.680146,1.478349,FOLLOW,FORWARD
1.677180,1.454458,FOLLOW,FORWARD
1.675670,1.435840,FOLLOW,FORWARD
1.674264,1.417729,FOLLOW,FORWARD
1.672393,1.393621,FOLLOW,FORWARD
1.670502,1.369246,FOLLOW,FORWARD
1.669076,1.350874,FOLLOW,FORWARD
1.667237,1.327180,FOLLOW,FORWARD
1.665365,1.303047,FOLLOW,TURN LEFT
1.663949,1.284809,DIR_RIGHT,TURN RIGHT
1.667635,1.256755,FOLLOW,TURN LEFT
1.662485,1.226766,DIR_RIGHT,FORWARD
1.665459,1.197025,DIR_RIGHT,TURN LEFT
1.670839,1.167514,DIR_RIGHT,FORWARD
1.685732,1.141745,DIR_RIGHT,FORWARD
1.702892,1.117141,DIR_RIGHT,TURN RIGHT
1.720160,1.092609,DIR_RIGHT,TURN RIGHT
1.728213,1.063957,DIR_RIGHT,FORWARD
1.723883,1.034583,DIR_RIGHT,FORWARD
1.716766,1.005442,DIR_RIGHT,FORWARD
1.709523,0.976329,DIR_RIGHT,TURN RIGHT
1.702280,0.947217,FOLLOW,TURN LEFT
1.674794,0.905110,DIR_RIGHT,FORWARD
1.667065,0.870855,DIR_RIGHT,TURN LEFT
1.670998,0.841123,DIR_RIGHT,TURN LEFT
1.684714,0.814709,DIR_RIGHT,TURN LEFT
1.707959,0.796237,DIR_RIGHT,TURN LEFT
1.736779,0.789095,DIR_RIGHT,TURN RIGHT
1.765960,0.794575,DIR_RIGHT,TURN RIGHT
1.795723,0.792655,DIR_RIGHT,TURN RIGHT
1.822107,0.779036,WANDER,TURN RIGHT
1.840444,0.755683,WANDER,FORWARD
1.847419,0.726823,WANDER,FORWARD
1.851722,0.697135,WANDER,FORWARD
1.855898,0.667428,WANDER,FORWARD
1.860073,0.637720,WANDER,FORWARD
1.864249,0.608012,WANDER,FORWARD
1.868425,0.578304,WANDER,FORWARD
1.872601,0.548596,WANDER,FORWARD
1.876776,0.518888,WANDER,FORWARD
1.880952,0.489180,WANDER,FORWARD
1.885128,0.459472,WANDER,FORWARD
1.889303,0.429764,WANDER,FORWARD
1.893479,0.400056,WANDER,FORWARD
1.897655,0.370348,WANDER,FORWARD
1.901831,0.340640,WANDER,FORWARD
1.906006,0.310932,WANDER,FORWARD
1.910182,0.281224,WANDER,FORWARD
1.914358,0.251516,WANDER,FORWARD
1.918534,0.221808,WANDER,FORWARD
1.922709,0.192100,WANDER,FORWARD
1.926885,0.162392,WANDER,FORWARD
1.931061,0.132684,WANDER,FORWARD
1.935237,0.102976,DIR_RIGHT,FORWARD
1.939412,0.073268,DIR_RIGHT,FORWARD
1.943588,0.043560,DIR_RIGHT,TURN RIGHT
1.947764,0.013852,DIR_RIGHT,TURN RIGHT
1.941861,-0.015319,DIR_RIGHT,TURN LEFT
1.924609,-0.039484,DIR_RIGHT,TURN LEFT
1.913826,-0.067291,DIR_RIGHT,TURN LEFT
1.915077,-0.096956,DIR_RIGHT,TURN RIGHT
1.924253,-0.121077,DIR_RIGHT,TURN LEFT
1.917880,-0.144680,DIR_RIGHT,TURN LEFT
1.917283,-0.172025,DIR_RIGHT,TURN LEFT
1.917283,-0.193980,DIR_LEFT,TURN LEFT
1.917283,-0.206468,DIR_LEFT,TURN LEFT
1.917283,-0.206953,DIR_LEFT,TURN LEFT
1.917283,-0.194649,DIR_LEFT,TURN RIGHT
1.917283,-0.169898,DIR_LEFT,FORWARD
1.917397,-0.147957,DIR_LEFT,FORWARD
1.921139,-0.127055,DIR_LEFT,TURN RIGHT
1.933818,-0.103220,DIR_LEFT,FORWARD
1.952643,-0.084153,DIR_LEFT,FORWARD
1.978639,-0.071717,DIR_LEFT,FORWARD
2.007444,-0.063336,DIR_LEFT,TURN LEFT
2.036250,-0.054955,WANDER,TURN RIGHT
2.060431,-0.037603,WANDER,FORWARD
2.088300,-0.026982,WANDER,FORWARD
2.117067,-0.018478,WANDER,FORWARD
2.145872,-0.010097,WANDER,FORWARD
2.174678,-0.001716,DIR_LEFT,FORWARD
2.203483,0.006665,DIR_LEFT,TURN RIGHT
2.232289,0.015046,DIR_RIGHT,TURN RIGHT
2.262004,0.013375,DIR_RIGHT,TURN LEFT
2.288388,-0.000244,DIR_RIGHT,TURN LEFT
2.317452,-0.006940,DIR_LEFT,TURN RIGHT
2.346633,-0.001459,DIR_RIGHT,TURN LEFT
2.367443,-0.004006,DIR_LEFT,TURN LEFT
2.367443,-0.003060,DIR_LEFT,TURN RIGHT
2.367443,0.011506,DIR_LEFT,TURN RIGHT
2.367443,0.026271,DIR_RIGHT,TURN RIGHT
2.367443,0.030714,DIR_RIGHT,TURN RIGHT
2.367443,0.022459,DIR_RIGHT,TURN RIGHT
2.367443,0.002303,DIR_RIGHT,TURN RIGHT
2.367443,-0.025833,DIR_RIGHT,FORWARD
2.360866,-0.054932,DIR_RIGHT,FORWARD
2.352442,-0.083722,DIR_RIGHT,FORWARD
2.343895,-0.112479,DIR_RIGHT,FORWARD
2.335347,-0.141235,DIR_LEFT,FORWARD
2.326799,-0.169992,DIR_LEFT,TURN LEFT
2.318251,-0.198748,DIR_RIGHT,TURN LEFT
2.319750,-0.228473,DIR_RIGHT,FORWARD
2.333216,-0.254935,DIR_RIGHT,FORWARD
2.349250,-0.280288,DIR_RIGHT,TURN LEFT
2.365394,-0.305573,DIR_RIGHT,TURN LEFT
2.365394,-0.327306,DIR_RIGHT,TURN LEFT
2.365394,-0.339782,DIR_LEFT,TURN LEFT
2.365394,-0.340267,DIR_LEFT,TURN LEFT
2.365394,-0.327962,DIR_LEFT,FORWARD
2.365394,-0.304659,DIR_LEFT,FORWARD
2.365394,-0.278443,DIR_LEFT,FORWARD
2.365394,-0.252057,DIR_LEFT,FORWARD
2.365394,-0.225671,DIR_LEFT,FORWARD
2.365394,-0.199285,DIR_LEFT,TURN LEFT
2.365394,-0.172899,DIR_LEFT,TURN LEFT
2.365394,-0.143429,DIR_LEFT,TURN LEFT
2.355530,-0.115360,DIR_RIGHT,TURN LEFT
2.335124,-0.093792,DIR_RIGHT,TURN RIGHT
2.307601,-0.082655,DIR_RIGHT,TURN RIGHT
2.283582,-0.064973,DIR_LEFT,TURN RIGHT
2.268724,-0.039267,DIR_LEFT,TURN LEFT
2.265892,-0.009711,DIR_LEFT,TURN LEFT
2.255787,0.018350,WANDER,TURN LEFT
2.235382,0.039918,DIR_RIGHT,TURN RIGHT
2.207858,0.051056,WANDER,TURN RIGHT
2.183840,0.068738,WANDER,FORWARD
2.168981,0.094444,WANDER,TURN RIGHT
2.156451,0.121699,WANDER,FORWARD
2.153856,0.151348,WANDER,TURN LEFT
2.153785,0.181346,WANDER,FORWARD
2.143935,0.209430,WANDER,FORWARD
2.131639,0.236792,WANDER,FORWARD
2.119225,0.264103,WANDER,FORWARD
2.106811,0.291414,WANDER,FORWARD
2.094397,0.318725,WANDER,FORWARD
2.081983,0.346036,WANDER,FORWARD
2.069569,0.373347,WANDER,FORWARD
2.057155,0.400658,WANDER,FORWARD
2.044741,0.427969,WANDER,FORWARD
2.032327,0.455280,WANDER,FORWARD
2.019913,0.482591,WANDER,FORWARD
2.007499,0.509903,WANDER,FORWARD
1.995085,0.537214,WANDER,FORWARD
1.982671,0.564525,WANDER,FORWARD
1.970257,0.591836,WANDER,FORWARD
1.957843,0.619147,WANDER,FORWARD
1.945429,0.646458,WANDER,FORWARD
1.933015,0.673769,WANDER,FORWARD
1.920601,0.701080,WANDER,FORWARD
1.908187,0.728391,WANDER,FORWARD
1.895773,0.755702,WANDER,FORWARD
1.883359,0.783013,WANDER,FORWARD
1.870945,0.810324,WANDER,FORWARD
1.858531,0.837635,WANDER,FORWARD
1.846117,0.864946,WANDER,FORWARD
1.833703,0.892257,WANDER,FORWARD
1.821289,0.919568,WANDER,FORWARD
1.808875,0.946879,WANDER,FORWARD
1.796461,0.974190,WANDER,FORWARD
1.784047,1.001501,WANDER,FORWARD
1.771633,1.028812,WANDER,FORWARD
1.759219,1.056123,WANDER,FORWARD
1.746805,1.083434,WANDER,FORWARD
1.734392,1.110746,WANDER,FORWARD
1.721978,1.138057,WANDER,FORWARD
1.709564,1.165368,WANDER,FORWARD
1.697150,1.192679,WANDER,FORWARD
1.684736,1.219990,WANDER,FORWARD
1.672322,1.247301,WANDER,FORWARD
1.659908,1.274612,WANDER,FORWARD
1.647494,1.301923,WANDER,FORWARD
1.635080,1.329234,WANDER,FORWARD
1.622666,1.356545,WANDER,FORWARD
1.610252,1.383856,WANDER,FORWARD
1.597838,1.411167,WANDER,FORWARD
1.585424,1.438478,WANDER,FORWARD
1.573010,1.465789,WANDER,FORWARD
1.560596,1.493100,WANDER,TURN RIGHT
1.548182,1.520411,WANDER,FORWARD
1.545586,1.550060,WANDER,FORWARD
1.545516,1.580058,WANDER,FORWARD
1.545574,1.610058,WANDER,FORWARD
1.545633,1.640057,WANDER,FORWARD
1.545691,1.670057,WANDER,FORWARD
1.545750,1.700057,WANDER,FORWARD
1.545808,1.730057,WANDER,TURN LEFT
1.545867,1.760057,WANDER,FORWARD
1.536016,1.788142,WANDER,FORWARD
1.523720,1.815504,WANDER,FORWARD
1.511306,1.842815,WANDER,FORWARD
1.498892,1.870126,WANDER,FORWARD
1.486478,1.897437,WANDER,FORWARD
1.474064,1.924748,WANDER,FORWARD
1.461650,1.952059,WANDER,FORWARD
1.449236,1.979370,WANDER,FORWARD
1.436822,2.006681,DIR_LEFT,FORWARD
1.424408,2.033992,DIR_LEFT,TURN LEFT
1.411994,2.061303,DIR_LEFT,TURN LEFT
1.391363,2.082754,WANDER,TURN RIGHT
1.363839,2.093892,DIR_LEFT,FORWARD
1.339821,2.111574,DIR_LEFT,TURN RIGHT
1.317098,2.131157,DIR_LEFT,TURN RIGHT
1.302416,2.157046,DIR_LEFT,TURN RIGHT
1.299584,2.186602,DIR_LEFT,TURN RIGHT
1.309290,2.214662,DIR_RIGHT,TURN LEFT
1.329780,2.236150,DIR_RIGHT,TURN RIGHT
1.344379,2.262158,DIR_RIGHT,TURN RIGHT
1.343070,2.281362,DIR_RIGHT,TURN RIGHT
1.342557,2.295423,DIR_RIGHT,TURN RIGHT
1.342557,2.299777,DIR_RIGHT,TURN RIGHT
1.342557,2.291515,DIR_RIGHT,FORWARD
1.344567,2.270392,DIR_RIGHT,TURN RIGHT
1.355244,2.243987,WANDER,TURN LEFT
1.361998,2.215001,WANDER,FORWARD
1.375961,2.188647,WANDER,FORWARD
1.391995,2.163294,WANDER,FORWARD
1.408139,2.138008,WANDER,FORWARD
1.424283,2.112722,WANDER,FORWARD
1.440427,2.087436,WANDER,TURN LEFT
1.456571,2.062151,WANDER,FORWARD
1.480023,2.043826,WANDER,FORWARD
1.505142,2.027429,WANDER,FORWARD
1.530334,2.011139,WANDER,FORWARD
1.555526,1.994849,WANDER,FORWARD
1.580718,1.978559,WANDER,FORWARD
1.605910,1.962269,WANDER,FORWARD
1.631102,1.945979,WANDER,FORWARD
1.656294,1.929689,WANDER,TURN LEFT
1.681486,1.913398,WANDER,FORWARD
1.710432,1.906477,WANDER,FORWARD
1.740094,1.902002,WANDER,FORWARD
1.769777,1.897655,WANDER,FORWARD
1.799461,1.893307,WANDER,FORWARD
1.829144,1.888959,WANDER,FORWARD
1.858827,1.884611,WANDER,FORWARD
1.888511,1.880264,WANDER,FORWARD
1.918194,1.875916,WANDER,FORWARD
1.947877,1.871568,WANDER,FORWARD
1.977560,1.867220,WANDER,FORWARD
2.007244,1.862872,WANDER,TURN RIGHT
2.036927,1.858525,WANDER,FORWARD
2.063261,1.844656,WANDER,FORWARD
2.088520,1.828476,WANDER,FORWARD
2.113712,1.812186,WANDER,FORWARD
2.138904,1.795895,WANDER,TURN LEFT
2.164096,1.779605,WANDER,FORWARD
2.193042,1.772684,DIR_RIGHT,FORWARD
2.222704,1.768209,DIR_RIGHT,FORWARD
2.252387,1.763861,DIR_RIGHT,FORWARD
2.282071,1.759514,DIR_RIGHT,TURN LEFT
2.311754,1.755166,DIR_LEFT,TURN LEFT
2.340959,1.760900,DIR_LEFT,TURN RIGHT
2.365223,1.778012,DIR_LEFT,TURN RIGHT
2.365223,1.793046,DIR_RIGHT,TURN RIGHT
2.365223,1.797510,DIR_RIGHT,TURN LEFT
2.365223,1.786959,DIR_RIGHT,TURN LEFT
2.365223,1.775870,DIR_LEFT,TURN LEFT
2.365223,1.775496,DIR_LEFT,FORWARD
2.365223,1.787808,DIR_LEFT,TURN RIGHT
2.365223,1.807356,DIR_LEFT,TURN RIGHT
2.365223,1.822700,DIR_RIGHT,TURN RIGHT
2.365223,1.827187,DIR_RIGHT,TURN LEFT
2.365223,1.816638,DIR_RIGHT,TURN LEFT
2.365223,1.805549,DIR_LEFT,TURN RIGHT
2.365223,1.807647,DIR_RIGHT,TURN RIGHT
2.365223,1.810308,DIR_RIGHT,FORWARD
2.365223,1.801916,DIR_RIGHT,FORWARD
2.365223,1.788070,DIR_RIGHT,FORWARD
2.365223,1.773576,DIR_RIGHT,TURN LEFT
2.365223,1.756807,DIR_RIGHT,TURN LEFT
2.365223,1.744973,DIR_LEFT,FORWARD
2.365223,1.745280,DIR_LEFT,FORWARD
2.365223,1.750834,DIR_LEFT,TURN RIGHT
2.365223,1.759586,DIR_RIGHT,FORWARD
2.365223,1.761724,DIR_RIGHT,FORWARD
2.365223,1.760080,DIR_RIGHT,TURN LEFT
2.365223,1.755367,DIR_LEFT,FORWARD
2.365223,1.756653,DIR_LEFT,TURN RIGHT
2.365223,1.764721,DIR_RIGHT,TURN LEFT
2.365223,1.765748,DIR_LEFT,TURN RIGHT
2.365223,1.769631,DIR_RIGHT,FORWARD
2.365223,1.771123,DIR_RIGHT,FORWARD
2.365223,1.769454,DIR_RIGHT,FORWARD
2.365223,1.767228,DIR_RIGHT,FORWARD
2.365223,1.764961,DIR_RIGHT,FORWARD
2.365223,1.762691,DIR_RIGHT,FORWARD
2.365223,1.760421,DIR_RIGHT,TURN LEFT
2.365223,1.755664,DIR_LEFT,TURN LEFT
2.365223,1.756207,DIR_LEFT,FORWARD
2.365223,1.768585,DIR_LEFT,TURN RIGHT
2.365223,1.788136,DIR_LEFT,TURN RIGHT
2.365223,1.803480,DIR_RIGHT,TURN RIGHT
2.365223,1.807966,DIR_RIGHT,TURN LEFT
2.365223,1.797417,DIR_RIGHT,TURN LEFT
2.365223,1.786328,DIR_LEFT,TURN LEFT
2.365223,1.785955,DIR_LEFT,TURN LEFT
2.365223,1.798267,DIR_LEFT,TURN RIGHT
2.365223,1.823018,DIR_LEFT,FORWARD
2.365223,1.844910,DIR_LEFT,FORWARD
2.365223,1.863357,DIR_LEFT,TURN RIGHT
2.365223,1.883471,DIR_LEFT,TURN LEFT
2.365223,1.896409,DIR_LEFT,TURN LEFT
2.365223,1.910361,DIR_LEFT,TURN LEFT
2.365223,1.933721,DIR_LEFT,TURN LEFT
2.365223,1.963107,DIR_LEFT,TURN LEFT
2.355359,1.991175,DIR_LEFT,TURN LEFT
2.334953,2.012743,WANDER,TURN LEFT
2.307430,2.023881,WANDER,TURN LEFT
2.277767,2.022573,WANDER,TURN LEFT
2.251330,2.009056,WANDER,TURN LEFT
2.232902,1.985776,DIR_RIGHT,TURN LEFT
2.225815,1.956943,DIR_RIGHT,TURN LEFT
2.231351,1.927772,DIR_RIGHT,TURN LEFT
2.248509,1.903540,DIR_RIGHT,TURN LEFT
2.274185,1.888630,DIR_RIGHT,TURN LEFT
2.303736,1.885739,DIR_LEFT,TURN LEFT
2.331815,1.895389,DIR_LEFT,TURN LEFT
2.353344,1.915836,DIR_LEFT,TURN LEFT
2.364430,1.943381,DIR_LEFT,TURN LEFT
2.362986,1.973046,DIR_LEFT,TURN LEFT
2.349420,1.999457,WANDER,TURN LEFT
2.326104,2.017841,WANDER,FORWARD
2.297258,2.024874,WANDER,FORWARD
2.267579,2.029236,WANDER,FORWARD
2.237879,2.033471,WANDER,FORWARD
2.208180,2.037706,WANDER,FORWARD
2.178480,2.041941,WANDER,FORWARD
2.148781,2.046176,WANDER,FORWARD
2.119081,2.050411,WANDER,FORWARD
2.089382,2.054646,WANDER,FORWARD
2.059682,2.058881,WANDER,FORWARD
2.029982,2.063117,WANDER,FORWARD
2.000283,2.067352,WANDER,FORWARD
1.970583,2.071587,WANDER,FORWARD
1.940884,2.075822,WANDER,FORWARD
1.911184,2.080057,WANDER,FORWARD
1.881485,2.084292,WANDER,FORWARD
1.851785,2.088527,WANDER,FORWARD
1.822086,2.092762,WANDER,FORWARD
1.792386,2.096998,WANDER,FORWARD
1.762686,2.101233,DIR_LEFT,FORWARD
1.732987,2.105468,DIR_LEFT,TURN LEFT
1.703287,2.109703,DIR_LEFT,TURN LEFT
1.674104,2.103859,WANDER,TURN LEFT
1.649905,2.086655,WANDER,FORWARD
1.635044,2.060950,WANDER,FORWARD
1.622511,2.033696,WANDER,FORWARD
1.610094,2.006386,WANDER,FORWARD
1.597677,1.979076,WANDER,FORWARD
1.585261,1.951767,WANDER,FORWARD
1.572844,1.924457,WANDER,FORWARD
1.560427,1.897147,WANDER,FORWARD
1.548010,1.869837,WANDER,FORWARD
1.535594,1.842528,WANDER,FORWARD
1.523177,1.815218,WANDER,FORWARD
1.510760,1.787908,WANDER,FORWARD
1.498343,1.760598,WANDER,FORWARD
1.485926,1.733289,WANDER,TURN RIGHT
1.473510,1.705979,WANDER,TURN RIGHT
1.452876,1.684530,WANDER,TURN RIGHT
1.425352,1.673395,WANDER,TURN RIGHT
1.395689,1.674706,WANDER,FORWARD
1.369254,1.688225,WANDER,FORWARD
1.343933,1.704310,WANDER,FORWARD
1.318680,1.720505,WANDER,FORWARD
1.293426,1.736699,WANDER,FORWARD
1.268173,1.752893,WANDER,FORWARD
1.242919,1.769088,WANDER,FORWARD
1.217666,1.785282,WANDER,FORWARD
1.192412,1.801477,WANDER,TURN RIGHT
1.167158,1.817671,WANDER,FORWARD
1.148880,1.841160,WANDER,FORWARD
1.132534,1.866312,WANDER,FORWARD
1.116294,1.891537,WANDER,TURN RIGHT
1.100055,1.916761,WANDER,FORWARD
1.093191,1.945721,WANDER,FORWARD
1.088776,1.975392,WANDER,FORWARD
1.084487,2.005084,WANDER,FORWARD
1.080199,2.034776,WANDER,FORWARD
1.075911,2.064468,WANDER,FORWARD
1.071622,2.094160,WANDER,TURN RIGHT
1.067334,2.123851,WANDER,FORWARD
1.073126,2.153045,WANDER,FORWARD
1.081440,2.181867,DIR_RIGHT,FORWARD
1.089879,2.210656,DIR_RIGHT,TURN LEFT
1.098317,2.239444,DIR_LEFT,TURN LEFT
1.096706,2.269163,DIR_LEFT,TURN LEFT
1.083140,2.295574,DIR_LEFT,TURN LEFT
1.059824,2.313958,DIR_LEFT,TURN LEFT
1.030978,2.320991,DIR_LEFT,TURN LEFT
1.001817,2.315399,DIR_LEFT,TURN LEFT
0.977618,2.298195,WANDER,TURN LEFT
0.962757,2.272491,WANDER,FORWARD
0.959921,2.242935,WANDER,FORWARD
0.959848,2.212938,WANDER,FORWARD
0.959904,2.182938,WANDER,FORWARD
0.959959,2.152938,WANDER,TURN RIGHT
0.960014,2.122938,WANDER,FORWARD
0.950160,2.094854,WANDER,FORWARD
0.937862,2.067493,WANDER,FORWARD
0.925445,2.040184,WANDER,TURN RIGHT
0.913028,2.012874,WANDER,FORWARD
0.892395,1.991425,WANDER,FORWARD
0.869838,1.971650,WANDER,FORWARD
0.847195,1.951970,WANDER,FORWARD
0.824552,1.932290,DIR_LEFT,FORWARD
0.801909,1.912610,DIR_LEFT,FORWARD
0.779266,1.892931,DIR_LEFT,TURN LEFT
0.756623,1.873251,DIR_LEFT,TURN LEFT
0.741938,1.847363,DIR_LEFT,TURN LEFT
0.739103,1.817808,WANDER,FORWARD
0.748807,1.789747,WANDER,TURN RIGHT
0.761207,1.762432,WANDER,TURN RIGHT
0.763915,1.732793,DIR_LEFT,TURN RIGHT
0.754315,1.704696,DIR_LEFT,TURN LEFT
0.733906,1.683130,DIR_LEFT,TURN LEFT
0.719406,1.657068,WANDER,TURN LEFT
0.716571,1.627512,WANDER,TURN RIGHT
0.726275,1.599451,WANDER,TURN RIGHT
0.728743,1.569728,WANDER,TURN RIGHT
0.719142,1.541632,WANDER,FORWARD
0.698734,1.520066,WANDER,FORWARD
0.676178,1.500291,WANDER,FORWARD
0.653535,1.480611,WANDER,FORWARD
0.630892,1.460931,WANDER,FORWARD
0.608249,1.441251,WANDER,FORWARD
0.585606,1.421571,WANDER,FORWARD
0.562963,1.401891,WANDER,FORWARD
0.540320,1.382212,WANDER,FORWARD
0.517677,1.362532,WANDER,FORWARD
0.495034,1.342852,WANDER,FORWARD
0.472391,1.323172,WANDER,FORWARD
0.449748,1.303492,WANDER,FORWARD
0.427105,1.283812,WANDER,FORWARD
0.404462,1.264133,WANDER,FORWARD
0.381819,1.244453,WANDER,FORWARD
0.359176,1.224773,WANDER,FORWARD
0.336533,1.205093,WANDER,FORWARD
0.313890,1.185413,WANDER,TURN LEFT
0.291247,1.165734,WANDER,TURN LEFT
0.276562,1.139846,WANDER,FORWARD
0.273727,1.110290,WANDER,FORWARD
0.273654,1.080293,WANDER,FORWARD
0.273709,1.050293,WANDER,FORWARD
0.273764,1.020293,WANDER,FORWARD
0.273820,0.990293,WANDER,FORWARD
0.273875,0.960293,WANDER,FORWARD
0.273930,0.930293,WANDER,FORWARD
0.273986,0.900293,WANDER,FORWARD
0.274041,0.870293,WANDER,FORWARD
0.274097,0.840293,WANDER,TURN RIGHT
0.274152,0.810293,WANDER,FORWARD
0.264298,0.782210,WANDER,FORWARD
0.251999,0.754849,WANDER,FORWARD
0.239583,0.727539,WANDER,FORWARD
0.227166,0.700230,WANDER,FORWARD
0.214749,0.672920,WANDER,FORWARD
0.202332,0.645610,WANDER,FORWARD
0.189916,0.618300,WANDER,FORWARD
0.177499,0.590991,WANDER,FORWARD
0.165082,0.563681,WANDER,FORWARD
0.152665,0.536371,WANDER,TURN LEFT
0.140248,0.509061,WANDER,FORWARD
0.137650,0.479413,WANDER,FORWARD
0.137576,0.449415,WANDER,FORWARD
0.137632,0.419415,WANDER,FORWARD
0.137687,0.389415,WANDER,FORWARD
0.137743,0.359415,WANDER,FORWARD
0.137798,0.329415,WANDER,FORWARD
0.137853,0.299415,WANDER,FORWARD
0.137909,0.269415,WANDER,FORWARD
0.137964,0.239416,WANDER,FORWARD
0.138019,0.209416,WANDER,FORWARD
0.138075,0.179416,WANDER,FORWARD
0.138130,0.149416,WANDER,FORWARD
0.138185,0.119416,WANDER,TURN LEFT
0.138241,0.089416,WANDER,FORWARD
0.148198,0.061369,WANDER,FORWARD
0.160598,0.034054,WANDER,FORWARD
0.173115,0.006790,DIR_RIGHT,FORWARD
0.185633,-0.020474,DIR_RIGHT,TURN LEFT
0.198150,-0.047738,DIR_LEFT,TURN LEFT
0.218863,-0.069110,DIR_LEFT,TURN LEFT
0.246428,-0.080143,DIR_RIGHT,TURN LEFT
0.276086,-0.078723,DIR_LEFT,TURN LEFT
0.302471,-0.065106,WANDER,TURN LEFT
0.320811,-0.041756,WANDER,FORWARD
0.327789,-0.012896,WANDER,TURN RIGHT
0.332094,0.016791,WANDER,TURN LEFT
0.345813,0.043203,WANDER,FORWARD
0.352343,0.072304,WANDER,FORWARD
0.356649,0.101991,WANDER,FORWARD
0.360827,0.131699,WANDER,FORWARD
0.365006,0.161406,WANDER,FORWARD
0.369185,0.191114,WANDER,FORWARD
0.373364,0.220821,WANDER,FORWARD
0.377543,0.250529,WANDER,FORWARD
0.381721,0.280236,WANDER,FORWARD
0.385900,0.309944,WANDER,FORWARD
0.390079,0.339651,WANDER,TURN LEFT
0.394258,0.369359,WANDER,FORWARD
0.388358,0.398531,WANDER,FORWARD
0.379937,0.427322,WANDER,FORWARD
0.371393,0.456079,WANDER,FORWARD
0.362848,0.484837,WANDER,FORWARD
0.354303,0.513594,WANDER,FORWARD
0.345758,0.542352,WANDER,FORWARD
0.337214,0.571109,WANDER,FORWARD
0.328669,0.599866,WANDER,FORWARD
0.320124,0.628624,WANDER,FORWARD
0.311579,0.657381,WANDER,FORWARD
0.303034,0.686138,WANDER,FORWARD
0.294490,0.714896,WANDER,FORWARD
0.285945,0.743653,WANDER,FORWARD
0.277400,0.772411,WANDER,FORWARD
0.268855,0.801168,WANDER,FORWARD
0.260311,0.829925,WANDER,FORWARD
0.251766,0.858683,WANDER,FORWARD
0.243221,0.887440,WANDER,FORWARD
0.234676,0.916198,WANDER,FORWARD
0.226132,0.944955,WANDER,FORWARD
0.217587,0.973712,WANDER,FORWARD
0.209042,1.002470,WANDER,FORWARD
0.200497,1.031227,WANDER,FORWARD
0.191953,1.059984,WANDER,FORWARD
0.183408,1.088742,WANDER,FORWARD
0.174863,1.117499,WANDER,FORWARD
0.166318,1.146257,WANDER,FORWARD
0.157774,1.175014,WANDER,FORWARD
0.149229,1.203771,WANDER,FORWARD
0.140684,1.232529,WANDER,TURN LEFT
0.132139,1.261286,WANDER,TURN LEFT
0.114650,1.285368,DIR_RIGHT,FORWARD
0.088917,1.300180,DIR_RIGHT,TURN LEFT
0.061640,1.312661,DIR_RIGHT,TURN LEFT
0.031986,1.315204,DIR_LEFT,TURN RIGHT
0.003944,1.305447,DIR_RIGHT,TURN LEFT
-0.025774,1.302923,DIR_LEFT,TURN LEFT
-0.053777,1.292659,DIR_LEFT,FORWARD
-0.075229,1.272131,DIR_LEFT,FORWARD
-0.083146,1.250285,DIR_LEFT,FORWARD
-0.083146,1.228901,DIR_LEFT,FORWARD
-0.083146,1.207517,DIR_LEFT,FORWARD
-0.083146,1.186133,DIR_LEFT,TURN LEFT
-0.084276,1.164609,WANDER,TURN LEFT
-0.090964,1.136932,WANDER,TURN LEFT
-0.089488,1.107277,WANDER,TURN LEFT
-0.075821,1.080918,WANDER,TURN LEFT
-0.052436,1.062623,WANDER,TURN LEFT
-0.023563,1.055700,WANDER,TURN RIGHT
0.005576,1.061402,WANDER,TURN RIGHT
0.035353,1.059707,WANDER,FORWARD
0.061839,1.046288,WANDER,FORWARD
0.087220,1.030299,WANDER,FORWARD
0.112535,1.014201,WANDER,FORWARD
0.137850,0.998103,WANDER,FORWARD
0.163165,0.982004,WANDER,FORWARD
0.188479,0.965906,WANDER,FORWARD
0.213794,0.949807,WANDER,FORWARD
0.239109,0.933709,WANDER,FORWARD
0.264424,0.917610,WANDER,TURN LEFT
0.289739,0.901512,WANDER,FORWARD
0.318737,0.894810,WANDER,FORWARD
0.348432,0.890560,WANDER,FORWARD
0.378147,0.886438,WANDER,FORWARD
0.407862,0.882316,WANDER,FORWARD
0.437578,0.878193,WANDER,FORWARD
0.467293,0.874071,WANDER,FORWARD
0.497009,0.869948,WANDER,TURN LEFT
0.526724,0.865826,WANDER,FORWARD
0.555885,0.871781,WANDER,FORWARD
0.584660,0.880256,WANDER,FORWARD
0.613401,0.888855,WANDER,FORWARD
0.642142,0.897455,WANDER,FORWARD
0.670883,0.906054,WANDER,FORWARD
0.699624,0.914653,WANDER,FORWARD
0.728366,0.923253,WANDER,FORWARD
0.757107,0.931852,WANDER,FORWARD
0.785848,0.940451,WANDER,FORWARD
0.814589,0.949050,WANDER,FORWARD
0.843330,0.957650,WANDER,FORWARD
0.872071,0.966249,DIR_RIGHT,FORWARD
0.900812,0.974848,DIR_RIGHT,TURN LEFT
0.929553,0.983448,DIR_RIGHT,TURN LEFT
0.953602,1.000982,DIR_RIGHT,TURN LEFT
0.968366,1.026743,DIR_LEFT,TURN LEFT
0.971089,1.056310,DIR_LEFT,TURN LEFT
0.961278,1.084334,DIR_LEFT,TURN LEFT
0.940710,1.105746,WANDER,TURN LEFT
0.912818,1.113870,WANDER,TURN LEFT
0.883166,1.112337,WANDER,TURN LEFT
0.856832,1.098620,WANDER,FORWARD
0.838581,1.075200,WANDER,FORWARD
0.822423,1.049926,WANDER,FORWARD
0.806373,1.024581,WANDER,FORWARD
0.790323,0.999236,WANDER,FORWARD
0.774272,0.973890,WANDER,FORWARD
0.758222,0.948545,WANDER,FORWARD
0.742171,0.923200,WANDER,FORWARD
0.726121,0.897855,WANDER,FORWARD
0.710070,0.872509,WANDER,FORWARD
0.694020,0.847164,WANDER,FORWARD
0.677969,0.821819,WANDER,FORWARD
0.661919,0.796473,WANDER,FORWARD
0.645869,0.771128,WANDER,TURN RIGHT
0.629818,0.745783,WANDER,FORWARD
0.606434,0.727371,WANDER,FORWARD
0.581375,0.710882,WANDER,FORWARD
0.556243,0.694499,WANDER,FORWARD
0.531112,0.678116,WANDER,FORWARD
0.505980,0.661734,WANDER,FORWARD
0.480848,0.645351,WANDER,FORWARD
0.455717,0.628968,WANDER,FORWARD
0.430585,0.612585,WANDER,FORWARD
0.405453,0.596202,WANDER,FORWARD
0.380322,0.579819,WANDER,FORWARD
0.355190,0.563436,WANDER,FORWARD
0.330059,0.547053,WANDER,FORWARD
0.304927,0.530670,WANDER,FORWARD
0.279795,0.514287,WANDER,FORWARD
0.254664,0.497904,WANDER,FORWARD
0.229532,0.481521,WANDER,FORWARD
0.204400,0.465138,WANDER,FORWARD
0.179269,0.448755,WANDER,FORWARD
0.154137,0.432372,WANDER,TURN RIGHT
0.129005,0.415989,WANDER,FORWARD
0.100085,0.408961,WANDER,FORWARD
0.070440,0.404377,WANDER,FORWARD
0.040773,0.399920,WANDER,FORWARD
0.011106,0.395462,WANDER,FORWARD
-0.018561,0.391005,WANDER,FORWARD
-0.048228,0.386548,WANDER,FORWARD
-0.077895,0.382090,WANDER,FORWARD
-0.107563,0.377633,WANDER,FORWARD
-0.137230,0.373176,WANDER,FORWARD
-0.166897,0.368719,WANDER,FORWARD
-0.196564,0.364261,WANDER,FORWARD
-0.226231,0.359804,WANDER,FORWARD
-0.255898,0.355347,WANDER,FORWARD
-0.285565,0.350889,WANDER,FORWARD
-0.315232,0.346432,WANDER,FORWARD
-0.344899,0.341975,WANDER,FORWARD
-0.374566,0.337518,WANDER,FORWARD
-0.404233,0.333060,WANDER,FORWARD
-0.433900,0.328603,WANDER,FORWARD
-0.463567,0.324146,WANDER,FORWARD
-0.493234,0.319689,WANDER,FORWARD
-0.522901,0.315231,WANDER,FORWARD
-0.552568,0.310774,WANDER,FORWARD
-0.582235,0.306317,WANDER,FORWARD
-0.611902,0.301859,WANDER,FORWARD
-0.641569,0.297402,WANDER,FORWARD
-0.671236,0.292945,WANDER,TURN LEFT
-0.700903,0.288488,WANDER,FORWARD
-0.727185,0.274522,WANDER,FORWARD
-0.752385,0.258248,WANDER,FORWARD
-0.777517,0.241865,WANDER,FORWARD
-0.802648,0.225482,WANDER,FORWARD
-0.827780,0.209099,WANDER,FORWARD
-0.852912,0.192716,WANDER,FORWARD
-0.878043,0.176333,DIR_LEFT,FORWARD
-0.903175,0.159951,DIR_LEFT,TURN LEFT
-0.928306,0.143568,DIR_LEFT,TURN RIGHT
-0.946408,0.119943,DIR_LEFT,TURN LEFT
-0.969993,0.101687,DIR_LEFT,TURN LEFT
-0.987936,0.077864,FOLLOW,TURN LEFT
-0.997751,0.036266,FOLLOW,FORWARD
-0.986339,0.000368,FOLLOW,FORWARD
-0.976207,-0.018029,FOLLOW,FORWARD
-0.968303,-0.031755,FOLLOW,FORWARD
-0.963877,-0.039442,FOLLOW,FORWARD
-0.960028,-0.046125,FOLLOW,FORWARD
-0.956373,-0.052473,FOLLOW,FORWARD
-0.952893,-0.058517,FOLLOW,FORWARD
-0.949573,-0.064282,FOLLOW,FORWARD
-0.946402,-0.069789,IDLE,FORWARD
-0.933640,-0.091953,FOLLOW,FORWARD
-0.905175,-0.141386,FOLLOW,TURN LEFT
-0.879502,-0.185970,DIR_RIGHT,TURN LEFT
-0.852781,-0.204920,DIR_RIGHT,TURN LEFT
-0.823147,-0.205638,DIR_RIGHT,TURN LEFT
-0.795909,-0.193819,DIR_RIGHT,TURN LEFT
-0.776047,-0.171749,DIR_RIGHT,TURN LEFT
-0.767153,-0.143420,DIR_RIGHT,FORWARD
-0.770836,-0.113958,DIR_RIGHT,TURN LEFT
-0.777310,-0.084668,DIR_LEFT,TURN LEFT
-0.793148,-0.059469,IDLE,TURN LEFT
-0.817832,-0.042967,IDLE,STOP
-0.823547,-0.039582,IDLE,STOP
-0.823547,-0.039582,IDLE,STOP
-0.823547,-0.039582,IDLE,TURN LEFT
-0.846858,-0.038106,IDLE,STOP
-0.853487,-0.037686,IDLE,STOP
-0.853487,-0.037686,IDLE,STOP
-0.853487,-0.037686,IDLE,STOP
-0.853487,-0.037686,IDLE,STOP
-0.853487,-0.037686,IDLE,STOP
-0.853487,-0.037686,IDLE,STOP
-0.853487,-0.037686,IDLE,STOP
-0.853487,-0.037686,IDLE,STOP
-0.853487,-0.037686,IDLE,STOP
-0.853487,-0.037686,IDLE,STOP
-0.853487,-0.037686,IDLE,STOP
-0.853487,-0.037686,IDLE,STOP
-0.853487,-0.037686,IDLE,STOP
-0.853487,-0.037686,IDLE,STOP
-0.853487,-0.037686,IDLE,STOP
-0.853487,-0.037686,IDLE,STOP
-0.853487,-0.037686,IDLE,STOP
-0.853487,-0.037686,IDLE,STOP
-0.853487,-0.037686,IDLE,STOP
-0.853487,-0.037686,IDLE,STOP
-0.853487,-0.037686,IDLE,STOP
-0.853487,-0.037686,IDLE,STOP
-0.853487,-0.037686,IDLE,STOP
-0.853487,-0.037686,IDLE,STOP
-0.853487,-0.037686,IDLE,STOP
-0.853487,-0.037686,IDLE,STOP
-0.853487,-0.037686,IDLE,STOP
-0.853487,-0.037686,IDLE,STOP
-0.853487,-0.037686,IDLE,STOP
-0.853487,-0.037686,IDLE,STOP
-0.853487,-0.037686,IDLE,STOP
-0.853487,-0.037686,IDLE,STOP
-0.853487,-0.037686,IDLE,STOP
-0.853487,-0.037686,IDLE,STOP
-0.853487,-0.037686,IDLE,FORWARD
-0.875303,-0.046030,IDLE,STOP
-0.881508,-0.048403,IDLE,STOP
-0.881508,-0.048403,IDLE,STOP
-0.881508,-0.048403,IDLE,STOP
-0.881508,-0.048403,IDLE,STOP
-0.881508,-0.048403,IDLE,STOP
-0.881508,-0.048403,IDLE,STOP
-0.881508,-0.048403,IDLE,STOP
-0.881508,-0.048403,IDLE,STOP
-0.881508,-0.048403,IDLE,STOP
-0.881508,-0.048403,IDLE,STOP
-0.881508,-0.048403,IDLE,STOP
-0.881508,-0.048403,IDLE,STOP
-0.881508,-0.048403,IDLE,STOP
-0.881508,-0.048403,IDLE,TURN RIGHT
-0.903323,-0.056748,IDLE,STOP
-0.909528,-0.059121,IDLE,STOP
-0.909528,-0.059121,IDLE,STOP
-0.909528,-0.059121,IDLE,TURN LEFT
-0.932838,-0.057645,DIR_LEFT,STOP
-0.939468,-0.057225,DIR_LEFT,TURN LEFT
-0.961284,-0.065569,DIR_LEFT,TURN LEFT
-0.983958,-0.084847,DIR_LEFT,TURN LEFT
-0.996761,-0.111637,FOLLOW,TURN LEFT
-0.998352,-0.168943,FOLLOW,TURN LEFT
-0.979089,-0.207145,DIR_RIGHT,TURN LEFT
-0.949252,-0.211172,DIR_RIGHT,FORWARD
-0.921263,-0.201301,DIR_RIGHT,FORWARD
-0.894042,-0.188697,DIR_RIGHT,FORWARD
-0.866873,-0.175976,DIR_RIGHT,FORWARD
-0.839703,-0.163255,DIR_RIGHT,FORWARD
-0.812534,-0.150533,DIR_RIGHT,FORWARD
-0.785365,-0.137812,DIR_RIGHT,FORWARD
-0.758196,-0.125091,DIR_RIGHT,FORWARD
-0.731026,-0.112369,DIR_RIGHT,FORWARD
-0.703857,-0.099648,DIR_RIGHT,FORWARD
-0.676688,-0.086927,DIR_RIGHT,FORWARD
-0.649519,-0.074205,DIR_RIGHT,FORWARD
-0.622349,-0.061484,DIR_RIGHT,FORWARD
-0.595180,-0.048763,DIR_RIGHT,FORWARD
-0.568011,-0.036041,DIR_RIGHT,FORWARD
-0.540842,-0.023320,DIR_RIGHT,FORWARD
-0.513672,-0.010599,DIR_RIGHT,FORWARD
-0.486503,0.002123,DIR_RIGHT,TURN RIGHT
-0.459334,0.014844,DIR_RIGHT,FORWARD
-0.429716,0.017774,DIR_RIGHT,FORWARD
-0.399721,0.018183,DIR_RIGHT,FORWARD
-0.369723,0.018463,DIR_RIGHT,FORWARD
-0.339724,0.018743,DIR_RIGHT,FORWARD
-0.309725,0.019023,DIR_RIGHT,FORWARD
-0.279727,0.019303,DIR_RIGHT,FORWARD
-0.249728,0.019583,DIR_RIGHT,FORWARD
-0.219729,0.019863,DIR_RIGHT,FORWARD
-0.189731,0.020143,DIR_RIGHT,FORWARD
-0.159732,0.020423,DIR_RIGHT,FORWARD
-0.129733,0.020703,DIR_RIGHT,FORWARD
-0.099734,0.020983,DIR_RIGHT,TURN RIGHT
-0.069736,0.021263,DIR_RIGHT,FORWARD
-0.041579,0.011620,DIR_RIGHT,FORWARD
-0.014127,-0.000474,DIR_RIGHT,FORWARD
0.013275,-0.012686,DIR_RIGHT,FORWARD
0.040677,-0.024897,DIR_RIGHT,FORWARD
0.068079,-0.037109,DIR_RIGHT,FORWARD
0.095481,-0.049321,WANDER,FORWARD
0.122883,-0.061533,WANDER,TURN RIGHT
0.150285,-0.073745,DIR_RIGHT,TURN RIGHT
0.171888,-0.094217,DIR_RIGHT,FORWARD
0.183228,-0.121658,DIR_RIGHT,FORWARD
0.192056,-0.150327,DIR_RIGHT,FORWARD
0.200761,-0.179036,DIR_RIGHT,FORWARD
0.209467,-0.207745,DIR_RIGHT,FORWARD
0.218172,-0.236454,DIR_RIGHT,FORWARD
0.226878,-0.265164,DIR_RIGHT,FORWARD
0.234713,-0.293812,DIR_RIGHT,FORWARD
0.234713,-0.321912,DIR_RIGHT,FORWARD
0.234713,-0.350011,DIR_RIGHT,FORWARD
0.235342,-0.378247,DIR_RIGHT,TURN LEFT
0.242796,-0.407158,DIR_RIGHT,FORWARD
0.260419,-0.431142,DIR_RIGHT,FORWARD
0.280170,-0.453720,DIR_RIGHT,FORWARD
0.300019,-0.476215,DIR_RIGHT,FORWARD
0.319868,-0.498710,DIR_RIGHT,FORWARD
0.339717,-0.521205,DIR_RIGHT,FORWARD
0.359566,-0.543700,WANDER,FORWARD
0.379414,-0.566195,WANDER,TURN RIGHT
0.399263,-0.588690,WANDER,TURN RIGHT
0.410405,-0.616288,WANDER,TURN RIGHT
0.409316,-0.645960,WANDER,TURN RIGHT
0.395995,-0.672495,WANDER,TURN RIGHT
0.372851,-0.691095,WANDER,TURN RIGHT
0.344071,-0.698395,DIR_LEFT,TURN RIGHT
0.314860,-0.693075,DIR_LEFT,TURN LEFT
0.290502,-0.676096,DIR_LEFT,TURN LEFT
0.262575,-0.665627,FOLLOW,TURN LEFT
0.211845,-0.668139,FOLLOW,TURN LEFT
0.175401,-0.695029,DIR_RIGHT,TURN LEFT
0.169224,-0.726089,DIR_RIGHT,FORWARD
0.180157,-0.753654,DIR_RIGHT,FORWARD
0.193872,-0.780332,DIR_RIGHT,FORWARD
0.207702,-0.806954,DIR_RIGHT,FORWARD
0.221532,-0.833576,DIR_RIGHT,FORWARD
0.235362,-0.860198,DIR_RIGHT,TURN LEFT
0.249192,-0.886820,DIR_RIGHT,FORWARD
0.270920,-0.907159,DIR_RIGHT,FORWARD
0.294482,-0.925726,DIR_RIGHT,FORWARD
0.318124,-0.944193,DIR_RIGHT,FORWARD
0.341767,-0.962660,DIR_RIGHT,FORWARD
0.365410,-0.981127,WANDER,FORWARD
0.389052,-0.999594,WANDER,TURN RIGHT
