-7.902242,1.672202,NO_TARGET_TO_FOLLOW,WANDER
-7.885223,1.671790,NO_TARGET_TO_FOLLOW,WANDER
-7.865170,1.671671,NO_TARGET_TO_FOLLOW,WANDER
-7.845163,1.671655,NO_TARGET_TO_FOLLOW,WANDER
-7.835353,1.668788,NO_TARGET_TO_FOLLOW,WANDER
-7.817619,1.672582,OBSTACLE_AND_TARGET_DETECTED,AVOID
-7.780818,1.683285,TARGET_FOLLOW,FOLLOW
-7.767904,1.686205,TARGET_FOLLOW,FOLLOW
-7.759522,1.683651,TARGET_FOLLOW,FOLLOW
-7.750302,1.682761,OBSTACLE_AND_TARGET_DETECTED,AVOID
-7.732929,1.684232,TARGET_FOLLOW,FOLLOW
-7.730095,1.684497,TARGET_FOLLOW,FOLLOW
-7.723291,1.681481,TARGET_FOLLOW,FOLLOW
-7.722532,1.681145,TARGET_FOLLOW,FOLLOW
-7.713999,1.679867,OBSTACLE_AND_TARGET_DETECTED,AVOID
-7.680850,1.679599,OBSTACLE_AND_TARGET_DETECTED,AVOID
-7.666568,1.676959,TARGET_FOLLOW,FOLLOW
-7.665962,1.676605,TARGET_FOLLOW,FOLLOW
-7.667134,1.669585,TARGET_FOLLOW,FOLLOW
-7.667263,1.668801,TARGET_FOLLOW,FOLLOW
-7.667260,1.668798,OBSTACLE_AND_TARGET_DETECTED,AVOID
-7.665810,1.662586,TARGET_FOLLOW,FOLLOW
-7.665647,1.661893,OBSTACLE_AND_TARGET_DETECTED,AVOID
-7.662862,1.649960,NO_TARGET_TO_FOLLOW,WANDER
-7.650862,1.634979,TARGET_FOLLOW,FOLLOW
-7.642673,1.626422,NO_TARGET_TO_FOLLOW,WANDER
-7.625609,1.618398,TARGET_FOLLOW,FOLLOW
-7.614861,1.614111,NO_TARGET_TO_FOLLOW,WANDER
-7.596139,1.611372,TARGET_FOLLOW,FOLLOW
-7.592843,1.610940,TARGET_FOLLOW,FOLLOW
-7.592839,1.610939,TARGET_FOLLOW,FOLLOW
-7.592835,1.610940,TARGET_FOLLOW,FOLLOW
-7.584813,1.612710,TARGET_FOLLOW,FOLLOW
-7.575999,1.614824,TARGET_FOLLOW,FOLLOW
-7.567291,1.617251,TARGET_FOLLOW,FOLLOW
-7.566408,1.617501,TARGET_FOLLOW,FOLLOW
-7.560049,1.622187,OBSTACLE_AND_TARGET_DETECTED,AVOID
-7.554070,1.626148,OBSTACLE_AND_TARGET_DETECTED,AVOID
-7.547138,1.626677,OBSTACLE_AND_TARGET_DETECTED,AVOID
-7.541186,1.623241,OBSTACLE_AND_TARGET_DETECTED,AVOID
-7.538232,1.616983,OBSTACLE_AND_TARGET_DETECTED,AVOID
-7.539353,1.610179,TARGET_FOLLOW,FOLLOW
-7.539510,1.609493,TARGET_FOLLOW,FOLLOW
-7.551612,1.607798,TARGET_FOLLOW,FOLLOW
-7.564111,1.608869,TARGET_FOLLOW,FOLLOW
-7.565694,1.609051,TARGET_FOLLOW,FOLLOW
-7.572282,1.615874,TARGET_FOLLOW,FOLLOW
-7.577660,1.620866,TARGET_FOLLOW,FOLLOW
-7.581208,1.625495,TARGET_FOLLOW,FOLLOW
-7.583499,1.630062,TARGET_FOLLOW,FOLLOW
-7.585058,1.634552,TARGET_FOLLOW,FOLLOW
-7.585718,1.637072,TARGET_FOLLOW,FOLLOW
-7.589288,1.640864,OBSTACLE_AND_TARGET_DETECTED,AVOID
-7.594977,1.644884,TARGET_FOLLOW,FOLLOW
-7.595570,1.645286,TARGET_FOLLOW,FOLLOW
-7.595574,1.645286,TARGET_FOLLOW,FOLLOW
-7.595578,1.645285,TARGET_FOLLOW,FOLLOW
-7.595582,1.645283,TARGET_FOLLOW,FOLLOW
-7.595586,1.645282,TARGET_FOLLOW,FOLLOW
-7.595590,1.645280,TARGET_FOLLOW,FOLLOW
-7.595594,1.645279,OBSTACLE_AND_TARGET_DETECTED,AVOID
-7.606941,1.641165,OBSTACLE_AND_TARGET_DETECTED,AVOID
-7.616399,1.630597,OBSTACLE_AND_TARGET_DETECTED,AVOID
-7.618308,1.615921,TARGET_FOLLOW,FOLLOW
-7.618463,1.613797,OBSTACLE_AND_TARGET_DETECTED,AVOID
-7.617815,1.600041,TARGET_FOLLOW,FOLLOW
-7.617704,1.597715,OBSTACLE_AND_TARGET_DETECTED,AVOID
-7.617327,1.589727,TARGET_FOLLOW,FOLLOW
-7.617283,1.588836,TARGET_FOLLOW,FOLLOW
-7.617280,1.588834,OBSTACLE_AND_TARGET_DETECTED,AVOID
-7.605091,1.590933,TARGET_FOLLOW,FOLLOW
-7.603140,1.591268,TARGET_FOLLOW,FOLLOW
-7.603136,1.591267,OBSTACLE_AND_TARGET_DETECTED,AVOID
-7.598528,1.586900,OBSTACLE_AND_TARGET_DETECTED,AVOID
-7.596695,1.580134,OBSTACLE_AND_TARGET_DETECTED,AVOID
-7.601687,1.567101,TARGET_FOLLOW,FOLLOW
-7.602499,1.565164,OBSTACLE_AND_TARGET_DETECTED,AVOID
-7.598396,1.560205,OBSTACLE_AND_TARGET_DETECTED,AVOID
-7.596646,1.553500,OBSTACLE_AND_TARGET_DETECTED,AVOID
-7.599114,1.546602,TARGET_FOLLOW,FOLLOW
-7.599404,1.545907,OBSTACLE_AND_TARGET_DETECTED,AVOID
-7.595304,1.540953,TARGET_FOLLOW,FOLLOW
-7.594848,1.540399,OBSTACLE_AND_TARGET_DETECTED,AVOID
-7.597381,1.534371,TARGET_FOLLOW,FOLLOW
-7.597662,1.533697,OBSTACLE_AND_TARGET_DETECTED,AVOID
-7.600134,1.527814,TARGET_FOLLOW,FOLLOW
-7.600409,1.527157,TARGET_FOLLOW,FOLLOW
-7.600410,1.527153,OBSTACLE_AND_TARGET_DETECTED,AVOID
-7.605947,1.523621,TARGET_FOLLOW,FOLLOW
-7.606564,1.523225,OBSTACLE_AND_TARGET_DETECTED,AVOID
-7.617059,1.516530,TARGET_FOLLOW,FOLLOW
-7.618743,1.515454,OBSTACLE_AND_TARGET_DETECTED,AVOID
-7.624150,1.512005,TARGET_FOLLOW,FOLLOW
-7.624752,1.511618,TARGET_FOLLOW,FOLLOW
-7.624752,1.511614,TARGET_FOLLOW,FOLLOW
-7.624754,1.511610,TARGET_FOLLOW,FOLLOW
-7.624753,1.511606,TARGET_FOLLOW,FOLLOW
-7.624751,1.511602,TARGET_FOLLOW,FOLLOW
-7.624750,1.511598,TARGET_FOLLOW,FOLLOW
-7.624751,1.511594,OBSTACLE_AND_TARGET_DETECTED,AVOID
-7.634894,1.505124,TARGET_FOLLOW,FOLLOW
-7.636490,1.504104,OBSTACLE_AND_TARGET_DETECTED,AVOID
-7.646705,1.497587,TARGET_FOLLOW,FOLLOW
-7.648320,1.496555,OBSTACLE_AND_TARGET_DETECTED,AVOID
-7.658554,1.490027,TARGET_FOLLOW,FOLLOW
-7.660173,1.488992,OBSTACLE_AND_TARGET_DETECTED,AVOID
-7.670408,1.482463,TARGET_FOLLOW,FOLLOW
-7.672027,1.481428,OBSTACLE_AND_TARGET_DETECTED,AVOID
-7.677509,1.477931,TARGET_FOLLOW,FOLLOW
-7.678120,1.477539,OBSTACLE_AND_TARGET_DETECTED,AVOID
-7.683511,1.474100,TARGET_FOLLOW,FOLLOW
-7.684111,1.473715,OBSTACLE_AND_TARGET_DETECTED,AVOID
-7.689492,1.470282,TARGET_FOLLOW,FOLLOW
-7.690091,1.469898,TARGET_FOLLOW,FOLLOW
-7.690095,1.469895,TARGET_FOLLOW,FOLLOW
-7.690099,1.469895,TARGET_FOLLOW,FOLLOW
-7.690103,1.469896,TARGET_FOLLOW,FOLLOW
-7.690107,1.469899,TARGET_FOLLOW,FOLLOW
-7.694799,1.478162,TARGET_FOLLOW,FOLLOW
-7.698546,1.487048,OBSTACLE_AND_TARGET_DETECTED,AVOID
-7.701019,1.493977,OBSTACLE_AND_TARGET_DETECTED,AVOID
-7.699895,1.500952,OBSTACLE_AND_TARGET_DETECTED,AVOID
-7.695027,1.506077,TARGET_FOLLOW,FOLLOW
-7.685888,1.507855,TARGET_FOLLOW,FOLLOW
-7.677705,1.509024,TARGET_FOLLOW,FOLLOW
-7.670815,1.510389,TARGET_FOLLOW,FOLLOW
-7.664912,1.511828,TARGET_FOLLOW,FOLLOW
-7.659764,1.513228,TARGET_FOLLOW,FOLLOW
-7.655207,1.514545,TARGET_FOLLOW,FOLLOW
-7.651125,1.515767,TARGET_FOLLOW,FOLLOW
-7.647431,1.516896,TARGET_FOLLOW,FOLLOW
-7.644061,1.517938,TARGET_FOLLOW,FOLLOW
-7.640966,1.518902,TARGET_FOLLOW,FOLLOW
-7.638105,1.519796,TARGET_FOLLOW,FOLLOW
-7.635449,1.520628,TARGET_FOLLOW,FOLLOW
-7.632971,1.521406,TARGET_FOLLOW,FOLLOW
-7.630650,1.522135,TARGET_FOLLOW,FOLLOW
-7.628469,1.522820,TARGET_FOLLOW,FOLLOW
-7.626412,1.523467,TARGET_FOLLOW,FOLLOW
-7.626204,1.523532,TARGET_FOLLOW,FOLLOW
-7.620514,1.525322,OBSTACLE_AND_TARGET_DETECTED,AVOID
-7.610540,1.536053,TARGET_FOLLOW,FOLLOW
-7.609034,1.537761,OBSTACLE_AND_TARGET_DETECTED,AVOID
-7.601764,1.546025,OBSTACLE_AND_TARGET_DETECTED,AVOID
-7.589028,1.551524,OBSTACLE_AND_TARGET_DETECTED,AVOID
-7.574603,1.548825,TARGET_FOLLOW,FOLLOW
-7.572556,1.548322,OBSTACLE_AND_TARGET_DETECTED,AVOID
-7.565826,1.545781,OBSTACLE_AND_TARGET_DETECTED,AVOID
-7.560898,1.540788,TARGET_FOLLOW,FOLLOW
-7.560433,1.540260,OBSTACLE_AND_TARGET_DETECTED,AVOID
-7.556826,1.535040,TARGET_FOLLOW,FOLLOW
-7.556425,1.534456,OBSTACLE_AND_TARGET_DETECTED,AVOID
-7.552789,1.529195,TARGET_FOLLOW,FOLLOW
-7.552384,1.528607,OBSTACLE_AND_TARGET_DETECTED,AVOID
-7.548721,1.523306,TARGET_FOLLOW,FOLLOW
-7.548313,1.522713,OBSTACLE_AND_TARGET_DETECTED,AVOID
-7.544622,1.517371,OBSTACLE_AND_TARGET_DETECTED,AVOID
-7.543450,1.510495,TARGET_FOLLOW,FOLLOW
-7.543367,1.509794,TARGET_FOLLOW,FOLLOW
-7.549517,1.506582,TARGET_FOLLOW,FOLLOW
-7.556163,1.504860,TARGET_FOLLOW,FOLLOW
-7.562231,1.504194,TARGET_FOLLOW,FOLLOW
-7.567659,1.504038,TARGET_FOLLOW,FOLLOW
-7.572505,1.504121,TARGET_FOLLOW,FOLLOW
-7.574971,1.504221,TARGET_FOLLOW,FOLLOW
-7.577161,1.504859,TARGET_FOLLOW,FOLLOW
-7.577383,1.504930,TARGET_FOLLOW,FOLLOW
-7.577386,1.504933,TARGET_FOLLOW,FOLLOW
-7.579638,1.506622,TARGET_FOLLOW,FOLLOW
-7.579890,1.506812,TARGET_FOLLOW,FOLLOW
-7.579893,1.506815,TARGET_FOLLOW,FOLLOW
-7.581301,1.508329,TARGET_FOLLOW,FOLLOW
-7.592412,1.523838,TARGET_FOLLOW,FOLLOW
-7.594768,1.527145,OBSTACLE_AND_TARGET_DETECTED,AVOID
-7.601723,1.536944,OBSTACLE_AND_TARGET_DETECTED,AVOID
-7.603641,1.550868,OBSTACLE_AND_TARGET_DETECTED,AVOID
-7.597297,1.563630,TARGET_FOLLOW,FOLLOW
-7.591720,1.567334,TARGET_FOLLOW,FOLLOW
-7.586939,1.570105,TARGET_FOLLOW,FOLLOW
-7.586465,1.570387,OBSTACLE_AND_TARGET_DETECTED,AVOID
-7.583643,1.578309,OBSTACLE_AND_TARGET_DETECTED,AVOID
-7.578675,1.583481,TARGET_FOLLOW,FOLLOW
-7.564725,1.585896,TARGET_FOLLOW,FOLLOW
-7.550220,1.587765,OBSTACLE_AND_TARGET_DETECTED,AVOID
-7.542584,1.589148,OBSTACLE_AND_TARGET_DETECTED,AVOID
-7.537253,1.593543,OBSTACLE_AND_TARGET_DETECTED,AVOID
-7.530664,1.595622,OBSTACLE_AND_TARGET_DETECTED,AVOID
-7.522567,1.602612,OBSTACLE_AND_TARGET_DETECTED,AVOID
-7.520341,1.609544,OBSTACLE_AND_TARGET_DETECTED,AVOID
-7.522849,1.616862,OBSTACLE_AND_TARGET_DETECTED,AVOID
-7.522502,1.623874,OBSTACLE_AND_TARGET_DETECTED,AVOID
-7.516888,1.631055,OBSTACLE_AND_TARGET_DETECTED,AVOID
-7.514857,1.638012,OBSTACLE_AND_TARGET_DETECTED,AVOID
-7.509136,1.645215,OBSTACLE_AND_TARGET_DETECTED,AVOID
-7.507086,1.652247,OBSTACLE_AND_TARGET_DETECTED,AVOID
-7.501417,1.659394,OBSTACLE_AND_TARGET_DETECTED,AVOID
-7.497977,1.672569,OBSTACLE_AND_TARGET_DETECTED,AVOID
-7.492856,1.679578,OBSTACLE_AND_TARGET_DETECTED,AVOID
-7.486072,1.681855,OBSTACLE_AND_TARGET_DETECTED,AVOID
-7.480526,1.686490,OBSTACLE_AND_TARGET_DETECTED,AVOID
-7.467660,1.690244,TARGET_FOLLOW,FOLLOW
-7.465782,1.690742,OBSTACLE_AND_TARGET_DETECTED,AVOID
-7.460874,1.696196,OBSTACLE_AND_TARGET_DETECTED,AVOID
-7.447908,1.700608,TARGET_FOLLOW,FOLLOW
-7.445999,1.701194,TARGET_FOLLOW,FOLLOW
-7.429218,1.721042,OBSTACLE_AND_TARGET_DETECTED,AVOID
-7.420774,1.730494,OBSTACLE_AND_TARGET_DETECTED,AVOID
-7.408585,1.734075,OBSTACLE_AND_TARGET_DETECTED,AVOID
-7.402594,1.738703,OBSTACLE_AND_TARGET_DETECTED,AVOID
-7.390294,1.742267,OBSTACLE_AND_TARGET_DETECTED,AVOID
-7.384197,1.746985,OBSTACLE_AND_TARGET_DETECTED,AVOID
-7.372007,1.750527,OBSTACLE_AND_TARGET_DETECTED,AVOID
-7.361124,1.759628,OBSTACLE_AND_TARGET_DETECTED,AVOID
-7.344476,1.764686,OBSTACLE_AND_TARGET_DETECTED,AVOID
-7.321488,1.757839,OBSTACLE_AND_TARGET_DETECTED,AVOID
-7.306435,1.740101,OBSTACLE_AND_TARGET_DETECTED,AVOID
-7.304313,1.716423,OBSTACLE_AND_TARGET_DETECTED,AVOID
-7.315749,1.696043,OBSTACLE_AND_TARGET_DETECTED,AVOID
-7.332213,1.687657,TARGET_FOLLOW,FOLLOW
-7.340338,1.688181,TARGET_FOLLOW,FOLLOW
-7.345020,1.692789,TARGET_FOLLOW,FOLLOW
-7.345466,1.693287,TARGET_FOLLOW,FOLLOW
-7.345467,1.693291,TARGET_FOLLOW,FOLLOW
-7.345470,1.693294,TARGET_FOLLOW,FOLLOW
-7.345473,1.693297,TARGET_FOLLOW,FOLLOW
-7.345476,1.693300,TARGET_FOLLOW,FOLLOW
-7.360632,1.709022,OBSTACLE_AND_TARGET_DETECTED,AVOID
-7.370691,1.719228,OBSTACLE_AND_TARGET_DETECTED,AVOID
-7.377791,1.721630,OBSTACLE_AND_TARGET_DETECTED,AVOID
-7.384863,1.719377,OBSTACLE_AND_TARGET_DETECTED,AVOID
-7.400194,1.720831,OBSTACLE_AND_TARGET_DETECTED,AVOID
-7.414033,1.716392,OBSTACLE_AND_TARGET_DETECTED,AVOID
-7.428757,1.717499,OBSTACLE_AND_TARGET_DETECTED,AVOID
-7.443763,1.729422,OBSTACLE_AND_TARGET_DETECTED,AVOID
-7.448646,1.743474,OBSTACLE_AND_TARGET_DETECTED,AVOID
-7.444289,1.757184,OBSTACLE_AND_TARGET_DETECTED,AVOID
-7.433000,1.765922,OBSTACLE_AND_TARGET_DETECTED,AVOID
-7.425405,1.766766,OBSTACLE_AND_TARGET_DETECTED,AVOID
-7.418787,1.769835,OBSTACLE_AND_TARGET_DETECTED,AVOID
-7.411772,1.770146,OBSTACLE_AND_TARGET_DETECTED,AVOID
-7.405215,1.773184,OBSTACLE_AND_TARGET_DETECTED,AVOID
-7.392038,1.773462,TARGET_FOLLOW,FOLLOW
-7.390144,1.773455,OBSTACLE_AND_TARGET_DETECTED,AVOID
-7.385781,1.778034,OBSTACLE_AND_TARGET_DETECTED,AVOID
-7.379113,1.780421,OBSTACLE_AND_TARGET_DETECTED,AVOID
-7.370443,1.778071,OBSTACLE_AND_TARGET_DETECTED,AVOID
-7.361019,1.779286,OBSTACLE_AND_TARGET_DETECTED,AVOID
-7.352010,1.776869,OBSTACLE_AND_TARGET_DETECTED,AVOID
-7.342330,1.778125,OBSTACLE_AND_TARGET_DETECTED,AVOID
-7.333308,1.775717,OBSTACLE_AND_TARGET_DETECTED,AVOID
-7.323348,1.777023,OBSTACLE_AND_TARGET_DETECTED,AVOID
-7.308603,1.772796,OBSTACLE_AND_TARGET_DETECTED,AVOID
-7.288878,1.775435,OBSTACLE_AND_TARGET_DETECTED,AVOID
-7.273251,1.788757,OBSTACLE_AND_TARGET_DETECTED,AVOID
-7.268765,1.804418,OBSTACLE_AND_TARGET_DETECTED,AVOID
-7.276786,1.825538,OBSTACLE_AND_TARGET_DETECTED,AVOID
-7.291491,1.836664,TARGET_FOLLOW,FOLLOW
-7.295598,1.837928,TARGET_FOLLOW,FOLLOW
-7.295819,1.837915,TARGET_FOLLOW,FOLLOW
-7.295823,1.837913,TARGET_FOLLOW,FOLLOW
-7.295827,1.837914,TARGET_FOLLOW,FOLLOW
-7.295831,1.837914,TARGET_FOLLOW,FOLLOW
-7.295835,1.837913,TARGET_FOLLOW,FOLLOW
-7.295839,1.837911,TARGET_FOLLOW,FOLLOW
-7.295843,1.837910,TARGET_FOLLOW,FOLLOW
-7.295847,1.837908,TARGET_FOLLOW,FOLLOW
-7.295851,1.837906,OBSTACLE_AND_TARGET_DETECTED,AVOID
-7.301368,1.834887,OBSTACLE_AND_TARGET_DETECTED,AVOID
-7.314555,1.835086,OBSTACLE_AND_TARGET_DETECTED,AVOID
-7.321489,1.839333,OBSTACLE_AND_TARGET_DETECTED,AVOID
-7.326362,1.852604,TARGET_FOLLOW,FOLLOW
-7.327028,1.854622,OBSTACLE_AND_TARGET_DETECTED,AVOID
-7.332818,1.857812,OBSTACLE_AND_TARGET_DETECTED,AVOID
-7.340602,1.869882,OBSTACLE_AND_TARGET_DETECTED,AVOID
-7.352491,1.877863,OBSTACLE_AND_TARGET_DETECTED,AVOID
-7.360822,1.890303,OBSTACLE_AND_TARGET_DETECTED,AVOID
-7.367192,1.895003,OBSTACLE_AND_TARGET_DETECTED,AVOID
-7.375009,1.907191,OBSTACLE_AND_TARGET_DETECTED,AVOID
-7.381252,1.911857,OBSTACLE_AND_TARGET_DETECTED,AVOID
-7.388722,1.923525,TARGET_FOLLOW,FOLLOW
-7.396172,1.928804,OBSTACLE_AND_TARGET_DETECTED,AVOID
-7.402513,1.932277,OBSTACLE_AND_TARGET_DETECTED,AVOID
-7.405656,1.936926,OBSTACLE_AND_TARGET_DETECTED,AVOID
-7.416800,1.944207,OBSTACLE_AND_TARGET_DETECTED,AVOID
-7.422648,1.952889,OBSTACLE_AND_TARGET_DETECTED,AVOID
-7.422767,1.958962,OBSTACLE_AND_TARGET_DETECTED,AVOID
-7.418744,1.964447,OBSTACLE_AND_TARGET_DETECTED,AVOID
-7.416946,1.971784,TARGET_FOLLOW,FOLLOW
-7.400376,1.993335,OBSTACLE_AND_TARGET_DETECTED,AVOID
-7.395387,2.002733,OBSTACLE_AND_TARGET_DETECTED,AVOID
-7.391300,2.008182,OBSTACLE_AND_TARGET_DETECTED,AVOID
-7.389887,2.013589,TARGET_FOLLOW,FOLLOW
-7.389777,2.014132,TARGET_FOLLOW,FOLLOW
-7.389773,2.014133,TARGET_FOLLOW,FOLLOW
-7.389769,2.014134,TARGET_FOLLOW,FOLLOW
-7.389765,2.014135,TARGET_FOLLOW,FOLLOW
-7.389761,2.014135,TARGET_FOLLOW,FOLLOW
-7.389756,2.014136,TARGET_FOLLOW,FOLLOW
-7.389752,2.014136,TARGET_FOLLOW,FOLLOW
-7.387859,2.014570,TARGET_FOLLOW,FOLLOW
-7.385540,2.015222,TARGET_FOLLOW,FOLLOW
-7.382984,2.015517,TARGET_FOLLOW,FOLLOW
-7.380271,2.015428,TARGET_FOLLOW,FOLLOW
-7.377416,2.015061,TARGET_FOLLOW,FOLLOW
-7.374428,2.014501,TARGET_FOLLOW,FOLLOW
-7.371297,2.013799,TARGET_FOLLOW,FOLLOW
-7.368691,2.013571,TARGET_FOLLOW,FOLLOW
-7.366322,2.013672,TARGET_FOLLOW,FOLLOW
-7.364100,2.013949,TARGET_FOLLOW,FOLLOW
-7.363876,2.013979,TARGET_FOLLOW,FOLLOW
-7.363872,2.013980,TARGET_FOLLOW,FOLLOW
-7.363868,2.013981,TARGET_FOLLOW,FOLLOW
-7.359678,2.015020,TARGET_FOLLOW,FOLLOW
-7.359208,2.015136,TARGET_FOLLOW,FOLLOW
-7.359204,2.015136,TARGET_FOLLOW,FOLLOW
-7.359200,2.015137,TARGET_FOLLOW,FOLLOW
-7.353774,2.016418,TARGET_FOLLOW,FOLLOW
-7.353167,2.016561,TARGET_FOLLOW,FOLLOW
-7.330361,2.019606,TARGET_FOLLOW,FOLLOW
-7.324006,2.020454,OBSTACLE_AND_TARGET_DETECTED,AVOID
-7.317833,2.021925,OBSTACLE_AND_TARGET_DETECTED,AVOID
-7.311014,2.020153,OBSTACLE_AND_TARGET_DETECTED,AVOID
-7.305872,2.014189,TARGET_FOLLOW,FOLLOW
-7.305376,2.013546,OBSTACLE_AND_TARGET_DETECTED,AVOID
-7.303688,2.010723,TARGET_FOLLOW,FOLLOW
-7.303500,2.010405,OBSTACLE_AND_TARGET_DETECTED,AVOID
-7.301821,2.007596,OBSTACLE_AND_TARGET_DETECTED,AVOID
-7.301289,2.001002,OBSTACLE_AND_TARGET_DETECTED,AVOID
-7.297993,1.994855,TARGET_FOLLOW,FOLLOW
-7.297628,1.994248,TARGET_FOLLOW,FOLLOW
-7.297624,1.994246,OBSTACLE_AND_TARGET_DETECTED,AVOID
-7.293095,1.989738,TARGET_FOLLOW,FOLLOW
-7.292588,1.989236,TARGET_FOLLOW,FOLLOW
-7.292584,1.989236,TARGET_FOLLOW,FOLLOW
-7.292580,1.989237,TARGET_FOLLOW,FOLLOW
-7.292576,1.989239,TARGET_FOLLOW,FOLLOW
-7.292572,1.989240,TARGET_FOLLOW,FOLLOW
-7.292568,1.989242,TARGET_FOLLOW,FOLLOW
-7.292564,1.989244,TARGET_FOLLOW,FOLLOW
-7.292561,1.989246,TARGET_FOLLOW,FOLLOW
-7.292557,1.989248,TARGET_FOLLOW,FOLLOW
-7.292553,1.989250,TARGET_FOLLOW,FOLLOW
-7.292549,1.989252,TARGET_FOLLOW,FOLLOW
-7.292546,1.989254,TARGET_FOLLOW,FOLLOW
-7.292542,1.989256,TARGET_FOLLOW,FOLLOW
-7.292538,1.989258,TARGET_FOLLOW,FOLLOW
-7.292534,1.989259,TARGET_FOLLOW,FOLLOW
-7.292530,1.989261,TARGET_FOLLOW,FOLLOW
-7.292527,1.989263,TARGET_FOLLOW,FOLLOW
-7.266323,2.002347,TARGET_FOLLOW,FOLLOW
-7.233438,2.022679,TARGET_FOLLOW,FOLLOW
-7.222924,2.029625,TARGET_FOLLOW,FOLLOW
-7.220329,2.032415,TARGET_FOLLOW,FOLLOW
-7.206174,2.054349,OBSTACLE_AND_TARGET_DETECTED,AVOID
-7.193524,2.071473,OBSTACLE_AND_TARGET_DETECTED,AVOID
-7.180306,2.077780,OBSTACLE_AND_TARGET_DETECTED,AVOID
-7.166290,2.075151,OBSTACLE_AND_TARGET_DETECTED,AVOID
-7.155994,2.064734,TARGET_FOLLOW,FOLLOW
-7.154610,2.063162,TARGET_FOLLOW,FOLLOW
-7.155506,2.061470,OBSTACLE_AND_TARGET_DETECTED,AVOID
-7.159438,2.056139,OBSTACLE_AND_TARGET_DETECTED,AVOID
-7.165832,2.053215,OBSTACLE_AND_TARGET_DETECTED,AVOID
-7.172649,2.054392,OBSTACLE_AND_TARGET_DETECTED,AVOID
-7.179490,2.052950,OBSTACLE_AND_TARGET_DETECTED,AVOID
-7.188468,2.043167,TARGET_FOLLOW,FOLLOW
-7.197968,2.038715,OBSTACLE_AND_TARGET_DETECTED,AVOID
-7.205224,2.037442,OBSTACLE_AND_TARGET_DETECTED,AVOID
-7.216079,2.029350,OBSTACLE_AND_TARGET_DETECTED,AVOID
-7.223467,2.027305,OBSTACLE_AND_TARGET_DETECTED,AVOID
-7.234430,2.019094,OBSTACLE_AND_TARGET_DETECTED,AVOID
-7.243121,2.016800,OBSTACLE_AND_TARGET_DETECTED,AVOID
-7.254252,2.008543,OBSTACLE_AND_TARGET_DETECTED,AVOID
-7.263001,2.006237,OBSTACLE_AND_TARGET_DETECTED,AVOID
-7.280843,1.992952,OBSTACLE_AND_TARGET_DETECTED,AVOID
-7.295741,1.988611,OBSTACLE_AND_TARGET_DETECTED,AVOID
-7.311003,1.977507,OBSTACLE_AND_TARGET_DETECTED,AVOID
-7.332547,1.972452,OBSTACLE_AND_TARGET_DETECTED,AVOID
-7.354025,1.980188,OBSTACLE_AND_TARGET_DETECTED,AVOID
-7.363289,1.991991,OBSTACLE_AND_TARGET_DETECTED,AVOID
-7.379246,2.002473,OBSTACLE_AND_TARGET_DETECTED,AVOID
-7.391175,2.020214,OBSTACLE_AND_TARGET_DETECTED,AVOID
-7.411646,2.034058,OBSTACLE_AND_TARGET_DETECTED,AVOID
-7.425058,2.055110,OBSTACLE_AND_TARGET_DETECTED,AVOID
-7.445792,2.066760,OBSTACLE_AND_TARGET_DETECTED,AVOID
-7.486901,2.068898,OBSTACLE_AND_TARGET_DETECTED,AVOID
-7.517977,2.050231,OBSTACLE_AND_TARGET_DETECTED,AVOID
-7.532306,2.016283,OBSTACLE_AND_TARGET_DETECTED,AVOID
-7.526591,1.985494,OBSTACLE_AND_TARGET_DETECTED,AVOID
-7.497702,1.958856,OBSTACLE_AND_TARGET_DETECTED,AVOID
-7.478413,1.952309,OBSTACLE_AND_TARGET_DETECTED,AVOID
-7.455777,1.939975,OBSTACLE_AND_TARGET_DETECTED,AVOID
-7.439879,1.937221,OBSTACLE_AND_TARGET_DETECTED,AVOID
-7.419831,1.926297,OBSTACLE_AND_TARGET_DETECTED,AVOID
-7.405052,1.923966,OBSTACLE_AND_TARGET_DETECTED,AVOID
-7.389698,1.932339,OBSTACLE_AND_TARGET_DETECTED,AVOID
-7.383005,1.944584,OBSTACLE_AND_TARGET_DETECTED,AVOID
-7.384960,1.958879,OBSTACLE_AND_TARGET_DETECTED,AVOID
-7.398808,1.973978,OBSTACLE_AND_TARGET_DETECTED,AVOID
-7.407660,1.977302,OBSTACLE_AND_TARGET_DETECTED,AVOID
-7.414394,1.974667,OBSTACLE_AND_TARGET_DETECTED,AVOID
-7.422004,1.974702,OBSTACLE_AND_TARGET_DETECTED,AVOID
-7.434366,1.969357,OBSTACLE_AND_TARGET_DETECTED,AVOID
-7.449265,1.969431,OBSTACLE_AND_TARGET_DETECTED,AVOID
-7.463292,1.963693,OBSTACLE_AND_TARGET_DETECTED,AVOID
-7.489474,1.963945,OBSTACLE_AND_TARGET_DETECTED,AVOID
-7.511095,1.955839,OBSTACLE_AND_TARGET_DETECTED,AVOID
-7.524570,1.936378,OBSTACLE_AND_TARGET_DETECTED,AVOID
-7.524854,1.914724,OBSTACLE_AND_TARGET_DETECTED,AVOID
-7.532706,1.893673,OBSTACLE_AND_TARGET_DETECTED,AVOID
-7.532676,1.876148,OBSTACLE_AND_TARGET_DETECTED,AVOID
-7.540619,1.855454,OBSTACLE_AND_TARGET_DETECTED,AVOID
-7.552587,1.845922,OBSTACLE_AND_TARGET_DETECTED,AVOID
-7.575807,1.845885,OBSTACLE_AND_TARGET_DETECTED,AVOID
-7.597065,1.837600,OBSTACLE_AND_TARGET_DETECTED,AVOID
-7.606713,1.824585,OBSTACLE_AND_TARGET_DETECTED,AVOID
-7.628248,1.809971,OBSTACLE_AND_TARGET_DETECTED,AVOID
-7.636063,1.801028,OBSTACLE_AND_TARGET_DETECTED,AVOID
-7.661377,1.784250,OBSTACLE_AND_TARGET_DETECTED,AVOID
-7.671578,1.774051,OBSTACLE_AND_TARGET_DETECTED,AVOID
-7.691395,1.760949,OBSTACLE_AND_TARGET_DETECTED,AVOID
-7.698558,1.752846,OBSTACLE_AND_TARGET_DETECTED,AVOID
-7.715189,1.741894,TARGET_FOLLOW,FOLLOW
-7.718529,1.739817,OBSTACLE_AND_TARGET_DETECTED,AVOID
-7.717175,1.721612,OBSTACLE_AND_TARGET_DETECTED,AVOID
-7.719417,1.712690,OBSTACLE_AND_TARGET_DETECTED,AVOID
-7.735461,1.702020,TARGET_FOLLOW,FOLLOW
-7.738666,1.700028,OBSTACLE_AND_TARGET_DETECTED,AVOID
-7.737721,1.687311,TARGET_FOLLOW,FOLLOW
-7.737569,1.685242,OBSTACLE_AND_TARGET_DETECTED,AVOID
-7.736639,1.672729,TARGET_FOLLOW,FOLLOW
-7.736490,1.670711,OBSTACLE_AND_TARGET_DETECTED,AVOID
-7.735993,1.664022,TARGET_FOLLOW,FOLLOW
-7.735939,1.663275,OBSTACLE_AND_TARGET_DETECTED,AVOID
-7.735451,1.656703,TARGET_FOLLOW,FOLLOW
-7.735398,1.655969,OBSTACLE_AND_TARGET_DETECTED,AVOID
-7.734919,1.649530,TARGET_FOLLOW,FOLLOW
-7.734868,1.648811,OBSTACLE_AND_TARGET_DETECTED,AVOID
-7.734400,1.642515,TARGET_FOLLOW,FOLLOW
-7.734349,1.641812,TARGET_FOLLOW,FOLLOW
-7.734349,1.641807,TARGET_FOLLOW,FOLLOW
-7.734347,1.641804,TARGET_FOLLOW,FOLLOW
-7.734344,1.641801,TARGET_FOLLOW,FOLLOW
-7.734340,1.641799,TARGET_FOLLOW,FOLLOW
-7.734336,1.641798,TARGET_FOLLOW,FOLLOW
-7.734332,1.641798,TARGET_FOLLOW,FOLLOW
-7.734327,1.641798,TARGET_FOLLOW,FOLLOW
-7.734323,1.641798,TARGET_FOLLOW,FOLLOW
-7.734319,1.641799,TARGET_FOLLOW,FOLLOW
-7.734315,1.641799,TARGET_FOLLOW,FOLLOW
-7.734311,1.641800,TARGET_FOLLOW,FOLLOW
-7.734307,1.641801,TARGET_FOLLOW,FOLLOW
-7.734302,1.641802,TARGET_FOLLOW,FOLLOW
-7.734298,1.641803,TARGET_FOLLOW,FOLLOW
-7.734294,1.641804,TARGET_FOLLOW,FOLLOW
-7.732416,1.642226,TARGET_FOLLOW,FOLLOW
-7.730133,1.642752,TARGET_FOLLOW,FOLLOW
-7.727620,1.643344,TARGET_FOLLOW,FOLLOW
-7.724859,1.644010,TARGET_FOLLOW,FOLLOW
-7.721835,1.644754,TARGET_FOLLOW,FOLLOW
-7.718531,1.645582,TARGET_FOLLOW,FOLLOW
-7.714931,1.646500,TARGET_FOLLOW,FOLLOW
-7.711019,1.647515,TARGET_FOLLOW,FOLLOW
-7.706778,1.648632,TARGET_FOLLOW,FOLLOW
-7.702197,1.649856,TARGET_FOLLOW,FOLLOW
-7.697265,1.651191,TARGET_FOLLOW,FOLLOW
-7.691976,1.652641,TARGET_FOLLOW,FOLLOW
-7.686321,1.654208,TARGET_FOLLOW,FOLLOW
-7.680295,1.655895,TARGET_FOLLOW,FOLLOW
-7.673893,1.657705,TARGET_FOLLOW,FOLLOW
-7.667111,1.659638,TARGET_FOLLOW,FOLLOW
-7.659946,1.661696,TARGET_FOLLOW,FOLLOW
-7.652400,1.663880,TARGET_FOLLOW,FOLLOW
-7.644475,1.666186,TARGET_FOLLOW,FOLLOW
-7.636180,1.668614,TARGET_FOLLOW,FOLLOW
-7.627521,1.671159,TARGET_FOLLOW,FOLLOW
-7.618515,1.673816,TARGET_FOLLOW,FOLLOW
-7.609180,1.676580,TARGET_FOLLOW,FOLLOW
-7.599533,1.679442,TARGET_FOLLOW,FOLLOW
-7.589593,1.682396,TARGET_FOLLOW,FOLLOW
-7.579373,1.685436,OBSTACLE_AND_TARGET_DETECTED,AVOID
-7.572299,1.687541,TARGET_FOLLOW,FOLLOW
-7.564621,1.695461,OBSTACLE_AND_TARGET_DETECTED,AVOID
-7.559041,1.700407,TARGET_FOLLOW,FOLLOW
-7.548269,1.728298,TARGET_FOLLOW,FOLLOW
-7.532815,1.763463,TARGET_FOLLOW,FOLLOW
-7.517857,1.788679,TARGET_FOLLOW,FOLLOW
-7.507662,1.811288,TARGET_FOLLOW,FOLLOW
-7.501454,1.831985,TARGET_FOLLOW,FOLLOW
-7.497556,1.850413,TARGET_FOLLOW,FOLLOW
-7.494870,1.866710,TARGET_FOLLOW,FOLLOW
-7.492789,1.881178,TARGET_FOLLOW,FOLLOW
-7.490990,1.894123,TARGET_FOLLOW,FOLLOW
-7.489305,1.905810,TARGET_FOLLOW,FOLLOW
-7.487646,1.916454,TARGET_FOLLOW,FOLLOW
-7.485966,1.926230,TARGET_FOLLOW,FOLLOW
-7.484242,1.935280,TARGET_FOLLOW,FOLLOW
-7.482460,1.943720,TARGET_FOLLOW,FOLLOW
-7.480612,1.951646,TARGET_FOLLOW,FOLLOW
-7.478692,1.959138,TARGET_FOLLOW,FOLLOW
-7.476696,1.966261,TARGET_FOLLOW,FOLLOW
-7.474619,1.973071,TARGET_FOLLOW,FOLLOW
-7.472458,1.979616,OBSTACLE_AND_TARGET_DETECTED,AVOID
-7.470118,1.986185,TARGET_FOLLOW,FOLLOW
-7.465309,1.990536,TARGET_FOLLOW,FOLLOW
-7.460667,1.995031,OBSTACLE_AND_TARGET_DETECTED,AVOID
-7.456380,2.000478,TARGET_FOLLOW,FOLLOW
-7.450700,2.003166,TARGET_FOLLOW,FOLLOW
-7.445308,2.006471,TARGET_FOLLOW,FOLLOW
-7.440659,2.010792,TARGET_FOLLOW,FOLLOW
-7.436585,2.015672,OBSTACLE_AND_TARGET_DETECTED,AVOID
-7.432516,2.021282,TARGET_FOLLOW,FOLLOW
-7.426869,2.024130,TARGET_FOLLOW,FOLLOW
-7.421352,2.027422,TARGET_FOLLOW,FOLLOW
-7.416398,2.031639,TARGET_FOLLOW,FOLLOW
-7.411868,2.036411,OBSTACLE_AND_TARGET_DETECTED,AVOID
-7.407381,2.041704,TARGET_FOLLOW,FOLLOW
-7.401222,2.044212,TARGET_FOLLOW,FOLLOW
-7.395082,2.047229,TARGET_FOLLOW,FOLLOW
-7.389411,2.051286,TARGET_FOLLOW,FOLLOW
-7.384107,2.055992,TARGET_FOLLOW,FOLLOW
-7.378997,2.061064,OBSTACLE_AND_TARGET_DETECTED,AVOID
-7.374136,2.066143,TARGET_FOLLOW,FOLLOW
-7.367172,2.068423,TARGET_FOLLOW,FOLLOW
-7.360080,2.071254,TARGET_FOLLOW,FOLLOW
-7.353364,2.075233,TARGET_FOLLOW,FOLLOW
-7.346956,2.079950,TARGET_FOLLOW,FOLLOW
-7.340705,2.085090,TARGET_FOLLOW,FOLLOW
-7.334483,2.090472,TARGET_FOLLOW,FOLLOW
-7.328201,2.095993,TARGET_FOLLOW,FOLLOW
-7.321801,2.101592,TARGET_FOLLOW,FOLLOW
-7.315245,2.107231,TARGET_FOLLOW,FOLLOW
-7.308509,2.112885,TARGET_FOLLOW,FOLLOW
-7.301579,2.118540,TARGET_FOLLOW,FOLLOW
-7.294446,2.124184,TARGET_FOLLOW,FOLLOW
-7.287103,2.129811,TARGET_FOLLOW,FOLLOW
-7.279546,2.135415,TARGET_FOLLOW,FOLLOW
-7.271772,2.140991,TARGET_FOLLOW,FOLLOW
-7.263781,2.146537,TARGET_FOLLOW,FOLLOW
-7.255571,2.152048,TARGET_FOLLOW,FOLLOW
-7.247143,2.157520,TARGET_FOLLOW,FOLLOW
-7.238498,2.162950,TARGET_FOLLOW,FOLLOW
-7.229637,2.168335,TARGET_FOLLOW,FOLLOW
-7.220565,2.173670,TARGET_FOLLOW,FOLLOW
-7.211284,2.178951,TARGET_FOLLOW,FOLLOW
-7.201798,2.184174,TARGET_FOLLOW,FOLLOW
-7.192111,2.189337,TARGET_FOLLOW,FOLLOW
-7.182227,2.194435,TARGET_FOLLOW,FOLLOW
-7.172151,2.199465,TARGET_FOLLOW,FOLLOW
-7.161885,2.204426,TARGET_FOLLOW,FOLLOW
-7.151434,2.209314,TARGET_FOLLOW,FOLLOW
-7.140803,2.214126,TARGET_FOLLOW,FOLLOW
-7.129994,2.218862,TARGET_FOLLOW,FOLLOW
-7.119014,2.223517,TARGET_FOLLOW,FOLLOW
-7.107869,2.228089,TARGET_FOLLOW,FOLLOW
-7.096565,2.232576,TARGET_FOLLOW,FOLLOW
-7.085109,2.236975,TARGET_FOLLOW,FOLLOW
-7.073507,2.241284,TARGET_FOLLOW,FOLLOW
-7.061767,2.245503,TARGET_FOLLOW,FOLLOW
-7.049894,2.249628,TARGET_FOLLOW,FOLLOW
-7.037892,2.253660,TARGET_FOLLOW,FOLLOW
-7.025767,2.257598,TARGET_FOLLOW,FOLLOW
-7.013522,2.261442,TARGET_FOLLOW,FOLLOW
-7.001162,2.265192,TARGET_FOLLOW,FOLLOW
-6.988690,2.268846,TARGET_FOLLOW,FOLLOW
-6.976110,2.272406,TARGET_FOLLOW,FOLLOW
-6.963426,2.275872,TARGET_FOLLOW,FOLLOW
-6.950641,2.279243,TARGET_FOLLOW,FOLLOW
-6.937761,2.282520,TARGET_FOLLOW,FOLLOW
-6.924787,2.285702,TARGET_FOLLOW,FOLLOW
-6.911726,2.288791,TARGET_FOLLOW,FOLLOW
-6.898579,2.291786,TARGET_FOLLOW,FOLLOW
-6.885350,2.294689,TARGET_FOLLOW,FOLLOW
-6.872044,2.297499,TARGET_FOLLOW,FOLLOW
-6.858665,2.300218,TARGET_FOLLOW,FOLLOW
-6.845216,2.302845,TARGET_FOLLOW,FOLLOW
-6.831701,2.305382,TARGET_FOLLOW,FOLLOW
-6.818126,2.307829,TARGET_FOLLOW,FOLLOW
-6.804493,2.310188,TARGET_FOLLOW,FOLLOW
-6.790808,2.312458,TARGET_FOLLOW,FOLLOW
-6.777074,2.314641,TARGET_FOLLOW,FOLLOW
-6.763296,2.316738,TARGET_FOLLOW,FOLLOW
-6.749479,2.318750,TARGET_FOLLOW,FOLLOW
-6.735625,2.320678,TARGET_FOLLOW,FOLLOW
-6.721740,2.322523,TARGET_FOLLOW,FOLLOW
-6.707827,2.324286,TARGET_FOLLOW,FOLLOW
-6.693889,2.325968,TARGET_FOLLOW,FOLLOW
-6.679930,2.327572,TARGET_FOLLOW,FOLLOW
-6.665954,2.329097,TARGET_FOLLOW,FOLLOW
-6.651963,2.330546,TARGET_FOLLOW,FOLLOW
-6.637960,2.331920,TARGET_FOLLOW,FOLLOW
-6.623949,2.333221,TARGET_FOLLOW,FOLLOW
-6.609931,2.334448,TARGET_FOLLOW,FOLLOW
-6.595909,2.335605,TARGET_FOLLOW,FOLLOW
-6.581886,2.336692,TARGET_FOLLOW,FOLLOW
-6.567862,2.337711,TARGET_FOLLOW,FOLLOW
-6.553839,2.338664,TARGET_FOLLOW,FOLLOW
-6.539820,2.339551,TARGET_FOLLOW,FOLLOW
-6.525804,2.340374,TARGET_FOLLOW,FOLLOW
-6.511793,2.341135,TARGET_FOLLOW,FOLLOW
-6.497786,2.341834,TARGET_FOLLOW,FOLLOW
-6.483786,2.342473,TARGET_FOLLOW,FOLLOW
-6.469791,2.343053,TARGET_FOLLOW,FOLLOW
-6.455803,2.343576,TARGET_FOLLOW,FOLLOW
-6.441820,2.344043,TARGET_FOLLOW,FOLLOW
-6.427844,2.344455,TARGET_FOLLOW,FOLLOW
-6.413875,2.344812,TARGET_FOLLOW,FOLLOW
-6.399911,2.345117,TARGET_FOLLOW,FOLLOW
-6.385953,2.345370,TARGET_FOLLOW,FOLLOW
-6.372001,2.345571,TARGET_FOLLOW,FOLLOW
-6.358055,2.345724,TARGET_FOLLOW,FOLLOW
-6.344114,2.345827,TARGET_FOLLOW,FOLLOW
-6.330177,2.345882,TARGET_FOLLOW,FOLLOW
-6.316246,2.345890,TARGET_FOLLOW,FOLLOW
-6.302320,2.345852,TARGET_FOLLOW,FOLLOW
-6.288399,2.345769,TARGET_FOLLOW,FOLLOW
-6.274483,2.345641,TARGET_FOLLOW,FOLLOW
-6.260571,2.345469,TARGET_FOLLOW,FOLLOW
-6.246664,2.345255,TARGET_FOLLOW,FOLLOW
-6.232763,2.344998,TARGET_FOLLOW,FOLLOW
-6.218866,2.344700,TARGET_FOLLOW,FOLLOW
-6.204973,2.344362,TARGET_FOLLOW,FOLLOW
-6.191085,2.343984,TARGET_FOLLOW,FOLLOW
-6.177201,2.343566,TARGET_FOLLOW,FOLLOW
-6.163320,2.343110,TARGET_FOLLOW,FOLLOW
-6.149444,2.342616,TARGET_FOLLOW,FOLLOW
-6.135570,2.342085,TARGET_FOLLOW,FOLLOW
-6.121698,2.341517,TARGET_FOLLOW,FOLLOW
-6.107829,2.340912,TARGET_FOLLOW,FOLLOW
-6.093962,2.340273,TARGET_FOLLOW,FOLLOW
-6.080097,2.339599,TARGET_FOLLOW,FOLLOW
-6.066232,2.338890,TARGET_FOLLOW,FOLLOW
-6.052369,2.338147,TARGET_FOLLOW,FOLLOW
-6.038506,2.337371,TARGET_FOLLOW,FOLLOW
-6.024643,2.336562,TARGET_FOLLOW,FOLLOW
-6.010779,2.335721,TARGET_FOLLOW,FOLLOW
-5.996915,2.334848,TARGET_FOLLOW,FOLLOW
-5.983050,2.333944,TARGET_FOLLOW,FOLLOW
-5.969183,2.333008,TARGET_FOLLOW,FOLLOW
-5.955315,2.332043,TARGET_FOLLOW,FOLLOW
-5.941445,2.331047,TARGET_FOLLOW,FOLLOW
-5.927573,2.330022,TARGET_FOLLOW,FOLLOW
-5.913699,2.328968,TARGET_FOLLOW,FOLLOW
-5.899823,2.327885,TARGET_FOLLOW,FOLLOW
-5.885946,2.326774,TARGET_FOLLOW,FOLLOW
-5.872066,2.325635,TARGET_FOLLOW,FOLLOW
-5.858184,2.324469,TARGET_FOLLOW,FOLLOW
-5.844300,2.323276,TARGET_FOLLOW,FOLLOW
-5.830415,2.322056,TARGET_FOLLOW,FOLLOW
-5.816527,2.320811,TARGET_FOLLOW,FOLLOW
-5.802637,2.319540,TARGET_FOLLOW,FOLLOW
-5.788746,2.318243,TARGET_FOLLOW,FOLLOW
-5.774852,2.316922,TARGET_FOLLOW,FOLLOW
-5.760957,2.315577,TARGET_FOLLOW,FOLLOW
-5.747060,2.314208,TARGET_FOLLOW,FOLLOW
-5.733161,2.312815,TARGET_FOLLOW,FOLLOW
-5.719261,2.311399,TARGET_FOLLOW,FOLLOW
-5.705359,2.309960,TARGET_FOLLOW,FOLLOW
-5.691456,2.308499,TARGET_FOLLOW,FOLLOW
-5.677552,2.307016,TARGET_FOLLOW,FOLLOW
-5.663647,2.305511,TARGET_FOLLOW,FOLLOW
-5.649741,2.303985,TARGET_FOLLOW,FOLLOW
-5.635835,2.302439,TARGET_FOLLOW,FOLLOW
-5.621927,2.300872,TARGET_FOLLOW,FOLLOW
-5.608019,2.299286,TARGET_FOLLOW,FOLLOW
-5.594111,2.297679,TARGET_FOLLOW,FOLLOW
-5.580202,2.296054,TARGET_FOLLOW,FOLLOW
-5.566294,2.294410,TARGET_FOLLOW,FOLLOW
-5.552385,2.292747,TARGET_FOLLOW,FOLLOW
-5.538478,2.291067,TARGET_FOLLOW,FOLLOW
-5.524570,2.289369,TARGET_FOLLOW,FOLLOW
-5.510664,2.287654,TARGET_FOLLOW,FOLLOW
-5.496759,2.285922,TARGET_FOLLOW,FOLLOW
-5.482854,2.284173,TARGET_FOLLOW,FOLLOW
-5.468951,2.282409,TARGET_FOLLOW,FOLLOW
-5.455049,2.280628,TARGET_FOLLOW,FOLLOW
-5.441147,2.278833,TARGET_FOLLOW,FOLLOW
-5.427247,2.277022,TARGET_FOLLOW,FOLLOW
-5.413348,2.275197,TARGET_FOLLOW,FOLLOW
-5.399449,2.273357,TARGET_FOLLOW,FOLLOW
-5.385552,2.271504,TARGET_FOLLOW,FOLLOW
-5.371656,2.269636,TARGET_FOLLOW,FOLLOW
-5.357761,2.267756,TARGET_FOLLOW,FOLLOW
-5.343866,2.265862,TARGET_FOLLOW,FOLLOW
-5.329973,2.263956,TARGET_FOLLOW,FOLLOW
-5.316080,2.262038,TARGET_FOLLOW,FOLLOW
-5.302189,2.260107,TARGET_FOLLOW,FOLLOW
-5.288297,2.258165,TARGET_FOLLOW,FOLLOW
-5.274406,2.256212,TARGET_FOLLOW,FOLLOW
-5.260516,2.254247,TARGET_FOLLOW,FOLLOW
-5.246626,2.252272,TARGET_FOLLOW,FOLLOW
-5.232736,2.250286,TARGET_FOLLOW,FOLLOW
-5.218847,2.248290,TARGET_FOLLOW,FOLLOW
-5.204958,2.246285,TARGET_FOLLOW,FOLLOW
-5.191070,2.244270,TARGET_FOLLOW,FOLLOW
-5.177182,2.242246,TARGET_FOLLOW,FOLLOW
-5.163295,2.240213,TARGET_FOLLOW,FOLLOW
-5.149409,2.238171,TARGET_FOLLOW,FOLLOW
-5.135522,2.236121,TARGET_FOLLOW,FOLLOW
-5.121637,2.234064,TARGET_FOLLOW,FOLLOW
-5.107751,2.231998,TARGET_FOLLOW,FOLLOW
-5.093865,2.229925,TARGET_FOLLOW,FOLLOW
-5.079980,2.227846,TARGET_FOLLOW,FOLLOW
-5.066095,2.225759,TARGET_FOLLOW,FOLLOW
-5.052210,2.223666,TARGET_FOLLOW,FOLLOW
-5.038326,2.221566,TARGET_FOLLOW,FOLLOW
-5.024442,2.219461,TARGET_FOLLOW,FOLLOW
-5.010558,2.217351,TARGET_FOLLOW,FOLLOW
-4.996676,2.215234,TARGET_FOLLOW,FOLLOW
-4.982794,2.213113,TARGET_FOLLOW,FOLLOW
-4.968912,2.210988,TARGET_FOLLOW,FOLLOW
-4.955032,2.208858,TARGET_FOLLOW,FOLLOW
-4.941153,2.206723,TARGET_FOLLOW,FOLLOW
-4.927276,2.204585,TARGET_FOLLOW,FOLLOW
-4.913400,2.202444,TARGET_FOLLOW,FOLLOW
-4.899526,2.200299,TARGET_FOLLOW,FOLLOW
-4.885654,2.198151,TARGET_FOLLOW,FOLLOW
-4.871785,2.196001,TARGET_FOLLOW,FOLLOW
-4.857918,2.193849,TARGET_FOLLOW,FOLLOW
-4.844055,2.191694,TARGET_FOLLOW,FOLLOW
-4.830196,2.189538,TARGET_FOLLOW,FOLLOW
-4.816340,2.187381,TARGET_FOLLOW,FOLLOW
-4.802488,2.185222,TARGET_FOLLOW,FOLLOW
-4.788639,2.183063,TARGET_FOLLOW,FOLLOW
-4.774795,2.180903,TARGET_FOLLOW,FOLLOW
-4.760955,2.178742,TARGET_FOLLOW,FOLLOW
-4.747119,2.176582,TARGET_FOLLOW,FOLLOW
-4.733287,2.174421,TARGET_FOLLOW,FOLLOW
-4.719458,2.172261,TARGET_FOLLOW,FOLLOW
-4.705633,2.170101,TARGET_FOLLOW,FOLLOW
-4.691811,2.167942,TARGET_FOLLOW,FOLLOW
-4.677992,2.165783,TARGET_FOLLOW,FOLLOW
-4.664177,2.163626,TARGET_FOLLOW,FOLLOW
-4.650363,2.161470,TARGET_FOLLOW,FOLLOW
-4.636551,2.159315,TARGET_FOLLOW,FOLLOW
-4.622741,2.157161,TARGET_FOLLOW,FOLLOW
-4.608931,2.155009,TARGET_FOLLOW,FOLLOW
-4.595121,2.152858,TARGET_FOLLOW,FOLLOW
-4.581311,2.150709,TARGET_FOLLOW,FOLLOW
-4.567499,2.148562,TARGET_FOLLOW,FOLLOW
-4.553685,2.146417,TARGET_FOLLOW,FOLLOW
-4.539869,2.144273,TARGET_FOLLOW,FOLLOW
-4.526049,2.142132,TARGET_FOLLOW,FOLLOW
-4.512226,2.139992,TARGET_FOLLOW,FOLLOW
-4.498398,2.137855,TARGET_FOLLOW,FOLLOW
-4.484565,2.135721,TARGET_FOLLOW,FOLLOW
-4.470727,2.133588,TARGET_FOLLOW,FOLLOW
-4.456883,2.131459,TARGET_FOLLOW,FOLLOW
-4.443032,2.129332,TARGET_FOLLOW,FOLLOW
-4.429175,2.127207,TARGET_FOLLOW,FOLLOW
-4.415310,2.125086,TARGET_FOLLOW,FOLLOW
-4.401437,2.122967,TARGET_FOLLOW,FOLLOW
-4.387557,2.120852,TARGET_FOLLOW,FOLLOW
-4.373669,2.118739,TARGET_FOLLOW,FOLLOW
-4.359773,2.116631,TARGET_FOLLOW,FOLLOW
-4.345870,2.114526,TARGET_FOLLOW,FOLLOW
-4.331958,2.112424,TARGET_FOLLOW,FOLLOW
-4.318039,2.110327,TARGET_FOLLOW,FOLLOW
-4.304112,2.108233,TARGET_FOLLOW,FOLLOW
-4.290177,2.106144,TARGET_FOLLOW,FOLLOW
-4.276235,2.104059,TARGET_FOLLOW,FOLLOW
-4.262284,2.101979,TARGET_FOLLOW,FOLLOW
-4.248324,2.099903,TARGET_FOLLOW,FOLLOW
-4.234356,2.097832,TARGET_FOLLOW,FOLLOW
-4.220380,2.095766,TARGET_FOLLOW,FOLLOW
-4.206394,2.093705,TARGET_FOLLOW,FOLLOW
-4.192399,2.091648,TARGET_FOLLOW,FOLLOW
-4.178395,2.089597,TARGET_FOLLOW,FOLLOW
-4.164381,2.087551,TARGET_FOLLOW,FOLLOW
-4.150357,2.085511,TARGET_FOLLOW,FOLLOW
-4.136324,2.083475,TARGET_FOLLOW,FOLLOW
-4.122280,2.081446,TARGET_FOLLOW,FOLLOW
-4.108226,2.079422,TARGET_FOLLOW,FOLLOW
-4.094162,2.077404,TARGET_FOLLOW,FOLLOW
-4.080088,2.075391,TARGET_FOLLOW,FOLLOW
-4.066003,2.073385,TARGET_FOLLOW,FOLLOW
-4.051908,2.071385,TARGET_FOLLOW,FOLLOW
-4.037803,2.069391,TARGET_FOLLOW,FOLLOW
-4.023689,2.067404,TARGET_FOLLOW,FOLLOW
-4.009565,2.065423,TARGET_FOLLOW,FOLLOW
-3.995432,2.063449,TARGET_FOLLOW,FOLLOW
-3.981291,2.061482,TARGET_FOLLOW,FOLLOW
-3.967141,2.059522,TARGET_FOLLOW,FOLLOW
-3.952982,2.057569,TARGET_FOLLOW,FOLLOW
-3.938815,2.055624,TARGET_FOLLOW,FOLLOW
-3.924639,2.053685,TARGET_FOLLOW,FOLLOW
-3.910455,2.051754,TARGET_FOLLOW,FOLLOW
-3.896261,2.049831,TARGET_FOLLOW,FOLLOW
-3.882059,2.047915,TARGET_FOLLOW,FOLLOW
-3.867847,2.046006,TARGET_FOLLOW,FOLLOW
-3.853625,2.044105,TARGET_FOLLOW,FOLLOW
-3.839392,2.042212,TARGET_FOLLOW,FOLLOW
-3.825149,2.040326,TARGET_FOLLOW,FOLLOW
-3.810894,2.038448,TARGET_FOLLOW,FOLLOW
-3.796627,2.036578,TARGET_FOLLOW,FOLLOW
-3.782346,2.034715,TARGET_FOLLOW,FOLLOW
-3.768052,2.032860,TARGET_FOLLOW,FOLLOW
-3.753743,2.031012,TARGET_FOLLOW,FOLLOW
-3.739419,2.029172,TARGET_FOLLOW,FOLLOW
-3.725078,2.027339,TARGET_FOLLOW,FOLLOW
-3.710721,2.025514,TARGET_FOLLOW,FOLLOW
-3.696347,2.023697,TARGET_FOLLOW,FOLLOW
-3.681955,2.021887,TARGET_FOLLOW,FOLLOW
-3.667546,2.020085,TARGET_FOLLOW,FOLLOW
-3.653120,2.018291,TARGET_FOLLOW,FOLLOW
-3.638675,2.016504,TARGET_FOLLOW,FOLLOW
-3.624214,2.014726,TARGET_FOLLOW,FOLLOW
-3.609735,2.012956,TARGET_FOLLOW,FOLLOW
-3.595240,2.011193,TARGET_FOLLOW,FOLLOW
-3.580729,2.009440,TARGET_FOLLOW,FOLLOW
-3.566203,2.007694,TARGET_FOLLOW,FOLLOW
-3.551664,2.005958,TARGET_FOLLOW,FOLLOW
-3.537111,2.004230,TARGET_FOLLOW,FOLLOW
-3.522548,2.002512,TARGET_FOLLOW,FOLLOW
-3.507974,2.000803,TARGET_FOLLOW,FOLLOW
-3.493392,1.999104,TARGET_FOLLOW,FOLLOW
-3.478803,1.997414,TARGET_FOLLOW,FOLLOW
-3.464209,1.995734,TARGET_FOLLOW,FOLLOW
-3.449610,1.994065,TARGET_FOLLOW,FOLLOW
-3.435010,1.992406,TARGET_FOLLOW,FOLLOW
-3.420408,1.990757,TARGET_FOLLOW,FOLLOW
-3.405806,1.989119,TARGET_FOLLOW,FOLLOW
-3.391205,1.987492,TARGET_FOLLOW,FOLLOW
-3.376607,1.985876,TARGET_FOLLOW,FOLLOW
-3.362011,1.984271,TARGET_FOLLOW,FOLLOW
-3.347418,1.982677,TARGET_FOLLOW,FOLLOW
-3.332830,1.981094,TARGET_FOLLOW,FOLLOW
-3.318245,1.979522,TARGET_FOLLOW,FOLLOW
-3.303666,1.977962,TARGET_FOLLOW,FOLLOW
-3.289091,1.976412,TARGET_FOLLOW,FOLLOW
-3.274521,1.974874,TARGET_FOLLOW,FOLLOW
-3.259955,1.973347,TARGET_FOLLOW,FOLLOW
-3.245394,1.971832,TARGET_FOLLOW,FOLLOW
-3.230837,1.970327,TARGET_FOLLOW,FOLLOW
-3.216284,1.968834,TARGET_FOLLOW,FOLLOW
-3.201735,1.967352,TARGET_FOLLOW,FOLLOW
-3.187190,1.965880,TARGET_FOLLOW,FOLLOW
-3.172647,1.964420,TARGET_FOLLOW,FOLLOW
-3.158107,1.962971,TARGET_FOLLOW,FOLLOW
-3.143568,1.961533,TARGET_FOLLOW,FOLLOW
-3.129031,1.960105,TARGET_FOLLOW,FOLLOW
-3.114496,1.958688,TARGET_FOLLOW,FOLLOW
-3.099960,1.957282,TARGET_FOLLOW,FOLLOW
-3.085424,1.955887,TARGET_FOLLOW,FOLLOW
-3.070887,1.954502,TARGET_FOLLOW,FOLLOW
-3.056349,1.953128,TARGET_FOLLOW,FOLLOW
-3.041808,1.951765,TARGET_FOLLOW,FOLLOW
-3.027265,1.950412,TARGET_FOLLOW,FOLLOW
-3.012720,1.949069,TARGET_FOLLOW,FOLLOW
-2.998171,1.947737,TARGET_FOLLOW,FOLLOW
-2.983619,1.946415,TARGET_FOLLOW,FOLLOW
-2.969064,1.945104,TARGET_FOLLOW,FOLLOW
-2.954505,1.943803,TARGET_FOLLOW,FOLLOW
-2.939942,1.942512,TARGET_FOLLOW,FOLLOW
-2.925375,1.941232,TARGET_FOLLOW,FOLLOW
-2.910804,1.939962,TARGET_FOLLOW,FOLLOW
-2.896228,1.938703,TARGET_FOLLOW,FOLLOW
-2.881647,1.937453,TARGET_FOLLOW,FOLLOW
-2.867060,1.936214,TARGET_FOLLOW,FOLLOW
-2.852468,1.934986,TARGET_FOLLOW,FOLLOW
-2.837869,1.933767,TARGET_FOLLOW,FOLLOW
-2.823264,1.932559,TARGET_FOLLOW,FOLLOW
-2.808652,1.931361,TARGET_FOLLOW,FOLLOW
-2.794034,1.930173,TARGET_FOLLOW,FOLLOW
-2.779407,1.928995,TARGET_FOLLOW,FOLLOW
-2.764774,1.927827,TARGET_FOLLOW,FOLLOW
-2.750133,1.926670,TARGET_FOLLOW,FOLLOW
-2.735485,1.925522,TARGET_FOLLOW,FOLLOW
-2.720829,1.924385,TARGET_FOLLOW,FOLLOW
-2.706166,1.923258,TARGET_FOLLOW,FOLLOW
-2.691496,1.922141,TARGET_FOLLOW,FOLLOW
-2.676818,1.921035,TARGET_FOLLOW,FOLLOW
-2.662134,1.919938,TARGET_FOLLOW,FOLLOW
-2.647444,1.918852,TARGET_FOLLOW,FOLLOW
-2.632748,1.917776,TARGET_FOLLOW,FOLLOW
-2.618047,1.916711,TARGET_FOLLOW,FOLLOW
-2.603341,1.915656,TARGET_FOLLOW,FOLLOW
-2.588631,1.914611,TARGET_FOLLOW,FOLLOW
-2.573919,1.913577,TARGET_FOLLOW,FOLLOW
-2.559204,1.912553,TARGET_FOLLOW,FOLLOW
-2.544488,1.911540,TARGET_FOLLOW,FOLLOW
-2.529771,1.910537,TARGET_FOLLOW,FOLLOW
-2.515054,1.909546,TARGET_FOLLOW,FOLLOW
-2.500338,1.908564,TARGET_FOLLOW,FOLLOW
-2.485624,1.907594,TARGET_FOLLOW,FOLLOW
-2.470911,1.906634,TARGET_FOLLOW,FOLLOW
-2.456202,1.905685,TARGET_FOLLOW,FOLLOW
-2.441496,1.904747,TARGET_FOLLOW,FOLLOW
-2.426795,1.903819,TARGET_FOLLOW,FOLLOW
-2.412099,1.902903,TARGET_FOLLOW,FOLLOW
-2.397408,1.901997,TARGET_FOLLOW,FOLLOW
-2.382723,1.901102,TARGET_FOLLOW,FOLLOW
-2.368045,1.900217,TARGET_FOLLOW,FOLLOW
-2.353374,1.899344,TARGET_FOLLOW,FOLLOW
-2.338710,1.898481,TARGET_FOLLOW,FOLLOW
-2.324052,1.897629,TARGET_FOLLOW,FOLLOW
-2.309402,1.896787,TARGET_FOLLOW,FOLLOW
-2.294759,1.895957,TARGET_FOLLOW,FOLLOW
-2.280123,1.895137,TARGET_FOLLOW,FOLLOW
-2.265493,1.894327,TARGET_FOLLOW,FOLLOW
-2.250870,1.893528,TARGET_FOLLOW,FOLLOW
-2.236254,1.892740,TARGET_FOLLOW,FOLLOW
-2.221644,1.891962,TARGET_FOLLOW,FOLLOW
-2.207040,1.891194,TARGET_FOLLOW,FOLLOW
-2.192441,1.890437,TARGET_FOLLOW,FOLLOW
-2.177849,1.889691,TARGET_FOLLOW,FOLLOW
-2.163261,1.888954,TARGET_FOLLOW,FOLLOW
-2.148678,1.888228,TARGET_FOLLOW,FOLLOW
-2.134099,1.887512,TARGET_FOLLOW,FOLLOW
-2.119524,1.886806,TARGET_FOLLOW,FOLLOW
-2.104952,1.886110,TARGET_FOLLOW,FOLLOW
-2.090383,1.885425,TARGET_FOLLOW,FOLLOW
-2.075816,1.884749,TARGET_FOLLOW,FOLLOW
-2.061251,1.884084,TARGET_FOLLOW,FOLLOW
-2.046688,1.883428,TARGET_FOLLOW,FOLLOW
-2.032127,1.882782,TARGET_FOLLOW,FOLLOW
-2.017566,1.882147,TARGET_FOLLOW,FOLLOW
-2.003007,1.881521,TARGET_FOLLOW,FOLLOW
-1.988448,1.880905,TARGET_FOLLOW,FOLLOW
-1.973891,1.880299,TARGET_FOLLOW,FOLLOW
-1.959333,1.879703,TARGET_FOLLOW,FOLLOW
-1.944776,1.879116,TARGET_FOLLOW,FOLLOW
-1.930219,1.878540,TARGET_FOLLOW,FOLLOW
-1.915661,1.877973,TARGET_FOLLOW,FOLLOW
-1.901103,1.877416,TARGET_FOLLOW,FOLLOW
-1.886546,1.876869,TARGET_FOLLOW,FOLLOW
-1.871987,1.876331,TARGET_FOLLOW,FOLLOW
-1.857429,1.875803,TARGET_FOLLOW,FOLLOW
-1.842871,1.875285,TARGET_FOLLOW,FOLLOW
-1.828313,1.874777,TARGET_FOLLOW,FOLLOW
-1.813756,1.874278,TARGET_FOLLOW,FOLLOW
-1.799199,1.873789,TARGET_FOLLOW,FOLLOW
-1.784644,1.873310,TARGET_FOLLOW,FOLLOW
-1.770089,1.872841,TARGET_FOLLOW,FOLLOW
-1.755536,1.872381,TARGET_FOLLOW,FOLLOW
-1.740984,1.871931,TARGET_FOLLOW,FOLLOW
-1.726434,1.871491,TARGET_FOLLOW,FOLLOW
-1.711885,1.871060,TARGET_FOLLOW,FOLLOW
-1.697339,1.870639,TARGET_FOLLOW,FOLLOW
-1.682795,1.870228,TARGET_FOLLOW,FOLLOW
-1.668254,1.869827,TARGET_FOLLOW,FOLLOW
-1.653716,1.869435,TARGET_FOLLOW,FOLLOW
-1.639181,1.869053,TARGET_FOLLOW,FOLLOW
-1.624650,1.868680,TARGET_FOLLOW,FOLLOW
-1.610123,1.868317,TARGET_FOLLOW,FOLLOW
-1.595601,1.867964,TARGET_FOLLOW,FOLLOW
-1.581083,1.867621,TARGET_FOLLOW,FOLLOW
-1.566570,1.867287,TARGET_FOLLOW,FOLLOW
-1.552061,1.866963,TARGET_FOLLOW,FOLLOW
-1.537558,1.866649,TARGET_FOLLOW,FOLLOW
-1.523059,1.866344,TARGET_FOLLOW,FOLLOW
-1.508566,1.866049,TARGET_FOLLOW,FOLLOW
-1.494079,1.865763,TARGET_FOLLOW,FOLLOW
-1.479597,1.865487,TARGET_FOLLOW,FOLLOW
-1.465121,1.865221,TARGET_FOLLOW,FOLLOW
-1.450650,1.864965,TARGET_FOLLOW,FOLLOW
-1.436186,1.864718,TARGET_FOLLOW,FOLLOW
-1.421729,1.864480,TARGET_FOLLOW,FOLLOW
-1.407277,1.864252,TARGET_FOLLOW,FOLLOW
-1.392832,1.864034,TARGET_FOLLOW,FOLLOW
-1.378392,1.863826,TARGET_FOLLOW,FOLLOW
-1.363959,1.863627,TARGET_FOLLOW,FOLLOW
-1.349531,1.863437,TARGET_FOLLOW,FOLLOW
-1.335107,1.863258,TARGET_FOLLOW,FOLLOW
-1.320689,1.863087,TARGET_FOLLOW,FOLLOW
-1.306276,1.862927,TARGET_FOLLOW,FOLLOW
-1.291866,1.862776,TARGET_FOLLOW,FOLLOW
-1.277463,1.862634,TARGET_FOLLOW,FOLLOW
-1.263064,1.862503,TARGET_FOLLOW,FOLLOW
-1.248672,1.862380,TARGET_FOLLOW,FOLLOW
-1.234287,1.862268,TARGET_FOLLOW,FOLLOW
-1.219911,1.862165,TARGET_FOLLOW,FOLLOW
-1.205544,1.862072,TARGET_FOLLOW,FOLLOW
-1.191186,1.861988,TARGET_FOLLOW,FOLLOW
-1.176840,1.861914,TARGET_FOLLOW,FOLLOW
-1.162504,1.861850,TARGET_FOLLOW,FOLLOW
-1.148180,1.861795,TARGET_FOLLOW,FOLLOW
-1.133868,1.861750,TARGET_FOLLOW,FOLLOW
-1.119568,1.861714,TARGET_FOLLOW,FOLLOW
-1.105279,1.861689,TARGET_FOLLOW,FOLLOW
-1.091002,1.861672,TARGET_FOLLOW,FOLLOW
-1.076736,1.861666,TARGET_FOLLOW,FOLLOW
-1.062480,1.861669,TARGET_FOLLOW,FOLLOW
-1.048234,1.861681,TARGET_FOLLOW,FOLLOW
-1.033998,1.861704,TARGET_FOLLOW,FOLLOW
-1.019770,1.861736,TARGET_FOLLOW,FOLLOW
-1.005550,1.861777,TARGET_FOLLOW,FOLLOW
-0.991337,1.861829,TARGET_FOLLOW,FOLLOW
-0.977131,1.861890,TARGET_FOLLOW,FOLLOW
-0.962931,1.861961,TARGET_FOLLOW,FOLLOW
-0.948735,1.862041,TARGET_FOLLOW,FOLLOW
-0.934544,1.862132,TARGET_FOLLOW,FOLLOW
-0.920356,1.862232,TARGET_FOLLOW,FOLLOW
-0.906170,1.862342,TARGET_FOLLOW,FOLLOW
-0.891987,1.862462,TARGET_FOLLOW,FOLLOW
-0.877804,1.862592,TARGET_FOLLOW,FOLLOW
-0.863622,1.862732,TARGET_FOLLOW,FOLLOW
-0.849439,1.862883,TARGET_FOLLOW,FOLLOW
-0.835255,1.863043,TARGET_FOLLOW,FOLLOW
-0.821070,1.863214,TARGET_FOLLOW,FOLLOW
-0.806883,1.863395,TARGET_FOLLOW,FOLLOW
-0.792693,1.863586,TARGET_FOLLOW,FOLLOW
-0.778500,1.863788,TARGET_FOLLOW,FOLLOW
-0.764304,1.864000,TARGET_FOLLOW,FOLLOW
-0.750104,1.864223,TARGET_FOLLOW,FOLLOW
-0.735901,1.864456,TARGET_FOLLOW,FOLLOW
-0.721693,1.864700,TARGET_FOLLOW,FOLLOW
-0.707482,1.864955,TARGET_FOLLOW,FOLLOW
-0.693266,1.865221,TARGET_FOLLOW,FOLLOW
-0.679046,1.865498,TARGET_FOLLOW,FOLLOW
-0.664822,1.865785,TARGET_FOLLOW,FOLLOW
-0.650593,1.866084,TARGET_FOLLOW,FOLLOW
-0.636361,1.866394,TARGET_FOLLOW,FOLLOW
-0.622124,1.866715,TARGET_FOLLOW,FOLLOW
-0.607884,1.867048,TARGET_FOLLOW,FOLLOW
-0.593640,1.867391,TARGET_FOLLOW,FOLLOW
-0.579393,1.867746,TARGET_FOLLOW,FOLLOW
-0.565143,1.868113,TARGET_FOLLOW,FOLLOW
-0.550890,1.868491,TARGET_FOLLOW,FOLLOW
-0.536635,1.868881,TARGET_FOLLOW,FOLLOW
-0.522378,1.869283,TARGET_FOLLOW,FOLLOW
-0.508118,1.869696,TARGET_FOLLOW,FOLLOW
-0.493857,1.870121,TARGET_FOLLOW,FOLLOW
-0.479595,1.870559,TARGET_FOLLOW,FOLLOW
-0.465332,1.871008,TARGET_FOLLOW,FOLLOW
-0.451068,1.871469,TARGET_FOLLOW,FOLLOW
-0.436803,1.871942,TARGET_FOLLOW,FOLLOW
-0.422537,1.872427,TARGET_FOLLOW,FOLLOW
-0.408270,1.872925,TARGET_FOLLOW,FOLLOW
-0.394003,1.873435,TARGET_FOLLOW,FOLLOW
-0.379735,1.873957,TARGET_FOLLOW,FOLLOW
-0.365467,1.874492,TARGET_FOLLOW,FOLLOW
-0.351199,1.875040,TARGET_FOLLOW,FOLLOW
-0.336931,1.875600,TARGET_FOLLOW,FOLLOW
-0.322663,1.876172,TARGET_FOLLOW,FOLLOW
-0.308395,1.876758,TARGET_FOLLOW,FOLLOW
-0.294128,1.877356,TARGET_FOLLOW,FOLLOW
-0.279861,1.877967,TARGET_FOLLOW,FOLLOW
-0.265594,1.878592,TARGET_FOLLOW,FOLLOW
-0.251328,1.879229,TARGET_FOLLOW,FOLLOW
-0.237061,1.879879,TARGET_FOLLOW,FOLLOW
-0.222793,1.880543,TARGET_FOLLOW,FOLLOW
-0.208525,1.881220,TARGET_FOLLOW,FOLLOW
-0.194255,1.881910,TARGET_FOLLOW,FOLLOW
-0.179983,1.882614,TARGET_FOLLOW,FOLLOW
-0.165709,1.883331,TARGET_FOLLOW,FOLLOW
-0.151433,1.884063,TARGET_FOLLOW,FOLLOW
-0.137153,1.884808,TARGET_FOLLOW,FOLLOW
-0.122870,1.885567,TARGET_FOLLOW,FOLLOW
-0.108584,1.886340,TARGET_FOLLOW,FOLLOW
-0.094293,1.887127,TARGET_FOLLOW,FOLLOW
-0.079997,1.887929,TARGET_FOLLOW,FOLLOW
-0.065697,1.888745,TARGET_FOLLOW,FOLLOW
-0.051392,1.889575,TARGET_FOLLOW,FOLLOW
-0.037081,1.890420,TARGET_FOLLOW,FOLLOW
-0.022765,1.891280,TARGET_FOLLOW,FOLLOW
-0.008443,1.892155,TARGET_FOLLOW,FOLLOW
0.005884,1.893044,TARGET_FOLLOW,FOLLOW
0.020217,1.893949,TARGET_FOLLOW,FOLLOW
0.034555,1.894868,TARGET_FOLLOW,FOLLOW
0.048897,1.895803,TARGET_FOLLOW,FOLLOW
0.063244,1.896753,TARGET_FOLLOW,FOLLOW
0.077595,1.897718,TARGET_FOLLOW,FOLLOW
0.091950,1.898698,TARGET_FOLLOW,FOLLOW
0.106307,1.899694,TARGET_FOLLOW,FOLLOW
0.120666,1.900705,TARGET_FOLLOW,FOLLOW
0.135026,1.901731,TARGET_FOLLOW,FOLLOW
0.149387,1.902773,TARGET_FOLLOW,FOLLOW
0.163748,1.903830,TARGET_FOLLOW,FOLLOW
0.178108,1.904903,TARGET_FOLLOW,FOLLOW
0.192468,1.905991,TARGET_FOLLOW,FOLLOW
0.206826,1.907094,TARGET_FOLLOW,FOLLOW
0.221183,1.908213,TARGET_FOLLOW,FOLLOW
0.235539,1.909348,TARGET_FOLLOW,FOLLOW
0.249892,1.910498,TARGET_FOLLOW,FOLLOW
0.264243,1.911664,TARGET_FOLLOW,FOLLOW
0.278592,1.912846,TARGET_FOLLOW,FOLLOW
0.292940,1.914044,TARGET_FOLLOW,FOLLOW
0.307285,1.915257,TARGET_FOLLOW,FOLLOW
0.321629,1.916487,TARGET_FOLLOW,FOLLOW
0.335971,1.917732,TARGET_FOLLOW,FOLLOW
0.350313,1.918994,TARGET_FOLLOW,FOLLOW
0.364653,1.920271,TARGET_FOLLOW,FOLLOW
0.378993,1.921566,TARGET_FOLLOW,FOLLOW
0.393332,1.922876,TARGET_FOLLOW,FOLLOW
0.407672,1.924203,TARGET_FOLLOW,FOLLOW
0.422011,1.925547,TARGET_FOLLOW,FOLLOW
0.436352,1.926907,TARGET_FOLLOW,FOLLOW
0.450693,1.928284,TARGET_FOLLOW,FOLLOW
0.465034,1.929678,TARGET_FOLLOW,FOLLOW
0.479377,1.931089,TARGET_FOLLOW,FOLLOW
0.493721,1.932517,TARGET_FOLLOW,FOLLOW
0.508067,1.933962,TARGET_FOLLOW,FOLLOW
0.522413,1.935424,TARGET_FOLLOW,FOLLOW
0.536761,1.936904,TARGET_FOLLOW,FOLLOW
0.551110,1.938400,TARGET_FOLLOW,FOLLOW
0.565461,1.939915,TARGET_FOLLOW,FOLLOW
0.579812,1.941446,TARGET_FOLLOW,FOLLOW
0.594165,1.942995,TARGET_FOLLOW,FOLLOW
0.608518,1.944562,TARGET_FOLLOW,FOLLOW
0.622872,1.946146,TARGET_FOLLOW,FOLLOW
0.637226,1.947748,TARGET_FOLLOW,FOLLOW
0.651580,1.949368,TARGET_FOLLOW,FOLLOW
0.665934,1.951005,TARGET_FOLLOW,FOLLOW
0.680288,1.952661,TARGET_FOLLOW,FOLLOW
0.694640,1.954333,TARGET_FOLLOW,FOLLOW
0.708992,1.956024,TARGET_FOLLOW,FOLLOW
0.723341,1.957732,TARGET_FOLLOW,FOLLOW
0.737688,1.959459,TARGET_FOLLOW,FOLLOW
0.752032,1.961202,TARGET_FOLLOW,FOLLOW
0.766373,1.962964,TARGET_FOLLOW,FOLLOW
0.780711,1.964744,TARGET_FOLLOW,FOLLOW
0.795045,1.966541,TARGET_FOLLOW,FOLLOW
0.809375,1.968356,TARGET_FOLLOW,FOLLOW
0.823700,1.970189,TARGET_FOLLOW,FOLLOW
0.838021,1.972039,TARGET_FOLLOW,FOLLOW
0.852337,1.973908,TARGET_FOLLOW,FOLLOW
0.866647,1.975794,TARGET_FOLLOW,FOLLOW
0.880953,1.977699,TARGET_FOLLOW,FOLLOW
0.895252,1.979621,TARGET_FOLLOW,FOLLOW
0.909546,1.981561,TARGET_FOLLOW,FOLLOW
0.923833,1.983518,TARGET_FOLLOW,FOLLOW
0.938114,1.985494,TARGET_FOLLOW,FOLLOW
0.952388,1.987488,TARGET_FOLLOW,FOLLOW
0.966655,1.989499,TARGET_FOLLOW,FOLLOW
0.980915,1.991529,TARGET_FOLLOW,FOLLOW
0.995168,1.993576,TARGET_FOLLOW,FOLLOW
1.009414,1.995641,TARGET_FOLLOW,FOLLOW
1.023653,1.997725,TARGET_FOLLOW,FOLLOW
1.037887,1.999826,TARGET_FOLLOW,FOLLOW
1.052114,2.001946,TARGET_FOLLOW,FOLLOW
1.066337,2.004085,TARGET_FOLLOW,FOLLOW
1.080554,2.006242,TARGET_FOLLOW,FOLLOW
1.094768,2.008417,TARGET_FOLLOW,FOLLOW
1.108977,2.010612,TARGET_FOLLOW,FOLLOW
1.123183,2.012825,TARGET_FOLLOW,FOLLOW
1.137386,2.015057,TARGET_FOLLOW,FOLLOW
1.151587,2.017309,TARGET_FOLLOW,FOLLOW
1.165786,2.019580,TARGET_FOLLOW,FOLLOW
1.179985,2.021870,TARGET_FOLLOW,FOLLOW
1.194182,2.024180,TARGET_FOLLOW,FOLLOW
1.208380,2.026510,TARGET_FOLLOW,FOLLOW
1.222577,2.028860,TARGET_FOLLOW,FOLLOW
1.236776,2.031230,TARGET_FOLLOW,FOLLOW
1.250976,2.033620,TARGET_FOLLOW,FOLLOW
1.265177,2.036031,TARGET_FOLLOW,FOLLOW
1.279380,2.038462,TARGET_FOLLOW,FOLLOW
1.293584,2.040914,TARGET_FOLLOW,FOLLOW
1.307790,2.043386,TARGET_FOLLOW,FOLLOW
1.321998,2.045879,TARGET_FOLLOW,FOLLOW
1.336207,2.048393,TARGET_FOLLOW,FOLLOW
1.350418,2.050928,TARGET_FOLLOW,FOLLOW
1.364630,2.053484,TARGET_FOLLOW,FOLLOW
1.378844,2.056060,TARGET_FOLLOW,FOLLOW
1.393059,2.058658,TARGET_FOLLOW,FOLLOW
1.407276,2.061277,TARGET_FOLLOW,FOLLOW
1.421493,2.063916,TARGET_FOLLOW,FOLLOW
1.435711,2.066577,TARGET_FOLLOW,FOLLOW
1.449929,2.069260,TARGET_FOLLOW,FOLLOW
1.464147,2.071963,TARGET_FOLLOW,FOLLOW
1.478365,2.074687,TARGET_FOLLOW,FOLLOW
1.492582,2.077433,TARGET_FOLLOW,FOLLOW
1.506798,2.080199,TARGET_FOLLOW,FOLLOW
1.520964,2.082977,TARGET_FOLLOW,FOLLOW
1.531983,2.091998,TARGET_REACHED,STAY
1.533457,2.093340,TARGET_REACHED,STAY
1.533457,2.093340,TARGET_REACHED,STAY
1.533457,2.093340,TARGET_REACHED,STAY
1.533457,2.093340,TARGET_REACHED,STAY
1.533457,2.093340,TARGET_REACHED,STAY
1.533457,2.093340,TARGET_REACHED,STAY
1.533457,2.093340,TARGET_REACHED,STAY
1.533457,2.093340,TARGET_REACHED,STAY
1.533457,2.093340,TARGET_REACHED,STAY
1.533457,2.093340,TARGET_REACHED,STAY
1.533457,2.093340,TARGET_REACHED,STAY
1.533457,2.093340,TARGET_REACHED,STAY
1.533457,2.093340,TARGET_REACHED,STAY
1.533457,2.093340,TARGET_REACHED,STAY
1.533457,2.093340,TARGET_REACHED,STAY
1.533457,2.093340,TARGET_REACHED,STAY
1.533457,2.093340,TARGET_REACHED,STAY
1.533457,2.093340,TARGET_REACHED,STAY
1.533457,2.093340,TARGET_REACHED,STAY
1.533457,2.093340,TARGET_REACHED,STAY
1.533457,2.093340,TARGET_REACHED,STAY
1.533457,2.093340,TARGET_REACHED,STAY
1.533457,2.093340,TARGET_REACHED,STAY
1.533457,2.093340,TARGET_REACHED,STAY
1.533457,2.093340,TARGET_REACHED,STAY
1.533457,2.093340,TARGET_REACHED,STAY
1.533457,2.093340,TARGET_REACHED,STAY
1.533457,2.093340,TARGET_REACHED,STAY
1.533457,2.093340,TARGET_REACHED,STAY
1.533457,2.093340,TARGET_REACHED,STAY
1.533457,2.093340,TARGET_REACHED,STAY
1.533457,2.093340,TARGET_REACHED,STAY
1.533457,2.093340,TARGET_REACHED,STAY
1.533457,2.093340,TARGET_REACHED,STAY
1.533457,2.093340,TARGET_REACHED,STAY
1.533457,2.093340,TARGET_REACHED,STAY
1.533457,2.093340,TARGET_REACHED,STAY
1.533457,2.093340,TARGET_REACHED,STAY
1.533457,2.093340,TARGET_REACHED,STAY
1.533457,2.093340,TARGET_REACHED,STAY
1.533457,2.093340,TARGET_REACHED,STAY
1.533457,2.093340,TARGET_REACHED,STAY
1.533457,2.093340,TARGET_REACHED,STAY
1.533457,2.093340,TARGET_REACHED,STAY
1.533457,2.093340,TARGET_REACHED,STAY
1.533457,2.093340,TARGET_REACHED,STAY
1.533457,2.093340,TARGET_REACHED,STAY
1.533457,2.093340,TARGET_REACHED,STAY
1.533457,2.093340,TARGET_REACHED,STAY
1.533457,2.093340,TARGET_REACHED,STAY
1.533457,2.093340,TARGET_REACHED,STAY
1.533457,2.093340,TARGET_REACHED,STAY
1.533457,2.093340,TARGET_REACHED,STAY
1.533457,2.093340,TARGET_REACHED,STAY
1.533457,2.093340,TARGET_REACHED,STAY
1.533457,2.093340,TARGET_REACHED,STAY
1.533457,2.093340,TARGET_REACHED,STAY
1.533457,2.093340,TARGET_REACHED,STAY
1.533457,2.093340,TARGET_REACHED,STAY
