-6.071990,1.838720,DIR_RIGHT,TURN_RIGHT
-6.071990,1.838720,DIR_RIGHT,TURN_RIGHT
-6.071990,1.838720,DIR_RIGHT,TURN_RIGHT
-6.071990,1.838720,DIR_LEFT,TURN_LEFT
-6.071990,1.838720,DIR_LEFT,TURN_LEFT
-6.071990,1.838720,DIR_LEFT,TURN_LEFT
-6.071990,1.838720,DIR_LEFT,TURN_LEFT
-6.071990,1.838720,DIR_RIGHT,TURN_RIGHT
-6.071990,1.838720,DIR_LEFT,TURN_LEFT
-6.071990,1.838720,DIR_LEFT,TURN_LEFT
-6.071990,1.838720,DIR_RIGHT,TURN_RIGHT
-6.071990,1.838720,WANDER,FORWARD
-6.049279,1.844175,DIR_RIGHT,TURN_RIGHT
-6.042820,1.845726,DIR_RIGHT,TURN_RIGHT
-6.042820,1.845726,DIR_RIGHT,TURN_RIGHT
-6.042820,1.845726,WANDER,FORWARD
-6.021372,1.836477,WANDER,FORWARD
-5.994059,1.824069,DIR_RIGHT,TURN_RIGHT
-5.988017,1.821308,IDLE,STOP
-5.988017,1.821308,WANDER,FORWARD
-5.969322,1.807306,DIR_RIGHT,TURN_RIGHT
-5.964005,1.803323,DIR_RIGHT,TURN_RIGHT
-5.964005,1.803323,DIR_RIGHT,TURN_RIGHT
-5.964005,1.803323,WANDER,FORWARD
-5.956958,1.781055,WANDER,FORWARD
-5.948459,1.752285,DIR_LEFT,TURN_LEFT
-5.946591,1.745910,IDLE,STOP
-5.946591,1.745910,DIR_RIGHT,TURN_RIGHT
-5.946591,1.745910,DIR_LEFT,TURN_LEFT
-5.946591,1.745910,DIR_LEFT,TURN_LEFT
-5.946591,1.745910,FOLLOW,FORWARD
-5.931683,1.727929,DIR_RIGHT,TURN_RIGHT
-5.927443,1.722815,DIR_RIGHT,TURN_RIGHT
-5.927443,1.722815,WANDER,FORWARD
-5.920396,1.700546,DIR_LEFT,TURN_LEFT
-5.918391,1.694213,DIR_LEFT,TURN_LEFT
-5.918391,1.694213,DIR_RIGHT,TURN_RIGHT
-5.918391,1.694213,WANDER,FORWARD
-5.906769,1.673953,WANDER,FORWARD
-5.892347,1.647647,DIR_LEFT,TURN_LEFT
-5.889166,1.641816,DIR_LEFT,TURN_LEFT
-5.889166,1.641816,DIR_LEFT,TURN_LEFT
-5.889166,1.641816,DIR_LEFT,TURN_LEFT
-5.889166,1.641816,DIR_LEFT,TURN_LEFT
-5.889166,1.641816,DIR_LEFT,TURN_LEFT
-5.889166,1.641816,WANDER,FORWARD
-5.866242,1.646293,WANDER,FORWARD
-5.836915,1.652609,WANDER,FORWARD
-5.807601,1.658989,DIR_RIGHT,TURN_RIGHT
-5.801110,1.660401,DIR_RIGHT,TURN_RIGHT
-5.801110,1.660401,DIR_RIGHT,TURN_RIGHT
-5.801110,1.660401,DIR_RIGHT,TURN_RIGHT
-5.801110,1.660401,DIR_RIGHT,TURN_RIGHT
-5.801110,1.660401,DIR_LEFT,TURN_LEFT
-5.801110,1.660401,DIR_LEFT,TURN_LEFT
-5.801110,1.660401,DIR_LEFT,TURN_LEFT
-5.801110,1.660401,DIR_RIGHT,TURN_RIGHT
-5.801110,1.660401,DIR_LEFT,TURN_LEFT
-5.801110,1.660401,DIR_LEFT,TURN_LEFT
-5.801110,1.660401,DIR_LEFT,TURN_LEFT
-5.801110,1.660401,DIR_RIGHT,TURN_RIGHT
-5.801110,1.660401,WANDER,FORWARD
-5.777759,1.660902,WANDER,FORWARD
-5.747759,1.660966,DIR_LEFT,TURN_LEFT
-5.741116,1.660966,FOLLOW,FORWARD
-5.718192,1.665443,DIR_LEFT,TURN_LEFT
-5.711673,1.666716,DIR_LEFT,TURN_LEFT
-5.711673,1.666716,WANDER,FORWARD
-5.692682,1.680314,DIR_RIGHT,TURN_RIGHT
-5.687281,1.684182,DIR_RIGHT,TURN_RIGHT
-5.687281,1.684182,FOLLOW,FORWARD
-5.664570,1.689637,FOLLOW,FORWARD
-5.635270,1.696079,DIR_RIGHT,TURN_RIGHT
-5.628779,1.697491,DIR_RIGHT,TURN_RIGHT
-5.628779,1.697491,DIR_LEFT,TURN_LEFT
-5.628779,1.697491,FOLLOW,FORWARD
-5.605428,1.696991,DIR_RIGHT,TURN_RIGHT
-5.598786,1.696848,DIR_RIGHT,TURN_RIGHT
-5.598786,1.696848,DIR_LEFT,TURN_LEFT
-5.598786,1.696848,FOLLOW,FORWARD
-5.576075,1.691394,DIR_RIGHT,TURN_RIGHT
-5.569616,1.689842,DIR_RIGHT,TURN_RIGHT
-5.569616,1.689842,DIR_RIGHT,TURN_RIGHT
-5.569616,1.689842,WANDER,FORWARD
-5.553951,1.672517,DIR_LEFT,TURN_LEFT
-5.549496,1.667589,DIR_LEFT,TURN_LEFT
-5.549496,1.667589,DIR_RIGHT,TURN_RIGHT
-5.549496,1.667589,IDLE,STOP
-5.549496,1.667589,DIR_RIGHT,TURN_RIGHT
-5.549496,1.667589,WANDER,FORWARD
-5.533832,1.650263,DIR_LEFT,TURN_LEFT
-5.529377,1.645336,DIR_LEFT,TURN_LEFT
-5.529377,1.645336,DIR_LEFT,TURN_LEFT
-5.529377,1.645336,DIR_RIGHT,TURN_RIGHT
-5.529377,1.645336,DIR_LEFT,TURN_LEFT
-5.529377,1.645336,DIR_RIGHT,TURN_RIGHT
-5.529377,1.645336,DIR_LEFT,TURN_LEFT
-5.529377,1.645336,DIR_RIGHT,TURN_RIGHT
-5.529377,1.645336,DIR_LEFT,TURN_LEFT
-5.529377,1.645336,DIR_LEFT,TURN_LEFT
-5.529377,1.645336,DIR_RIGHT,TURN_RIGHT
-5.529377,1.645336,DIR_RIGHT,TURN_RIGHT
-5.529377,1.645336,DIR_LEFT,TURN_LEFT
-5.529377,1.645336,DIR_RIGHT,TURN_RIGHT
-5.529377,1.645336,WANDER,FORWARD
-5.507929,1.636087,DIR_LEFT,TURN_LEFT
-5.501829,1.633456,DIR_LEFT,TURN_LEFT
-5.501829,1.633456,DIR_RIGHT,TURN_RIGHT
-5.501829,1.633456,DIR_RIGHT,TURN_RIGHT
-5.501829,1.633456,DIR_LEFT,TURN_LEFT
-5.501829,1.633456,DIR_LEFT,TURN_LEFT
-5.501829,1.633456,DIR_RIGHT,TURN_RIGHT
-5.501829,1.633456,DIR_RIGHT,TURN_RIGHT
-5.501829,1.633456,DIR_RIGHT,TURN_RIGHT
-5.501829,1.633456,WANDER,FORWARD
-5.482839,1.619858,WANDER,FORWARD
-5.458789,1.601925,WANDER,FORWARD
-5.434778,1.583940,WANDER,FORWARD
-5.410766,1.565956,DIR_LEFT,TURN_LEFT
-5.405449,1.561974,DIR_LEFT,TURN_LEFT
-5.405449,1.561974,WANDER,FORWARD
-5.382738,1.556519,WANDER,FORWARD
-5.353438,1.550077,WANDER,FORWARD
-5.324125,1.543697,WANDER,FORWARD
-5.294811,1.537318,DIR_RIGHT,TURN_RIGHT
-5.288320,1.535905,WANDER,FORWARD
-5.266872,1.526656,WANDER,FORWARD
-5.239559,1.514248,WANDER,FORWARD
-5.212272,1.501780,WANDER,FORWARD
-5.184985,1.489313,WANDER,FORWARD
-5.157699,1.476846,WANDER,FORWARD
-5.130412,1.464379,WANDER,FORWARD
-5.103125,1.451912,DIR_LEFT,TURN_LEFT
-5.097083,1.449151,DIR_RIGHT,TURN_RIGHT
-5.097083,1.449151,DIR_RIGHT,TURN_RIGHT
-5.097083,1.449151,WANDER,FORWARD
-5.078092,1.435553,WANDER,FORWARD
-5.054043,1.417620,WANDER,FORWARD
-5.030031,1.399636,WANDER,FORWARD
-5.006020,1.381651,WANDER,FORWARD
-4.982008,1.363666,WANDER,FORWARD
-4.957997,1.345682,WANDER,FORWARD
-4.933985,1.327697,WANDER,FORWARD
-4.909973,1.309713,DIR_RIGHT,TURN_RIGHT
-4.904657,1.305731,WANDER,FORWARD
-4.888992,1.288405,WANDER,FORWARD
-4.869306,1.265768,WANDER,FORWARD
-4.849668,1.243089,WANDER,FORWARD
-4.830030,1.220410,WANDER,FORWARD
-4.810392,1.197730,WANDER,FORWARD
-4.790754,1.175051,WANDER,FORWARD
-4.771116,1.152372,WANDER,FORWARD
-4.751478,1.129693,WANDER,FORWARD
-4.731840,1.107013,WANDER,FORWARD
-4.712202,1.084334,WANDER,FORWARD
-4.692564,1.061655,WANDER,FORWARD
-4.672926,1.038976,WANDER,FORWARD
-4.653288,1.016296,WANDER,FORWARD
-4.633650,0.993617,WANDER,FORWARD
-4.614012,0.970938,WANDER,FORWARD
-4.594374,0.948258,WANDER,FORWARD
-4.574736,0.925579,DIR_LEFT,TURN_LEFT
-4.570388,0.920557,WANDER,FORWARD
-4.551997,0.906158,WANDER,FORWARD
-4.528025,0.888122,WANDER,FORWARD
-4.504013,0.870138,WANDER,FORWARD
-4.480001,0.852153,WANDER,FORWARD
-4.455990,0.834169,WANDER,FORWARD
-4.431978,0.816184,WANDER,FORWARD
-4.407967,0.798200,WANDER,FORWARD
-4.383955,0.780215,WANDER,FORWARD
-4.359944,0.762230,WANDER,FORWARD
-4.335932,0.744246,WANDER,FORWARD
-4.311920,0.726261,WANDER,FORWARD
-4.287909,0.708277,WANDER,FORWARD
-4.263897,0.690292,WANDER,FORWARD
-4.239886,0.672308,WANDER,FORWARD
-4.215874,0.654323,WANDER,FORWARD
-4.191862,0.636339,WANDER,FORWARD
-4.167851,0.618354,WANDER,FORWARD
-4.143839,0.600370,WANDER,FORWARD
-4.119828,0.582385,DIR_LEFT,TURN_LEFT
-4.114511,0.578403,WANDER,FORWARD
-4.093479,0.568243,WANDER,FORWARD
-4.066219,0.555718,DIR_LEFT,TURN_LEFT
-4.060177,0.552957,DIR_LEFT,TURN_LEFT
-4.060177,0.552957,WANDER,FORWARD
-4.036826,0.552457,WANDER,FORWARD
-4.006826,0.552392,WANDER,FORWARD
-3.976826,0.552392,WANDER,FORWARD
-3.946826,0.552392,WANDER,FORWARD
-3.916826,0.552392,WANDER,FORWARD
-3.886826,0.552392,WANDER,FORWARD
-3.856826,0.552392,WANDER,FORWARD
-3.826826,0.552392,WANDER,FORWARD
-3.796826,0.552392,WANDER,FORWARD
-3.766826,0.552392,WANDER,FORWARD
-3.736826,0.552392,WANDER,FORWARD
-3.706826,0.552392,WANDER,FORWARD
-3.676826,0.552392,WANDER,FORWARD
-3.646826,0.552392,WANDER,FORWARD
-3.616826,0.552392,WANDER,FORWARD
-3.586826,0.552392,WANDER,FORWARD
-3.556826,0.552392,WANDER,FORWARD
-3.526826,0.552392,WANDER,FORWARD
-3.496826,0.552392,WANDER,FORWARD
-3.466826,0.552392,WANDER,FORWARD
-3.436826,0.552392,WANDER,FORWARD
-3.406826,0.552392,WANDER,FORWARD
-3.376826,0.552392,DIR_LEFT,TURN_LEFT
-3.370183,0.552392,WANDER,FORWARD
-3.347259,0.556869,WANDER,FORWARD
-3.317932,0.563186,WANDER,FORWARD
-3.288619,0.569565,WANDER,FORWARD
-3.259305,0.575945,WANDER,FORWARD
-3.229991,0.582324,WANDER,FORWARD
-3.200677,0.588704,WANDER,FORWARD
-3.171363,0.595083,DIR_LEFT,TURN_LEFT
-3.164872,0.596496,WANDER,FORWARD
-3.143424,0.605745,WANDER,FORWARD
-3.116112,0.618153,WANDER,FORWARD
-3.088825,0.630620,WANDER,FORWARD
-3.061538,0.643088,WANDER,FORWARD
-3.034251,0.655555,WANDER,FORWARD
-3.006964,0.668022,DIR_LEFT,TURN_LEFT
-3.000922,0.670783,DIR_LEFT,TURN_LEFT
-3.000922,0.670783,WANDER,FORWARD
-2.985258,0.688108,WANDER,FORWARD
-2.965572,0.710745,WANDER,FORWARD
-2.945934,0.733424,WANDER,FORWARD
-2.926296,0.756103,WANDER,FORWARD
-2.906658,0.778783,WANDER,FORWARD
-2.887020,0.801462,WANDER,FORWARD
-2.867382,0.824141,WANDER,FORWARD
-2.847744,0.846821,WANDER,FORWARD
-2.828106,0.869500,WANDER,FORWARD
-2.808468,0.892179,WANDER,FORWARD
-2.788830,0.914858,WANDER,FORWARD
-2.769192,0.937538,FOLLOW,FORWARD
-2.749554,0.960217,FOLLOW,FORWARD
-2.729916,0.982896,IDLE,STOP
-2.725567,0.987918,DIR_RIGHT,TURN_RIGHT
-2.725567,0.987918,DIR_RIGHT,TURN_RIGHT
-2.725567,0.987918,WANDER,FORWARD
-2.704535,0.998077,WANDER,FORWARD
-2.677276,1.010603,FOLLOW,FORWARD
-2.649989,1.023070,DIR_RIGHT,TURN_RIGHT
-2.643947,1.025831,DIR_RIGHT,TURN_RIGHT
-2.643947,1.025831,DIR_RIGHT,TURN_RIGHT
-2.643947,1.025831,WANDER,FORWARD
-2.621023,1.021354,WANDER,FORWARD
-2.591696,1.015037,WANDER,FORWARD
-2.562382,1.008658,WANDER,FORWARD
-2.533068,1.002278,DIR_LEFT,TURN_LEFT
-2.526577,1.000866,WANDER,FORWARD
-2.503226,1.000365,WANDER,FORWARD
-2.473226,1.000301,WANDER,FORWARD
-2.443226,1.000301,WANDER,FORWARD
-2.413226,1.000301,WANDER,FORWARD
-2.383226,1.000301,DIR_LEFT,TURN_LEFT
-2.376583,1.000301,WANDER,FORWARD
-2.353659,1.004778,WANDER,FORWARD
-2.324332,1.011094,WANDER,FORWARD
-2.295019,1.017474,WANDER,FORWARD
-2.265705,1.023853,WANDER,FORWARD
-2.236391,1.030233,WANDER,FORWARD
-2.207077,1.036612,WANDER,FORWARD
-2.177763,1.042992,WANDER,FORWARD
-2.148449,1.049371,WANDER,FORWARD
-2.119135,1.055751,WANDER,FORWARD
-2.089822,1.062130,DIR_RIGHT,TURN_RIGHT
-2.083331,1.063543,DIR_RIGHT,TURN_RIGHT
-2.083331,1.063543,WANDER,FORWARD
-2.060407,1.059066,WANDER,FORWARD
-2.031080,1.052749,WANDER,FORWARD
-2.001766,1.046370,WANDER,FORWARD
-1.972452,1.039990,WANDER,FORWARD
-1.943138,1.033611,WANDER,FORWARD
-1.913824,1.027232,WANDER,FORWARD
-1.884510,1.020852,WANDER,FORWARD
-1.855197,1.014473,WANDER,FORWARD
-1.825883,1.008093,WANDER,FORWARD
-1.796569,1.001714,WANDER,FORWARD
-1.767255,0.995334,DIR_LEFT,TURN_LEFT
-1.760764,0.993921,DIR_LEFT,TURN_LEFT
-1.760764,0.993921,WANDER,FORWARD
-1.737840,0.998398,WANDER,FORWARD
-1.708513,1.004715,DIR_RIGHT,TURN_RIGHT
-1.702022,1.006127,DIR_LEFT,TURN_LEFT
-1.702022,1.006127,DIR_LEFT,TURN_LEFT
-1.702022,1.006127,DIR_LEFT,TURN_LEFT
-1.702022,1.006127,DIR_RIGHT,TURN_RIGHT
-1.702022,1.006127,WANDER,FORWARD
-1.680990,1.016287,WANDER,FORWARD
-1.653731,1.028812,FOLLOW,FORWARD
-1.626444,1.041279,FOLLOW,FORWARD
-1.599157,1.053747,DIR_RIGHT,TURN_RIGHT
-1.593115,1.056507,DIR_RIGHT,TURN_RIGHT
-1.593115,1.056507,DIR_RIGHT,TURN_RIGHT
-1.593115,1.056507,DIR_LEFT,TURN_LEFT
-1.593115,1.056507,DIR_RIGHT,TURN_RIGHT
-1.593115,1.056507,WANDER,FORWARD
-1.570191,1.052030,DIR_LEFT,TURN_LEFT
-1.563671,1.050757,DIR_LEFT,TURN_LEFT
-1.563671,1.050757,WANDER,FORWARD
-1.540747,1.055234,DIR_LEFT,TURN_LEFT
-1.534227,1.056507,DIR_LEFT,TURN_LEFT
-1.534227,1.056507,IDLE,STOP
-1.534227,1.056507,IDLE,STOP
-1.534227,1.056507,WANDER,FORWARD
-1.515533,1.070509,WANDER,FORWARD
-1.491521,1.088494,FOLLOW,FORWARD
-1.467510,1.106478,FOLLOW,FORWARD
-1.443498,1.124463,DIR_LEFT,TURN_LEFT
-1.438181,1.128445,WANDER,FORWARD
-1.422517,1.145771,IDLE,STOP
-1.418062,1.150699,WANDER,FORWARD
-1.402772,1.168356,WANDER,FORWARD
-1.383134,1.191035,DIR_LEFT,TURN_LEFT
-1.378786,1.196057,FOLLOW,FORWARD
-1.367164,1.216318,DIR_LEFT,TURN_LEFT
-1.363859,1.222080,DIR_LEFT,TURN_LEFT
-1.363859,1.222080,DIR_LEFT,TURN_LEFT
-1.363859,1.222080,DIR_RIGHT,TURN_RIGHT
-1.363859,1.222080,DIR_RIGHT,TURN_RIGHT
-1.363859,1.222080,DIR_RIGHT,TURN_RIGHT
-1.363859,1.222080,DIR_RIGHT,TURN_RIGHT
-1.363859,1.222080,DIR_RIGHT,TURN_RIGHT
-1.363859,1.222080,DIR_RIGHT,TURN_RIGHT
-1.363859,1.222080,WANDER,FORWARD
-1.342827,1.232239,WANDER,FORWARD
-1.315567,1.244765,DIR_LEFT,TURN_LEFT
-1.309525,1.247525,DIR_RIGHT,TURN_RIGHT
-1.309525,1.247525,WANDER,FORWARD
-1.288493,1.257685,FOLLOW,FORWARD
-1.261234,1.270210,DIR_LEFT,TURN_LEFT
-1.255192,1.272971,DIR_LEFT,TURN_LEFT
-1.255192,1.272971,DIR_RIGHT,TURN_RIGHT
-1.255192,1.272971,IDLE,STOP
-1.255192,1.272971,IDLE,STOP
-1.255192,1.272971,WANDER,FORWARD
-1.236497,1.286973,WANDER,FORWARD
-1.212485,1.304957,DIR_LEFT,TURN_LEFT
-1.207169,1.308940,DIR_RIGHT,TURN_RIGHT
-1.207169,1.308940,DIR_RIGHT,TURN_RIGHT
-1.207169,1.308940,FOLLOW,FORWARD
-1.186137,1.319099,DIR_LEFT,TURN_LEFT
-1.180155,1.321989,DIR_LEFT,TURN_LEFT
-1.180155,1.321989,DIR_LEFT,TURN_LEFT
-1.180155,1.321989,FOLLOW,FORWARD
-1.168533,1.342249,DIR_RIGHT,TURN_RIGHT
-1.165228,1.348011,DIR_RIGHT,TURN_RIGHT
-1.165228,1.348011,DIR_RIGHT,TURN_RIGHT
-1.165228,1.348011,DIR_LEFT,TURN_LEFT
-1.165228,1.348011,FOLLOW,FORWARD
-1.146238,1.361610,IDLE,STOP
-1.140837,1.365477,WANDER,FORWARD
-1.122142,1.379480,WANDER,FORWARD
-1.098130,1.397464,WANDER,FORWARD
-1.074119,1.415449,FOLLOW,FORWARD
-1.050107,1.433433,FOLLOW,FORWARD
-1.026095,1.451418,DIR_LEFT,TURN_LEFT
-1.020779,1.455400,DIR_LEFT,TURN_LEFT
-1.020779,1.455400,DIR_LEFT,TURN_LEFT
-1.020779,1.455400,DIR_RIGHT,TURN_RIGHT
-1.020779,1.455400,DIR_LEFT,TURN_LEFT
-1.020779,1.455400,WANDER,FORWARD
-1.013731,1.477669,DIR_RIGHT,TURN_RIGHT
-1.011727,1.484002,IDLE,STOP
-1.011727,1.484002,WANDER,FORWARD
-1.000542,1.504507,FOLLOW,FORWARD
-0.986175,1.530843,DIR_RIGHT,TURN_RIGHT
-0.982994,1.536675,DIR_RIGHT,TURN_RIGHT
-0.982994,1.536675,DIR_RIGHT,TURN_RIGHT
-0.982994,1.536675,DIR_RIGHT,TURN_RIGHT
-0.982994,1.536675,DIR_RIGHT,TURN_RIGHT
-0.982994,1.536675,FOLLOW,FORWARD
-0.959643,1.537175,IDLE,STOP
-0.953001,1.537318,WANDER,FORWARD
-0.929644,1.537318,WANDER,FORWARD
-0.899644,1.537318,WANDER,FORWARD
-0.869644,1.537318,WANDER,FORWARD
-0.839644,1.537318,WANDER,FORWARD
-0.809644,1.537318,DIR_LEFT,TURN_LEFT
-0.803001,1.537318,DIR_RIGHT,TURN_RIGHT
-0.803001,1.537318,DIR_RIGHT,TURN_RIGHT
-0.803001,1.537318,WANDER,FORWARD
-0.780077,1.532841,WANDER,FORWARD
-0.750750,1.526525,DIR_RIGHT,TURN_RIGHT
-0.744259,1.525112,DIR_RIGHT,TURN_RIGHT
-0.744259,1.525112,WANDER,FORWARD
-0.725269,1.511513,IDLE,STOP
-0.719868,1.507646,IDLE,STOP
-0.719868,1.507646,WANDER,FORWARD
-0.701173,1.493644,WANDER,FORWARD
-0.677162,1.475659,DIR_LEFT,TURN_LEFT
-0.671845,1.471677,WANDER,FORWARD
-0.650813,1.461517,DIR_LEFT,TURN_LEFT
-0.644831,1.458628,DIR_LEFT,TURN_LEFT
-0.644831,1.458628,DIR_RIGHT,TURN_RIGHT
-0.644831,1.458628,IDLE,STOP
-0.644831,1.458628,IDLE,STOP
-0.644831,1.458628,WANDER,FORWARD
-0.622008,1.453661,WANDER,FORWARD
-0.592695,1.447282,IDLE,STOP
-0.586204,1.445869,IDLE,STOP
-0.586204,1.445869,WANDER,FORWARD
-0.563381,1.440902,WANDER,FORWARD
-0.534067,1.434523,WANDER,FORWARD
-0.504753,1.428143,WANDER,FORWARD
-0.475439,1.421764,WANDER,FORWARD
-0.446125,1.415384,WANDER,FORWARD
-0.416811,1.409005,DIR_RIGHT,TURN_RIGHT
-0.410321,1.407592,WANDER,FORWARD
-0.388873,1.398343,WANDER,FORWARD
-0.361560,1.385935,WANDER,FORWARD
-0.334273,1.373467,WANDER,FORWARD
-0.306986,1.361000,WANDER,FORWARD
-0.279699,1.348533,WANDER,FORWARD
-0.252413,1.336066,IDLE,STOP
-0.246370,1.333305,WANDER,FORWARD
-0.225126,1.323599,WANDER,FORWARD
-0.197839,1.311132,WANDER,FORWARD
-0.170552,1.298664,WANDER,FORWARD
-0.143265,1.286197,WANDER,FORWARD
-0.115978,1.273730,WANDER,FORWARD
-0.088692,1.261263,WANDER,FORWARD
-0.061405,1.248796,WANDER,FORWARD
-0.034118,1.236329,WANDER,FORWARD
-0.006831,1.223862,DIR_LEFT,TURN_LEFT
-0.000789,1.221101,WANDER,FORWARD
0.021922,1.215646,WANDER,FORWARD
0.051222,1.209204,WANDER,FORWARD
0.080535,1.202825,WANDER,FORWARD
0.109849,1.196445,WANDER,FORWARD
0.139163,1.190066,DIR_LEFT,TURN_LEFT
0.145654,1.188653,DIR_LEFT,TURN_LEFT
0.145654,1.188653,DIR_LEFT,TURN_LEFT
0.145654,1.188653,WANDER,FORWARD
0.167102,1.197902,WANDER,FORWARD
0.194415,1.210310,WANDER,FORWARD
0.221702,1.222778,DIR_LEFT,TURN_LEFT
0.227744,1.225538,FOLLOW,FORWARD
0.246734,1.239137,WANDER,FORWARD
0.270784,1.257069,WANDER,FORWARD
0.294795,1.275054,FOLLOW,FORWARD
0.318807,1.293038,WANDER,FORWARD
0.342819,1.311023,DIR_RIGHT,TURN_RIGHT
0.348135,1.315005,WANDER,FORWARD
0.369167,1.325165,WANDER,FORWARD
0.396427,1.337690,WANDER,FORWARD
0.423714,1.350157,DIR_RIGHT,TURN_RIGHT
0.429756,1.352918,DIR_RIGHT,TURN_RIGHT
0.429756,1.352918,DIR_RIGHT,TURN_RIGHT
0.429756,1.352918,DIR_RIGHT,TURN_RIGHT
0.429756,1.352918,WANDER,FORWARD
0.451203,1.343669,WANDER,FORWARD
0.478516,1.331260,WANDER,FORWARD
0.505803,1.318793,DIR_LEFT,TURN_LEFT
0.511845,1.316033,DIR_RIGHT,TURN_RIGHT
0.511845,1.316033,WANDER,FORWARD
0.533293,1.306784,WANDER,FORWARD
0.560606,1.294375,DIR_LEFT,TURN_LEFT
0.566648,1.291615,DIR_LEFT,TURN_LEFT
0.566648,1.291615,WANDER,FORWARD
0.590000,1.291114,WANDER,FORWARD
0.619999,1.291050,DIR_LEFT,TURN_LEFT
0.626642,1.291050,DIR_LEFT,TURN_LEFT
0.626642,1.291050,WANDER,FORWARD
0.648090,1.300299,WANDER,FORWARD
0.675403,1.312707,WANDER,FORWARD
0.702690,1.325174,WANDER,FORWARD
0.729976,1.337642,FOLLOW,FORWARD
0.757263,1.350109,FOLLOW,FORWARD
0.784550,1.362576,IDLE,STOP
0.790592,1.365337,WANDER,FORWARD
0.811837,1.375043,WANDER,FORWARD
0.839124,1.387510,FOLLOW,FORWARD
0.866410,1.399977,DIR_RIGHT,TURN_RIGHT
0.872452,1.402738,DIR_RIGHT,TURN_RIGHT
0.872452,1.402738,DIR_RIGHT,TURN_RIGHT
0.872452,1.402738,WANDER,FORWARD
0.895377,1.398261,WANDER,FORWARD
0.924703,1.391945,DIR_LEFT,TURN_LEFT
0.931194,1.390532,DIR_LEFT,TURN_LEFT
0.931194,1.390532,DIR_LEFT,TURN_LEFT
0.931194,1.390532,WANDER,FORWARD
0.952642,1.399781,FOLLOW,FORWARD
0.979955,1.412190,DIR_LEFT,TURN_LEFT
0.985997,1.414950,WANDER,FORWARD
1.004988,1.428549,WANDER,FORWARD
1.029037,1.446481,WANDER,FORWARD
1.053049,1.464466,WANDER,FORWARD
1.077060,1.482450,WANDER,FORWARD
1.101072,1.500435,WANDER,FORWARD
1.125084,1.518420,WANDER,FORWARD
1.149095,1.536404,DIR_RIGHT,TURN_RIGHT
1.154412,1.540386,DIR_RIGHT,TURN_RIGHT
1.154412,1.540386,DIR_RIGHT,TURN_RIGHT
1.154412,1.540386,WANDER,FORWARD
1.177764,1.540887,DIR_RIGHT,TURN_RIGHT
1.184405,1.541029,DIR_RIGHT,TURN_RIGHT
1.184405,1.541029,WANDER,FORWARD
1.205853,1.531780,DIR_LEFT,TURN_LEFT
1.211953,1.529150,IDLE,STOP
1.211953,1.529150,WANDER,FORWARD
1.234776,1.524183,WANDER,FORWARD
1.264090,1.517803,DIR_LEFT,TURN_LEFT
1.270581,1.516391,FOLLOW,FORWARD
1.293932,1.515890,DIR_LEFT,TURN_LEFT
1.300574,1.515748,DIR_RIGHT,TURN_RIGHT
1.300574,1.515748,DIR_RIGHT,TURN_RIGHT
1.300574,1.515748,DIR_LEFT,TURN_LEFT
1.300574,1.515748,FOLLOW,FORWARD
1.323925,1.515247,DIR_LEFT,TURN_LEFT
1.330567,1.515105,WANDER,FORWARD
1.353491,1.519582,DIR_LEFT,TURN_LEFT
1.360011,1.520855,FOLLOW,FORWARD
1.381458,1.530104,DIR_RIGHT,TURN_RIGHT
1.387558,1.532735,DIR_RIGHT,TURN_RIGHT
1.387558,1.532735,DIR_RIGHT,TURN_RIGHT
1.387558,1.532735,DIR_RIGHT,TURN_RIGHT
1.387558,1.532735,DIR_RIGHT,TURN_RIGHT
1.387558,1.532735,DIR_LEFT,TURN_LEFT
1.387558,1.532735,DIR_RIGHT,TURN_RIGHT
1.387558,1.532735,WANDER,FORWARD
1.406549,1.519136,WANDER,FORWARD
1.430598,1.501203,WANDER,FORWARD
1.454610,1.483219,WANDER,FORWARD
1.478621,1.465234,WANDER,FORWARD
1.502633,1.447250,WANDER,FORWARD
1.526645,1.429265,WANDER,FORWARD
1.550656,1.411281,WANDER,FORWARD
1.574668,1.393296,WANDER,FORWARD
1.598679,1.375312,WANDER,FORWARD
1.622691,1.357327,WANDER,FORWARD
1.646703,1.339343,WANDER,FORWARD
1.670714,1.321358,WANDER,FORWARD
1.694726,1.303373,WANDER,FORWARD
1.718737,1.285389,WANDER,FORWARD
1.742749,1.267404,WANDER,FORWARD
1.766760,1.249420,WANDER,FORWARD
1.790772,1.231435,WANDER,FORWARD
1.814784,1.213451,WANDER,FORWARD
1.838795,1.195466,WANDER,FORWARD
1.862807,1.177482,WANDER,FORWARD
1.886818,1.159497,WANDER,FORWARD
1.910830,1.141513,WANDER,FORWARD
1.934842,1.123528,WANDER,FORWARD
1.958853,1.105543,WANDER,FORWARD
1.982865,1.087559,WANDER,FORWARD
2.006876,1.069574,WANDER,FORWARD
2.030888,1.051590,WANDER,FORWARD
2.054900,1.033605,WANDER,FORWARD
2.078911,1.015621,WANDER,FORWARD
2.102923,0.997636,WANDER,FORWARD
2.126934,0.979652,WANDER,FORWARD
2.150946,0.961667,DIR_LEFT,TURN_LEFT
2.156263,0.957685,WANDER,FORWARD
2.177295,0.947525,WANDER,FORWARD
2.204554,0.935000,WANDER,FORWARD
2.231841,0.922533,WANDER,FORWARD
2.259128,0.910066,DIR_LEFT,TURN_LEFT
2.265170,0.907305,DIR_LEFT,TURN_LEFT
2.265170,0.907305,WANDER,FORWARD
2.288522,0.906805,WANDER,FORWARD
2.318521,0.906740,DIR_LEFT,TURN_LEFT
2.325164,0.906740,WANDER,FORWARD
2.348088,0.911217,WANDER,FORWARD
2.377415,0.917534,DIR_LEFT,TURN_LEFT
2.383906,0.918946,WANDER,FORWARD
2.405353,0.928195,WANDER,FORWARD
2.432666,0.940604,WANDER,FORWARD
2.459953,0.953071,WANDER,FORWARD
2.487240,0.965538,WANDER,FORWARD
2.514527,0.978005,WANDER,FORWARD
2.541814,0.990472,WANDER,FORWARD
2.569100,1.002939,WANDER,FORWARD
2.596387,1.015407,WANDER,FORWARD
2.623674,1.027874,WANDER,FORWARD
2.650961,1.040341,WANDER,FORWARD
2.678248,1.052808,WANDER,FORWARD
2.705534,1.065275,WANDER,FORWARD
2.732821,1.077742,WANDER,FORWARD
2.760108,1.090210,WANDER,FORWARD
2.787395,1.102677,WANDER,FORWARD
2.814682,1.115144,WANDER,FORWARD
2.841968,1.127611,WANDER,FORWARD
2.869255,1.140078,WANDER,FORWARD
2.896542,1.152545,WANDER,FORWARD
2.923829,1.165013,WANDER,FORWARD
2.951116,1.177480,WANDER,FORWARD
2.978403,1.189947,WANDER,FORWARD
3.005689,1.202414,WANDER,FORWARD
3.032976,1.214881,WANDER,FORWARD
3.060263,1.227348,WANDER,FORWARD
3.087550,1.239815,WANDER,FORWARD
3.114837,1.252283,WANDER,FORWARD
3.142123,1.264750,WANDER,FORWARD
3.169410,1.277217,WANDER,FORWARD
3.196697,1.289684,WANDER,FORWARD
3.223984,1.302151,WANDER,FORWARD
3.251271,1.314618,WANDER,FORWARD
3.278557,1.327086,WANDER,FORWARD
3.305844,1.339553,WANDER,FORWARD
3.333131,1.352020,WANDER,FORWARD
3.360418,1.364487,WANDER,FORWARD
3.387705,1.376954,WANDER,FORWARD
3.414992,1.389421,WANDER,FORWARD
3.442278,1.401888,WANDER,FORWARD
3.469565,1.414356,DIR_LEFT,TURN_LEFT
3.475607,1.417116,DIR_LEFT,TURN_LEFT
3.475607,1.417116,WANDER,FORWARD
3.491272,1.434442,WANDER,FORWARD
3.510958,1.457079,WANDER,FORWARD
3.530596,1.479758,WANDER,FORWARD
3.550234,1.502437,WANDER,FORWARD
3.569872,1.525116,DIR_LEFT,TURN_LEFT
3.574220,1.530138,DIR_LEFT,TURN_LEFT
3.574220,1.530138,WANDER,FORWARD
3.581268,1.552407,DIR_LEFT,TURN_LEFT
3.583272,1.558740,DIR_LEFT,TURN_LEFT
3.583272,1.558740,WANDER,FORWARD
3.580428,1.581923,WANDER,FORWARD
3.576202,1.611624,WANDER,FORWARD
3.571912,1.641315,FOLLOW,FORWARD
3.567622,1.671007,WANDER,FORWARD
3.563332,1.700699,WANDER,FORWARD
3.559042,1.730390,FOLLOW,FORWARD
3.554752,1.760082,WANDER,FORWARD
3.550463,1.789774,DIR_LEFT,TURN_LEFT
3.549513,1.796348,FOLLOW,FORWARD
3.541804,1.818397,DIR_LEFT,TURN_LEFT
3.539611,1.824667,FOLLOW,FORWARD
3.527390,1.844572,FOLLOW,FORWARD
3.511204,1.869830,FOLLOW,FORWARD
3.494963,1.895054,FOLLOW,FORWARD
3.478722,1.920277,IDLE,STOP
3.475126,1.925862,FOLLOW,FORWARD
3.462481,1.945501,WANDER,FORWARD
3.446240,1.970724,FOLLOW,FORWARD
3.429999,1.995948,DIR_RIGHT,TURN_RIGHT
3.426403,2.001533,DIR_RIGHT,TURN_RIGHT
3.426403,2.001533,DIR_RIGHT,TURN_RIGHT
3.426403,2.001533,DIR_RIGHT,TURN_RIGHT
3.426403,2.001533,DIR_RIGHT,TURN_RIGHT
3.426403,2.001533,FOLLOW,FORWARD
3.437146,2.022273,FOLLOW,FORWARD
3.451455,2.048640,DIR_LEFT,TURN_LEFT
3.454636,2.054472,WANDER,FORWARD
3.461684,2.076740,WANDER,FORWARD
3.470182,2.105510,WANDER,FORWARD
3.478620,2.134300,DIR_LEFT,TURN_LEFT
3.480488,2.140674,DIR_LEFT,TURN_LEFT
3.480488,2.140674,DIR_RIGHT,TURN_RIGHT
3.480488,2.140674,WANDER,FORWARD
3.481640,2.164003,DIR_RIGHT,TURN_RIGHT
3.481968,2.170638,DIR_RIGHT,TURN_RIGHT
3.481968,2.170638,DIR_RIGHT,TURN_RIGHT
3.481968,2.170638,DIR_RIGHT,TURN_RIGHT
3.481968,2.170638,DIR_RIGHT,TURN_RIGHT
3.481968,2.170638,FOLLOW,FORWARD
3.503000,2.180797,FOLLOW,FORWARD
3.530260,2.193323,DIR_RIGHT,TURN_RIGHT
3.536302,2.196083,DIR_RIGHT,TURN_RIGHT
3.536302,2.196083,DIR_LEFT,TURN_LEFT
3.536302,2.196083,DIR_LEFT,TURN_LEFT
3.536302,2.196083,DIR_LEFT,TURN_LEFT
3.536302,2.196083,WANDER,FORWARD
3.555292,2.209682,DIR_RIGHT,TURN_RIGHT
3.560693,2.213549,FOLLOW,FORWARD
3.581725,2.223709,FOLLOW,FORWARD
3.608984,2.236234,DIR_RIGHT,TURN_RIGHT
3.615026,2.238995,DIR_RIGHT,TURN_RIGHT
3.615026,2.238995,WANDER,FORWARD
3.638378,2.239495,DIR_LEFT,TURN_LEFT
3.645020,2.239637,DIR_LEFT,TURN_LEFT
3.645020,2.239637,DIR_LEFT,TURN_LEFT
3.645020,2.239637,WANDER,FORWARD
3.664010,2.253236,WANDER,FORWARD
3.688060,2.271169,FOLLOW,FORWARD
3.712071,2.289153,FOLLOW,FORWARD
3.736083,2.307138,DIR_RIGHT,TURN_RIGHT
3.741400,2.311120,DIR_RIGHT,TURN_RIGHT
3.741400,2.311120,DIR_LEFT,TURN_LEFT
3.741400,2.311120,FOLLOW,FORWARD
3.762847,2.320369,IDLE,STOP
3.768947,2.323000,WANDER,FORWARD
3.790192,2.332706,WANDER,FORWARD
3.817479,2.345173,FOLLOW,FORWARD
3.844766,2.357640,FOLLOW,FORWARD
3.872052,2.370108,DIR_RIGHT,TURN_RIGHT
3.878095,2.372868,DIR_RIGHT,TURN_RIGHT
3.878095,2.372868,DIR_RIGHT,TURN_RIGHT
3.878095,2.372868,WANDER,FORWARD
3.901019,2.368392,WANDER,FORWARD
3.930346,2.362075,WANDER,FORWARD
3.959659,2.355696,WANDER,FORWARD
3.988973,2.349316,DIR_LEFT,TURN_LEFT
3.995464,2.347903,DIR_LEFT,TURN_LEFT
3.995464,2.347903,IDLE,STOP
3.995464,2.347903,WANDER,FORWARD
4.018287,2.352870,WANDER,FORWARD
4.047601,2.359250,WANDER,FORWARD
4.076915,2.365629,DIR_LEFT,TURN_LEFT
4.083406,2.367042,FOLLOW,FORWARD
4.104854,2.376291,DIR_LEFT,TURN_LEFT
4.110953,2.378921,WANDER,FORWARD
4.129944,2.392520,FOLLOW,FORWARD
4.153993,2.410453,FOLLOW,FORWARD
4.178005,2.428437,DIR_RIGHT,TURN_RIGHT
4.183322,2.432419,DIR_RIGHT,TURN_RIGHT
4.183322,2.432419,DIR_RIGHT,TURN_RIGHT
4.183322,2.432419,WANDER,FORWARD
4.206674,2.432920,DIR_LEFT,TURN_LEFT
4.213315,2.433062,DIR_LEFT,TURN_LEFT
4.213315,2.433062,WANDER,FORWARD
4.234763,2.442311,WANDER,FORWARD
4.262076,2.454720,DIR_LEFT,TURN_LEFT
4.268118,2.457480,FOLLOW,FORWARD
4.287108,2.471079,DIR_LEFT,TURN_LEFT
4.292509,2.474946,IDLE,STOP
4.292509,2.474946,WANDER,FORWARD
4.307799,2.492604,FOLLOW,FORWARD
4.327437,2.515283,FOLLOW,FORWARD
4.347075,2.537962,DIR_RIGHT,TURN_RIGHT
4.351423,2.542984,DIR_RIGHT,TURN_RIGHT
4.351423,2.542984,DIR_RIGHT,TURN_RIGHT
4.351423,2.542984,WANDER,FORWARD
4.374135,2.548439,WANDER,FORWARD
4.403434,2.554881,WANDER,FORWARD
4.432748,2.561261,DIR_LEFT,TURN_LEFT
4.439239,2.562673,DIR_LEFT,TURN_LEFT
4.439239,2.562673,IDLE,STOP
4.439239,2.562673,WANDER,FORWARD
4.457934,2.576675,WANDER,FORWARD
4.481945,2.594660,WANDER,FORWARD
4.505957,2.612644,FOLLOW,FORWARD
4.529968,2.630629,FOLLOW,FORWARD
4.553980,2.648614,DIR_RIGHT,TURN_RIGHT
4.559297,2.652596,DIR_RIGHT,TURN_RIGHT
4.559297,2.652596,DIR_RIGHT,TURN_RIGHT
4.559297,2.652596,DIR_LEFT,TURN_LEFT
4.559297,2.652596,DIR_LEFT,TURN_LEFT
4.559297,2.652596,WANDER,FORWARD
4.580745,2.661845,WANDER,FORWARD
4.608057,2.674253,WANDER,FORWARD
4.635344,2.686721,WANDER,FORWARD
4.662631,2.699188,DIR_LEFT,TURN_LEFT
4.668673,2.701948,DIR_LEFT,TURN_LEFT
4.668673,2.701948,IDLE,STOP
4.668673,2.701948,WANDER,FORWARD
4.683963,2.719606,FOLLOW,FORWARD
4.703601,2.742285,FOLLOW,FORWARD
4.723239,2.764964,DIR_LEFT,TURN_LEFT
4.727587,2.769986,DIR_LEFT,TURN_LEFT
4.727587,2.769986,DIR_LEFT,TURN_LEFT
4.727587,2.769986,DIR_LEFT,TURN_LEFT
4.727587,2.769986,DIR_RIGHT,TURN_RIGHT
4.727587,2.769986,DIR_LEFT,TURN_LEFT
4.727587,2.769986,WANDER,FORWARD
4.724743,2.793169,WANDER,FORWARD
4.720517,2.822870,WANDER,FORWARD
4.716227,2.852561,DIR_RIGHT,TURN_RIGHT
4.715277,2.859136,WANDER,FORWARD
4.716430,2.882465,WANDER,FORWARD
4.718488,2.912393,DIR_RIGHT,TURN_RIGHT
4.718958,2.919019,WANDER,FORWARD
4.725045,2.941570,WANDER,FORWARD
4.733420,2.970376,WANDER,FORWARD
4.741857,2.999165,WANDER,FORWARD
4.750294,3.027954,DIR_RIGHT,TURN_RIGHT
4.752162,3.034329,FOLLOW,FORWARD
4.762905,3.055069,IDLE,STOP
4.765961,3.060967,IDLE,STOP
4.765961,3.060967,FOLLOW,FORWARD
4.777146,3.081472,FOLLOW,FORWARD
4.791512,3.107809,IDLE,STOP
4.794693,3.113641,WANDER,FORWARD
4.805878,3.134146,FOLLOW,FORWARD
4.820244,3.160482,FOLLOW,FORWARD
4.834610,3.186819,IDLE,STOP
4.837791,3.192650,WANDER,FORWARD
4.848977,3.213155,WANDER,FORWARD
4.863343,3.239492,WANDER,FORWARD
4.877709,3.265828,WANDER,FORWARD
4.892075,3.292165,WANDER,FORWARD
4.906441,3.318501,FOLLOW,FORWARD
4.920807,3.344838,DIR_RIGHT,TURN_RIGHT
4.923988,3.350670,DIR_RIGHT,TURN_RIGHT
4.923988,3.350670,DIR_RIGHT,TURN_RIGHT
4.923988,3.350670,WANDER,FORWARD
4.945020,3.360829,WANDER,FORWARD
4.972280,3.373355,IDLE,STOP
4.978322,3.376115,FOLLOW,FORWARD
4.999566,3.385822,IDLE,STOP
5.005608,3.388582,WANDER,FORWARD
5.026853,3.398289,WANDER,FORWARD
5.054140,3.410756,WANDER,FORWARD
5.081427,3.423223,IDLE,STOP
5.087469,3.425984,FOLLOW,FORWARD
5.108714,3.435690,IDLE,STOP
5.114756,3.438451,WANDER,FORWARD
5.136000,3.448158,WANDER,FORWARD
5.163287,3.460625,FOLLOW,FORWARD
5.190574,3.473092,FOLLOW,FORWARD
5.217861,3.485559,IDLE,STOP
5.223903,3.488320,WANDER,FORWARD
5.245148,3.498026,WANDER,FORWARD
5.272434,3.510493,DIR_RIGHT,TURN_RIGHT
5.278477,3.513254,DIR_RIGHT,TURN_RIGHT
5.278477,3.513254,DIR_RIGHT,TURN_RIGHT
5.278477,3.513254,DIR_RIGHT,TURN_RIGHT
5.278477,3.513254,IDLE,STOP
5.278477,3.513254,DIR_LEFT,TURN_LEFT
5.278477,3.513254,WANDER,FORWARD
5.301188,3.507799,WANDER,FORWARD
5.330487,3.501357,WANDER,FORWARD
5.359801,3.494977,DIR_LEFT,TURN_LEFT
5.366292,3.493565,DIR_LEFT,TURN_LEFT
5.366292,3.493565,IDLE,STOP
5.366292,3.493565,WANDER,FORWARD
5.389115,3.498532,WANDER,FORWARD
5.418429,3.504911,WANDER,FORWARD
5.447743,3.511291,WANDER,FORWARD
5.477057,3.517670,WANDER,FORWARD
5.506370,3.524050,DIR_LEFT,TURN_LEFT
5.512861,3.525462,DIR_LEFT,TURN_LEFT
5.512861,3.525462,IDLE,STOP
5.512861,3.525462,WANDER,FORWARD
5.531556,3.539465,WANDER,FORWARD
5.555568,3.557449,WANDER,FORWARD
5.579579,3.575434,WANDER,FORWARD
5.603591,3.593418,WANDER,FORWARD
5.627602,3.611403,DIR_LEFT,TURN_LEFT
5.632919,3.615385,WANDER,FORWARD
5.648584,3.632711,WANDER,FORWARD
5.668270,3.655347,WANDER,FORWARD
5.687908,3.678027,WANDER,FORWARD
5.707546,3.700706,WANDER,FORWARD
5.727184,3.723385,DIR_RIGHT,TURN_RIGHT
5.731532,3.728407,IDLE,STOP
5.731532,3.728407,WANDER,FORWARD
5.750227,3.742409,WANDER,FORWARD
5.774239,3.760394,WANDER,FORWARD
5.798250,3.778378,DIR_LEFT,TURN_LEFT
5.803567,3.782361,DIR_LEFT,TURN_LEFT
5.803567,3.782361,DIR_LEFT,TURN_LEFT
5.803567,3.782361,WANDER,FORWARD
5.810615,3.804629,WANDER,FORWARD
5.819113,3.833400,DIR_LEFT,TURN_LEFT
5.820981,3.839774,DIR_LEFT,TURN_LEFT
5.820981,3.839774,DIR_LEFT,TURN_LEFT
5.820981,3.839774,DIR_LEFT,TURN_LEFT
5.820981,3.839774,FOLLOW,FORWARD
5.808760,3.859679,DIR_LEFT,TURN_LEFT
5.805285,3.865340,DIR_LEFT,TURN_LEFT
5.805285,3.865340,WANDER,FORWARD
5.785897,3.878366,WANDER,FORWARD
5.760678,3.894613,WANDER,FORWARD
5.735424,3.910806,DIR_RIGHT,TURN_RIGHT
5.729831,3.914392,DIR_RIGHT,TURN_RIGHT
5.729831,3.914392,DIR_RIGHT,TURN_RIGHT
5.729831,3.914392,IDLE,STOP
5.729831,3.914392,WANDER,FORWARD
5.721652,3.936270,WANDER,FORWARD
5.711146,3.964370,WANDER,FORWARD
5.700641,3.992470,DIR_RIGHT,TURN_RIGHT
5.698314,3.998693,DIR_RIGHT,TURN_RIGHT
5.698314,3.998693,FOLLOW,FORWARD
5.699467,4.022021,WANDER,FORWARD
5.701525,4.051950,DIR_RIGHT,TURN_RIGHT
5.701995,4.058576,DIR_RIGHT,TURN_RIGHT
5.701995,4.058576,DIR_RIGHT,TURN_RIGHT
5.701995,4.058576,FOLLOW,FORWARD
5.716902,4.076557,DIR_RIGHT,TURN_RIGHT
5.721142,4.081671,DIR_RIGHT,TURN_RIGHT
5.721142,4.081671,DIR_RIGHT,TURN_RIGHT
5.721142,4.081671,DIR_RIGHT,TURN_RIGHT
5.721142,4.081671,DIR_LEFT,TURN_LEFT
5.721142,4.081671,FOLLOW,FORWARD
5.744066,4.086148,DIR_RIGHT,TURN_RIGHT
5.750586,4.087421,WANDER,FORWARD
5.773938,4.087922,WANDER,FORWARD
5.803937,4.087986,WANDER,FORWARD
5.833937,4.087986,WANDER,FORWARD
5.863937,4.087986,WANDER,FORWARD
5.893937,4.087986,WANDER,FORWARD
5.923937,4.087986,IDLE,STOP
5.930580,4.087986,WANDER,FORWARD
5.953937,4.087986,WANDER,FORWARD
5.983937,4.087986,WANDER,FORWARD
6.013937,4.087986,WANDER,FORWARD
6.043937,4.087986,WANDER,FORWARD
6.073937,4.087986,WANDER,FORWARD
6.103937,4.087986,WANDER,FORWARD
6.133937,4.087986,WANDER,FORWARD
6.163937,4.087986,WANDER,FORWARD
6.193937,4.087986,WANDER,FORWARD
6.223937,4.087986,WANDER,FORWARD
6.253937,4.087986,WANDER,FORWARD
6.283937,4.087986,DIR_LEFT,TURN_LEFT
6.290580,4.087986,WANDER,FORWARD
6.313504,4.092463,WANDER,FORWARD
6.342831,4.098779,WANDER,FORWARD
6.372145,4.105159,DIR_LEFT,TURN_LEFT
6.378636,4.106571,DIR_LEFT,TURN_LEFT
6.378636,4.106571,WANDER,FORWARD
6.397626,4.120170,WANDER,FORWARD
6.421676,4.138102,IDLE,STOP
6.426993,4.142085,DIR_LEFT,TURN_LEFT
6.426993,4.142085,WANDER,FORWARD
6.442657,4.159410,WANDER,FORWARD
6.462343,4.182047,WANDER,FORWARD
6.481981,4.204726,WANDER,FORWARD
6.501619,4.227406,WANDER,FORWARD
6.521257,4.250085,DIR_LEFT,TURN_LEFT
6.525606,4.255107,WANDER,FORWARD
6.537228,4.275367,WANDER,FORWARD
6.551650,4.301672,WANDER,FORWARD
6.566016,4.328009,WANDER,FORWARD
6.580382,4.354345,IDLE,STOP
6.583563,4.360177,DIR_LEFT,TURN_LEFT
6.583563,4.360177,WANDER,FORWARD
6.590611,4.382446,WANDER,FORWARD
6.599109,4.411216,WANDER,FORWARD
6.607546,4.440005,FOLLOW,FORWARD
6.615983,4.468794,FOLLOW,FORWARD
6.624421,4.497584,WANDER,FORWARD
6.632858,4.526373,DIR_LEFT,TURN_LEFT
6.634726,4.532747,DIR_LEFT,TURN_LEFT
6.634726,4.532747,FOLLOW,FORWARD
6.631882,4.555931,DIR_LEFT,TURN_LEFT
6.631073,4.562524,DIR_LEFT,TURN_LEFT
6.631073,4.562524,WANDER,FORWARD
6.618852,4.582429,WANDER,FORWARD
6.602665,4.607687,WANDER,FORWARD
6.586424,4.632910,WANDER,FORWARD
6.570184,4.658134,DIR_RIGHT,TURN_RIGHT
6.566587,4.663719,WANDER,FORWARD
6.557941,4.685417,WANDER,FORWARD
6.547375,4.713494,WANDER,FORWARD
6.536869,4.741595,WANDER,FORWARD
6.526364,4.769695,DIR_RIGHT,TURN_RIGHT
6.524037,4.775917,DIR_RIGHT,TURN_RIGHT
6.524037,4.775917,WANDER,FORWARD
6.525190,4.799246,WANDER,FORWARD
6.527248,4.829175,DIR_RIGHT,TURN_RIGHT
6.527718,4.835801,DIR_RIGHT,TURN_RIGHT
6.527718,4.835801,DIR_RIGHT,TURN_RIGHT
6.527718,4.835801,WANDER,FORWARD
6.542626,4.853782,WANDER,FORWARD
6.562215,4.876503,FOLLOW,FORWARD
6.581853,4.899182,FOLLOW,FORWARD
6.601491,4.921861,DIR_RIGHT,TURN_RIGHT
6.605839,4.926883,WANDER,FORWARD
6.624229,4.941283,DIR_RIGHT,TURN_RIGHT
6.629460,4.945378,DIR_RIGHT,TURN_RIGHT
6.629460,4.945378,FOLLOW,FORWARD
6.652171,4.950833,DIR_RIGHT,TURN_RIGHT
6.658630,4.952384,WANDER,FORWARD
6.681982,4.952885,WANDER,FORWARD
6.711981,4.952949,WANDER,FORWARD
6.741981,4.952949,IDLE,STOP
6.748624,4.952949,IDLE,STOP
6.748624,4.952949,WANDER,FORWARD
6.771981,4.952949,WANDER,FORWARD
6.801981,4.952949,DIR_RIGHT,TURN_RIGHT
6.808624,4.952949,DIR_RIGHT,TURN_RIGHT
6.808624,4.952949,DIR_LEFT,TURN_LEFT
6.808624,4.952949,DIR_RIGHT,TURN_RIGHT
6.808624,4.952949,DIR_RIGHT,TURN_RIGHT
6.808624,4.952949,DIR_RIGHT,TURN_RIGHT
6.808624,4.952949,DIR_LEFT,TURN_LEFT
6.808624,4.952949,DIR_RIGHT,TURN_RIGHT
6.808624,4.952949,WANDER,FORWARD
6.824289,4.935623,WANDER,FORWARD
6.843975,4.912986,DIR_LEFT,TURN_LEFT
6.848323,4.907965,DIR_LEFT,TURN_LEFT
6.848323,4.907965,WANDER,FORWARD
6.869355,4.897805,WANDER,FORWARD
6.896614,4.885280,DIR_LEFT,TURN_LEFT
6.902657,4.882519,DIR_LEFT,TURN_LEFT
6.902657,4.882519,DIR_LEFT,TURN_LEFT
6.902657,4.882519,DIR_LEFT,TURN_LEFT
6.902657,4.882519,WANDER,FORWARD
6.924104,4.891768,WANDER,FORWARD
6.951417,4.904177,FOLLOW,FORWARD
6.978704,4.916644,IDLE,STOP
6.984746,4.919404,WANDER,FORWARD
7.005991,4.929111,FOLLOW,FORWARD
7.033278,4.941578,FOLLOW,FORWARD
7.060565,4.954045,IDLE,STOP
7.066607,4.956806,IDLE,STOP
7.066607,4.956806,WANDER,FORWARD
7.087851,4.966512,WANDER,FORWARD
7.115138,4.978980,DIR_LEFT,TURN_LEFT
7.121180,4.981740,FOLLOW,FORWARD
7.140171,4.995339,FOLLOW,FORWARD
7.164220,5.013271,FOLLOW,FORWARD
7.188232,5.031256,WANDER,FORWARD
7.212243,5.049240,WANDER,FORWARD
7.236255,5.067225,WANDER,FORWARD
7.260267,5.085209,FOLLOW,FORWARD
7.284278,5.103194,DIR_LEFT,TURN_LEFT
7.289595,5.107176,DIR_LEFT,TURN_LEFT
7.289595,5.107176,DIR_LEFT,TURN_LEFT
7.289595,5.107176,DIR_LEFT,TURN_LEFT
7.289595,5.107176,FOLLOW,FORWARD
7.291746,5.130434,DIR_LEFT,TURN_LEFT
7.292358,5.137049,DIR_LEFT,TURN_LEFT
7.292358,5.137049,WANDER,FORWARD
7.284649,5.159097,WANDER,FORWARD
7.274204,5.187219,WANDER,FORWARD
7.263698,5.215320,DIR_RIGHT,TURN_RIGHT
7.261372,5.221542,DIR_RIGHT,TURN_RIGHT
7.261372,5.221542,WANDER,FORWARD
7.262524,5.244871,WANDER,FORWARD
7.264582,5.274799,FOLLOW,FORWARD
7.266705,5.304724,DIR_RIGHT,TURN_RIGHT
7.267174,5.311350,WANDER,FORWARD
7.273261,5.333900,WANDER,FORWARD
7.281637,5.362707,WANDER,FORWARD
7.290074,5.391496,WANDER,FORWARD
7.298511,5.420285,DIR_RIGHT,TURN_RIGHT
7.300379,5.426660,FOLLOW,FORWARD
7.311122,5.447400,WANDER,FORWARD
7.325432,5.473767,DIR_LEFT,TURN_LEFT
7.328613,5.479598,DIR_LEFT,TURN_LEFT
7.328613,5.479598,DIR_RIGHT,TURN_RIGHT
7.328613,5.479598,DIR_RIGHT,TURN_RIGHT
7.328613,5.479598,WANDER,FORWARD
7.339356,5.500338,DIR_LEFT,TURN_LEFT
7.342411,5.506237,WANDER,FORWARD
7.349459,5.528505,WANDER,FORWARD
7.357957,5.557276,DIR_RIGHT,TURN_RIGHT
7.359826,5.563650,IDLE,STOP
7.359826,5.563650,WANDER,FORWARD
7.371011,5.584155,FOLLOW,FORWARD
7.385377,5.610492,DIR_LEFT,TURN_LEFT
7.388558,5.616323,DIR_LEFT,TURN_LEFT
7.388558,5.616323,DIR_LEFT,TURN_LEFT
7.388558,5.616323,WANDER,FORWARD
7.385714,5.639507,WANDER,FORWARD
7.381488,5.669207,WANDER,FORWARD
7.377198,5.698899,WANDER,FORWARD
7.372908,5.728590,WANDER,FORWARD
7.368618,5.758282,WANDER,FORWARD
7.364328,5.787974,WANDER,FORWARD
7.360038,5.817665,WANDER,FORWARD
7.355748,5.847357,WANDER,FORWARD
7.351458,5.877049,WANDER,FORWARD
7.347168,5.906741,WANDER,FORWARD
7.342878,5.936432,WANDER,FORWARD
7.338588,5.966124,WANDER,FORWARD
7.334299,5.995816,IDLE,STOP
7.333349,6.002390,WANDER,FORWARD
7.330009,6.025507,WANDER,FORWARD
7.325719,6.055199,WANDER,FORWARD
7.321429,6.084891,WANDER,FORWARD
7.317139,6.114582,WANDER,FORWARD
7.312849,6.144274,WANDER,FORWARD
7.308559,6.173966,WANDER,FORWARD
7.304269,6.203657,WANDER,FORWARD
7.299979,6.233349,WANDER,FORWARD
7.295689,6.263041,WANDER,FORWARD
7.291399,6.292733,WANDER,FORWARD
7.287109,6.322424,WANDER,FORWARD
7.282819,6.352116,WANDER,FORWARD
7.278529,6.381808,WANDER,FORWARD
7.274240,6.411499,WANDER,FORWARD
7.269950,6.441191,WANDER,FORWARD
7.265660,6.470883,WANDER,FORWARD
7.261370,6.500574,WANDER,FORWARD
7.257080,6.530266,WANDER,FORWARD
7.252790,6.559958,WANDER,FORWARD
7.248500,6.589649,WANDER,FORWARD
7.244210,6.619341,WANDER,FORWARD
7.239920,6.649033,WANDER,FORWARD
7.235630,6.678725,WANDER,FORWARD
7.231340,6.708416,WANDER,FORWARD
7.227050,6.738108,WANDER,FORWARD
7.222760,6.767800,WANDER,FORWARD
7.218471,6.797491,WANDER,FORWARD
7.214181,6.827183,WANDER,FORWARD
7.209891,6.856875,WANDER,FORWARD
7.205601,6.886566,WANDER,FORWARD
7.201311,6.916258,WANDER,FORWARD
7.197021,6.945950,WANDER,FORWARD
7.192731,6.975641,WANDER,FORWARD
7.188441,7.005333,WANDER,FORWARD
7.184151,7.035025,WANDER,FORWARD
7.179861,7.064717,WANDER,FORWARD
7.175571,7.094408,WANDER,FORWARD
7.171281,7.124100,WANDER,FORWARD
7.166991,7.153792,WANDER,FORWARD
7.162702,7.183483,WANDER,FORWARD
7.158412,7.213175,WANDER,FORWARD
7.154122,7.242867,WANDER,FORWARD
7.149832,7.272558,WANDER,FORWARD
7.145542,7.302250,WANDER,FORWARD
7.141252,7.331942,WANDER,FORWARD
7.136962,7.361633,WANDER,FORWARD
7.132672,7.391325,WANDER,FORWARD
7.128382,7.421017,WANDER,FORWARD
7.124092,7.450709,WANDER,FORWARD
7.119802,7.480400,WANDER,FORWARD
7.115512,7.510092,WANDER,FORWARD
7.111222,7.539784,WANDER,FORWARD
7.106932,7.569475,WANDER,FORWARD
7.102643,7.599167,WANDER,FORWARD
7.098353,7.628859,WANDER,FORWARD
7.094063,7.658550,WANDER,FORWARD
7.089773,7.688242,WANDER,FORWARD
7.085483,7.717934,WANDER,FORWARD
7.081193,7.747625,WANDER,FORWARD
7.076903,7.777317,WANDER,FORWARD
7.072613,7.807009,WANDER,FORWARD
7.068323,7.836701,WANDER,FORWARD
7.064033,7.866392,WANDER,FORWARD
7.059743,7.896084,WANDER,FORWARD
7.055453,7.925776,WANDER,FORWARD
7.051163,7.955467,WANDER,FORWARD
7.046874,7.985159,WANDER,FORWARD
7.042584,8.014851,WANDER,FORWARD
7.038294,8.044542,WANDER,FORWARD
7.034004,8.074234,WANDER,FORWARD
7.029714,8.103926,WANDER,FORWARD
7.025424,8.133617,WANDER,FORWARD
7.021134,8.163309,WANDER,FORWARD
7.016844,8.193001,WANDER,FORWARD
7.012554,8.222692,WANDER,FORWARD
7.008264,8.252384,WANDER,FORWARD
7.003974,8.282076,WANDER,FORWARD
6.999684,8.311768,WANDER,FORWARD
6.995394,8.341459,WANDER,FORWARD
6.991105,8.371151,WANDER,FORWARD
6.986815,8.400843,WANDER,FORWARD
6.982525,8.430534,WANDER,FORWARD
6.978235,8.460226,WANDER,FORWARD
6.973945,8.489918,WANDER,FORWARD
6.969655,8.519609,WANDER,FORWARD
6.965365,8.549301,WANDER,FORWARD
6.961075,8.578993,WANDER,FORWARD
6.956785,8.608684,WANDER,FORWARD
6.952495,8.638376,WANDER,FORWARD
6.948205,8.668068,WANDER,FORWARD
6.943915,8.697760,WANDER,FORWARD
6.939625,8.727451,WANDER,FORWARD
6.935335,8.757143,WANDER,FORWARD
6.931046,8.786835,WANDER,FORWARD
6.926756,8.816526,WANDER,FORWARD
6.922466,8.846218,WANDER,FORWARD
6.918176,8.875910,WANDER,FORWARD
6.913886,8.905601,WANDER,FORWARD
6.909596,8.935293,WANDER,FORWARD
6.905306,8.964985,WANDER,FORWARD
6.901016,8.994676,WANDER,FORWARD
6.896726,9.024368,WANDER,FORWARD
6.892436,9.054060,WANDER,FORWARD
6.888146,9.083752,WANDER,FORWARD
6.883856,9.113443,WANDER,FORWARD
6.879566,9.143135,WANDER,FORWARD
6.875277,9.172827,WANDER,FORWARD
6.870987,9.202518,WANDER,FORWARD
6.866697,9.232210,WANDER,FORWARD
6.862407,9.261902,WANDER,FORWARD
6.858117,9.291593,WANDER,FORWARD
6.853827,9.321285,WANDER,FORWARD
6.849537,9.350977,WANDER,FORWARD
6.845247,9.380668,WANDER,FORWARD
6.840957,9.410360,WANDER,FORWARD
6.836667,9.440052,WANDER,FORWARD
6.832377,9.469744,WANDER,FORWARD
6.828087,9.499435,WANDER,FORWARD
6.823797,9.529127,WANDER,FORWARD
6.819508,9.558819,WANDER,FORWARD
6.815218,9.588510,WANDER,FORWARD
6.810928,9.618202,WANDER,FORWARD
6.806638,9.647894,WANDER,FORWARD
6.802348,9.677585,DIR_LEFT,TURN_LEFT
6.801398,9.684160,DIR_LEFT,TURN_LEFT
6.801398,9.684160,DIR_LEFT,TURN_LEFT
6.801398,9.684160,DIR_LEFT,TURN_LEFT
6.801398,9.684160,DIR_LEFT,TURN_LEFT
6.801398,9.684160,DIR_LEFT,TURN_LEFT
6.801398,9.684160,DIR_LEFT,TURN_LEFT
6.801398,9.684160,WANDER,FORWARD
6.778071,9.682963,WANDER,FORWARD
6.748147,9.680848,WANDER,FORWARD
6.718226,9.678670,WANDER,FORWARD
6.688305,9.676491,WANDER,FORWARD
6.658384,9.674312,WANDER,FORWARD
6.628464,9.672133,WANDER,FORWARD
6.598543,9.669954,WANDER,FORWARD
6.568622,9.667775,WANDER,FORWARD
6.538701,9.665596,WANDER,FORWARD
6.508781,9.663417,WANDER,FORWARD
6.478860,9.661239,WANDER,FORWARD
6.448939,9.659060,WANDER,FORWARD
6.419018,9.656881,WANDER,FORWARD
6.389097,9.654702,WANDER,FORWARD
6.359177,9.652523,WANDER,FORWARD
6.329256,9.650344,WANDER,FORWARD
6.299335,9.648165,WANDER,FORWARD
6.269414,9.645986,WANDER,FORWARD
6.239494,9.643808,WANDER,FORWARD
6.209573,9.641629,WANDER,FORWARD
6.179652,9.639450,WANDER,FORWARD
6.149731,9.637271,WANDER,FORWARD
6.119811,9.635092,WANDER,FORWARD
6.089890,9.632913,WANDER,FORWARD
6.059969,9.630734,WANDER,FORWARD
6.030048,9.628555,WANDER,FORWARD
6.000127,9.626377,WANDER,FORWARD
5.970207,9.624198,WANDER,FORWARD
5.940286,9.622019,WANDER,FORWARD
5.910365,9.619840,WANDER,FORWARD
5.880444,9.617661,WANDER,FORWARD
5.850524,9.615482,WANDER,FORWARD
5.820603,9.613303,WANDER,FORWARD
5.790682,9.611125,WANDER,FORWARD
5.760761,9.608946,WANDER,FORWARD
5.730840,9.606767,WANDER,FORWARD
5.700920,9.604588,WANDER,FORWARD
5.670999,9.602409,WANDER,FORWARD
5.641078,9.600230,WANDER,FORWARD
5.611157,9.598051,WANDER,FORWARD
5.581237,9.595872,WANDER,FORWARD
5.551316,9.593694,WANDER,FORWARD
5.521395,9.591515,WANDER,FORWARD
5.491474,9.589336,WANDER,FORWARD
5.461554,9.587157,WANDER,FORWARD
5.431633,9.584978,WANDER,FORWARD
5.401712,9.582799,WANDER,FORWARD
5.371791,9.580620,WANDER,FORWARD
5.341870,9.578441,WANDER,FORWARD
5.311950,9.576263,WANDER,FORWARD
5.282029,9.574084,WANDER,FORWARD
5.252108,9.571905,WANDER,FORWARD
5.222187,9.569726,WANDER,FORWARD
5.192267,9.567547,WANDER,FORWARD
5.162346,9.565368,WANDER,FORWARD
5.132425,9.563189,WANDER,FORWARD
5.102504,9.561010,WANDER,FORWARD
5.072584,9.558832,WANDER,FORWARD
5.042663,9.556653,WANDER,FORWARD
5.012742,9.554474,WANDER,FORWARD
4.982821,9.552295,WANDER,FORWARD
4.952900,9.550116,WANDER,FORWARD
4.922980,9.547937,WANDER,FORWARD
4.893059,9.545758,WANDER,FORWARD
4.863138,9.543580,WANDER,FORWARD
4.833217,9.541401,WANDER,FORWARD
4.803297,9.539222,WANDER,FORWARD
4.773376,9.537043,WANDER,FORWARD
4.743455,9.534864,WANDER,FORWARD
4.713534,9.532685,WANDER,FORWARD
4.683614,9.530506,WANDER,FORWARD
4.653693,9.528327,WANDER,FORWARD
4.623772,9.526149,WANDER,FORWARD
4.593851,9.523970,WANDER,FORWARD
4.563930,9.521791,WANDER,FORWARD
4.534010,9.519612,WANDER,FORWARD
4.504089,9.517433,WANDER,FORWARD
4.474168,9.515254,WANDER,FORWARD
4.444247,9.513075,WANDER,FORWARD
4.414327,9.510896,WANDER,FORWARD
4.384406,9.508718,WANDER,FORWARD
4.354485,9.506539,WANDER,FORWARD
4.324564,9.504360,WANDER,FORWARD
4.294643,9.502181,WANDER,FORWARD
4.264723,9.500002,WANDER,FORWARD
4.234802,9.497823,WANDER,FORWARD
4.204881,9.495644,WANDER,FORWARD
4.174960,9.493465,WANDER,FORWARD
4.145040,9.491287,WANDER,FORWARD
4.115119,9.489108,WANDER,FORWARD
4.085198,9.486929,WANDER,FORWARD
4.055277,9.484750,WANDER,FORWARD
4.025357,9.482571,WANDER,FORWARD
3.995436,9.480392,WANDER,FORWARD
3.965515,9.478213,WANDER,FORWARD
3.935594,9.476034,WANDER,FORWARD
3.905673,9.473856,WANDER,FORWARD
3.875753,9.471677,WANDER,FORWARD
3.845832,9.469498,WANDER,FORWARD
3.815911,9.467319,WANDER,FORWARD
3.785990,9.465140,WANDER,FORWARD
3.756070,9.462961,WANDER,FORWARD
3.726149,9.460782,WANDER,FORWARD
3.696228,9.458604,WANDER,FORWARD
3.666307,9.456425,WANDER,FORWARD
3.636387,9.454246,WANDER,FORWARD
3.606466,9.452067,WANDER,FORWARD
3.576545,9.449888,WANDER,FORWARD
3.546624,9.447709,WANDER,FORWARD
3.516703,9.445530,WANDER,FORWARD
3.486783,9.443351,WANDER,FORWARD
3.456862,9.441173,WANDER,FORWARD
3.426941,9.438994,WANDER,FORWARD
3.397020,9.436815,WANDER,FORWARD
3.367100,9.434636,WANDER,FORWARD
3.337179,9.432457,WANDER,FORWARD
3.307258,9.430278,WANDER,FORWARD
3.277337,9.428099,WANDER,FORWARD
3.247417,9.425920,WANDER,FORWARD
3.217496,9.423742,WANDER,FORWARD
3.187575,9.421563,WANDER,FORWARD
3.157654,9.419384,WANDER,FORWARD
3.127733,9.417205,WANDER,FORWARD
3.097813,9.415026,WANDER,FORWARD
3.067892,9.412847,WANDER,FORWARD
3.037971,9.410668,WANDER,FORWARD
3.008050,9.408489,WANDER,FORWARD
2.978130,9.406311,WANDER,FORWARD
2.948209,9.404132,WANDER,FORWARD
2.918288,9.401953,WANDER,FORWARD
2.888367,9.399774,WANDER,FORWARD
2.858446,9.397595,WANDER,FORWARD
2.828526,9.395416,WANDER,FORWARD
2.798605,9.393237,WANDER,FORWARD
2.768684,9.391059,WANDER,FORWARD
2.738763,9.388880,WANDER,FORWARD
2.708843,9.386701,WANDER,FORWARD
2.678922,9.384522,WANDER,FORWARD
2.649001,9.382343,WANDER,FORWARD
2.619080,9.380164,WANDER,FORWARD
2.589160,9.377985,WANDER,FORWARD
2.559239,9.375806,WANDER,FORWARD
2.529318,9.373628,WANDER,FORWARD
2.499397,9.371449,WANDER,FORWARD
