0.000000,1.300000,NO_TARGET_TO_FOLLOW,WANDER
0.016679,1.300000,TARGET_FOLLOW,FOLLOW
0.054832,1.300000,OBSTACLE_AND_TARGET_DETECTED,AVOID
0.070435,1.301029,OBSTACLE_AND_TARGET_DETECTED,AVOID
0.075685,1.305534,OBSTACLE_AND_TARGET_DETECTED,AVOID
0.077459,1.312194,TARGET_FOLLOW,FOLLOW
0.066062,1.341397,TARGET_FOLLOW,FOLLOW
0.064378,1.380838,TARGET_FOLLOW,FOLLOW
0.078294,1.417512,TARGET_FOLLOW,FOLLOW
0.101544,1.447772,TARGET_FOLLOW,FOLLOW
0.128477,1.471819,OBSTACLE_AND_TARGET_DETECTED,AVOID
0.138910,1.479956,OBSTACLE_AND_TARGET_DETECTED,AVOID
0.142215,1.486097,TARGET_FOLLOW,FOLLOW
0.138530,1.513749,TARGET_FOLLOW,FOLLOW
0.145076,1.546661,TARGET_FOLLOW,FOLLOW
0.163423,1.573683,TARGET_FOLLOW,FOLLOW
0.187188,1.593173,TARGET_FOLLOW,FOLLOW
0.211808,1.606884,TARGET_FOLLOW,FOLLOW
0.235471,1.616639,OBSTACLE_AND_TARGET_DETECTED,AVOID
0.244798,1.619878,OBSTACLE_AND_TARGET_DETECTED,AVOID
0.251683,1.618529,OBSTACLE_AND_TARGET_DETECTED,AVOID
0.262151,1.620725,OBSTACLE_AND_TARGET_DETECTED,AVOID
0.275522,1.617899,OBSTACLE_AND_TARGET_DETECTED,AVOID
0.286632,1.619918,OBSTACLE_AND_TARGET_DETECTED,AVOID
0.300312,1.617013,OBSTACLE_AND_TARGET_DETECTED,AVOID
0.310427,1.618773,OBSTACLE_AND_TARGET_DETECTED,AVOID
0.318099,1.626530,OBSTACLE_AND_TARGET_DETECTED,AVOID
0.328210,1.630878,OBSTACLE_AND_TARGET_DETECTED,AVOID
0.342303,1.627987,OBSTACLE_AND_TARGET_DETECTED,AVOID
0.353019,1.629868,OBSTACLE_AND_TARGET_DETECTED,AVOID
0.357445,1.633929,TARGET_FOLLOW,FOLLOW
0.360078,1.651496,TARGET_FOLLOW,FOLLOW
0.369877,1.669215,OBSTACLE_AND_TARGET_DETECTED,AVOID
0.376627,1.675401,TARGET_FOLLOW,FOLLOW
0.385121,1.692170,OBSTACLE_AND_TARGET_DETECTED,AVOID
0.390635,1.699050,TARGET_FOLLOW,FOLLOW
0.396653,1.717847,OBSTACLE_AND_TARGET_DETECTED,AVOID
0.401419,1.725453,OBSTACLE_AND_TARGET_DETECTED,AVOID
0.408118,1.727710,OBSTACLE_AND_TARGET_DETECTED,AVOID
0.413446,1.732247,OBSTACLE_AND_TARGET_DETECTED,AVOID
0.420192,1.734448,OBSTACLE_AND_TARGET_DETECTED,AVOID
0.425519,1.738986,OBSTACLE_AND_TARGET_DETECTED,AVOID
0.438200,1.742825,OBSTACLE_AND_TARGET_DETECTED,AVOID
0.444170,1.747529,OBSTACLE_AND_TARGET_DETECTED,AVOID
0.456884,1.751376,OBSTACLE_AND_TARGET_DETECTED,AVOID
0.467348,1.760291,OBSTACLE_AND_TARGET_DETECTED,AVOID
0.481268,1.764801,OBSTACLE_AND_TARGET_DETECTED,AVOID
0.493597,1.775413,OBSTACLE_AND_TARGET_DETECTED,AVOID
0.502505,1.778735,OBSTACLE_AND_TARGET_DETECTED,AVOID
0.514433,1.789296,OBSTACLE_AND_TARGET_DETECTED,AVOID
0.529169,1.794178,OBSTACLE_AND_TARGET_DETECTED,AVOID
0.545584,1.808352,OBSTACLE_AND_TARGET_DETECTED,AVOID
0.561526,1.814075,OBSTACLE_AND_TARGET_DETECTED,AVOID
0.573924,1.824652,OBSTACLE_AND_TARGET_DETECTED,AVOID
0.580073,1.847001,OBSTACLE_AND_TARGET_DETECTED,AVOID
0.577905,1.857776,OBSTACLE_AND_TARGET_DETECTED,AVOID
0.572271,1.862027,TARGET_FOLLOW,FOLLOW
0.547640,1.861976,OBSTACLE_AND_TARGET_DETECTED,AVOID
0.537644,1.858384,TARGET_FOLLOW,FOLLOW
0.527539,1.831463,OBSTACLE_AND_TARGET_DETECTED,AVOID
0.526154,1.818655,TARGET_FOLLOW,FOLLOW
0.517981,1.790411,TARGET_FOLLOW,FOLLOW
0.519215,1.755057,OBSTACLE_AND_TARGET_DETECTED,AVOID
0.523887,1.740054,OBSTACLE_AND_TARGET_DETECTED,AVOID
0.524119,1.732549,OBSTACLE_AND_TARGET_DETECTED,AVOID
0.516408,1.721636,TARGET_FOLLOW,FOLLOW
0.488058,1.710659,OBSTACLE_AND_TARGET_DETECTED,AVOID
0.477136,1.704309,TARGET_FOLLOW,FOLLOW
0.447901,1.693839,OBSTACLE_AND_TARGET_DETECTED,AVOID
0.435525,1.687129,OBSTACLE_AND_TARGET_DETECTED,AVOID
0.432984,1.674189,OBSTACLE_AND_TARGET_DETECTED,AVOID
0.435492,1.666990,TARGET_FOLLOW,FOLLOW
0.435801,1.666343,TARGET_FOLLOW,FOLLOW
0.435804,1.666341,TARGET_FOLLOW,FOLLOW
0.435808,1.666339,TARGET_FOLLOW,FOLLOW
0.435812,1.666337,TARGET_FOLLOW,FOLLOW
0.435815,1.666335,TARGET_FOLLOW,FOLLOW
0.435819,1.666332,TARGET_FOLLOW,FOLLOW
0.435822,1.666330,TARGET_FOLLOW,FOLLOW
0.435826,1.666328,TARGET_FOLLOW,FOLLOW
0.435829,1.666325,TARGET_FOLLOW,FOLLOW
0.435833,1.666323,TARGET_FOLLOW,FOLLOW
0.435836,1.666320,TARGET_FOLLOW,FOLLOW
0.435840,1.666318,TARGET_FOLLOW,FOLLOW
0.435843,1.666316,TARGET_FOLLOW,FOLLOW
0.435847,1.666313,TARGET_FOLLOW,FOLLOW
0.435850,1.666311,TARGET_FOLLOW,FOLLOW
0.435854,1.666308,TARGET_FOLLOW,FOLLOW
0.435857,1.666306,TARGET_FOLLOW,FOLLOW
0.435861,1.666304,TARGET_FOLLOW,FOLLOW
0.435864,1.666301,TARGET_FOLLOW,FOLLOW
0.435868,1.666299,TARGET_FOLLOW,FOLLOW
0.435871,1.666296,TARGET_FOLLOW,FOLLOW
0.435875,1.666294,TARGET_FOLLOW,FOLLOW
0.435878,1.666291,TARGET_FOLLOW,FOLLOW
0.437532,1.665115,TARGET_FOLLOW,FOLLOW
0.439437,1.663749,TARGET_FOLLOW,FOLLOW
0.441418,1.662318,TARGET_FOLLOW,FOLLOW
0.443480,1.660818,TARGET_FOLLOW,FOLLOW
0.445626,1.659248,TARGET_FOLLOW,FOLLOW
0.447860,1.657608,TARGET_FOLLOW,FOLLOW
0.450204,1.655880,TARGET_FOLLOW,FOLLOW
0.452620,1.654096,TARGET_FOLLOW,FOLLOW
0.455107,1.652249,TARGET_FOLLOW,FOLLOW
0.457675,1.650325,TARGET_FOLLOW,FOLLOW
0.460332,1.648318,TARGET_FOLLOW,FOLLOW
0.463093,1.646216,TARGET_FOLLOW,FOLLOW
0.465914,1.644054,TARGET_FOLLOW,FOLLOW
0.468798,1.641824,TARGET_FOLLOW,FOLLOW
0.471763,1.639505,TARGET_FOLLOW,FOLLOW
0.474819,1.637087,TARGET_FOLLOW,FOLLOW
0.477969,1.634571,TARGET_FOLLOW,FOLLOW
0.481171,1.631994,TARGET_FOLLOW,FOLLOW
0.484432,1.629341,TARGET_FOLLOW,FOLLOW
0.487774,1.626588,TARGET_FOLLOW,FOLLOW
0.491208,1.623725,TARGET_FOLLOW,FOLLOW
0.494742,1.620748,TARGET_FOLLOW,FOLLOW
0.498377,1.617658,TARGET_FOLLOW,FOLLOW
0.502115,1.614459,TARGET_FOLLOW,FOLLOW
0.505957,1.611151,TARGET_FOLLOW,FOLLOW
0.509901,1.607739,TARGET_FOLLOW,FOLLOW
0.513918,1.604248,TARGET_FOLLOW,FOLLOW
0.517975,1.600709,TARGET_FOLLOW,FOLLOW
0.522079,1.597101,TARGET_FOLLOW,FOLLOW
0.526251,1.593394,TARGET_FOLLOW,FOLLOW
0.530501,1.589574,TARGET_FOLLOW,FOLLOW
0.534835,1.585639,TARGET_FOLLOW,FOLLOW
0.539254,1.581590,TARGET_FOLLOW,FOLLOW
0.543758,1.577431,TARGET_FOLLOW,FOLLOW
0.548346,1.573167,TARGET_FOLLOW,FOLLOW
0.552964,1.568850,TARGET_FOLLOW,FOLLOW
0.557585,1.564508,OBSTACLE_AND_TARGET_DETECTED,AVOID
0.562615,1.559739,TARGET_FOLLOW,FOLLOW
0.564656,1.553645,TARGET_FOLLOW,FOLLOW
0.567081,1.547492,TARGET_FOLLOW,FOLLOW
0.570514,1.541653,TARGET_FOLLOW,FOLLOW
0.574631,1.536092,TARGET_FOLLOW,FOLLOW
0.579171,1.530707,TARGET_FOLLOW,FOLLOW
0.583984,1.525409,TARGET_FOLLOW,FOLLOW
0.588910,1.520209,TARGET_FOLLOW,FOLLOW
0.593879,1.515088,TARGET_FOLLOW,FOLLOW
0.598880,1.509975,TARGET_FOLLOW,FOLLOW
0.603926,1.504804,TARGET_FOLLOW,FOLLOW
0.609022,1.499544,OBSTACLE_AND_TARGET_DETECTED,AVOID
0.613900,1.494467,TARGET_FOLLOW,FOLLOW
0.615813,1.487568,TARGET_FOLLOW,FOLLOW
0.618188,1.480614,TARGET_FOLLOW,FOLLOW
0.621665,1.474003,OBSTACLE_AND_TARGET_DETECTED,AVOID
0.625564,1.468146,TARGET_FOLLOW,FOLLOW
0.626384,1.460725,TARGET_FOLLOW,FOLLOW
0.628039,1.453251,TARGET_FOLLOW,FOLLOW
0.631145,1.446172,TARGET_FOLLOW,FOLLOW
0.635194,1.439455,TARGET_FOLLOW,FOLLOW
0.639712,1.433097,TARGET_FOLLOW,FOLLOW
0.644450,1.427010,TARGET_FOLLOW,FOLLOW
0.649323,1.421029,TARGET_FOLLOW,FOLLOW
0.654307,1.415025,OBSTACLE_AND_TARGET_DETECTED,AVOID
0.658833,1.409595,TARGET_FOLLOW,FOLLOW
0.660353,1.401986,TARGET_FOLLOW,FOLLOW
0.662431,1.394288,TARGET_FOLLOW,FOLLOW
0.665726,1.386946,TARGET_FOLLOW,FOLLOW
0.669837,1.379883,TARGET_FOLLOW,FOLLOW
0.674338,1.373133,TARGET_FOLLOW,FOLLOW
0.679031,1.366606,TARGET_FOLLOW,FOLLOW
0.683848,1.360145,TARGET_FOLLOW,FOLLOW
0.688771,1.353625,TARGET_FOLLOW,FOLLOW
0.693655,1.347162,TARGET_FOLLOW,FOLLOW
0.698494,1.340737,OBSTACLE_AND_TARGET_DETECTED,AVOID
0.702729,1.335056,TARGET_FOLLOW,FOLLOW
0.703855,1.327047,TARGET_FOLLOW,FOLLOW
0.705570,1.318687,TARGET_FOLLOW,FOLLOW
0.708628,1.310496,OBSTACLE_AND_TARGET_DETECTED,AVOID
0.711824,1.304057,TARGET_FOLLOW,FOLLOW
0.711629,1.295172,TARGET_FOLLOW,FOLLOW
0.712535,1.285798,TARGET_FOLLOW,FOLLOW
0.715278,1.276833,TARGET_FOLLOW,FOLLOW
0.719194,1.268372,TARGET_FOLLOW,FOLLOW
0.723771,1.260268,TARGET_FOLLOW,FOLLOW
0.728613,1.252537,TARGET_FOLLOW,FOLLOW
0.733546,1.245090,TARGET_FOLLOW,FOLLOW
0.738530,1.237746,OBSTACLE_AND_TARGET_DETECTED,AVOID
0.742572,1.231819,TARGET_FOLLOW,FOLLOW
0.743413,1.222970,TARGET_FOLLOW,FOLLOW
0.744968,1.213705,TARGET_FOLLOW,FOLLOW
0.748026,1.204654,OBSTACLE_AND_TARGET_DETECTED,AVOID
0.751051,1.198088,TARGET_FOLLOW,FOLLOW
0.750553,1.188543,TARGET_FOLLOW,FOLLOW
0.751295,1.178161,TARGET_FOLLOW,FOLLOW
0.754107,1.168133,TARGET_FOLLOW,FOLLOW
0.758205,1.158671,TARGET_FOLLOW,FOLLOW
0.763022,1.149615,TARGET_FOLLOW,FOLLOW
0.768121,1.141007,TARGET_FOLLOW,FOLLOW
0.773339,1.132711,TARGET_FOLLOW,FOLLOW
0.778618,1.124542,OBSTACLE_AND_TARGET_DETECTED,AVOID
0.785945,1.113288,TARGET_FOLLOW,FOLLOW
0.786982,1.103564,TARGET_FOLLOW,FOLLOW
0.788385,1.093994,TARGET_FOLLOW,FOLLOW
0.791348,1.084613,OBSTACLE_AND_TARGET_DETECTED,AVOID
0.794263,1.077944,TARGET_FOLLOW,FOLLOW
0.793596,1.068539,TARGET_FOLLOW,FOLLOW
0.794089,1.058601,TARGET_FOLLOW,FOLLOW
0.796573,1.048807,TARGET_FOLLOW,FOLLOW
0.800269,1.039582,OBSTACLE_AND_TARGET_DETECTED,AVOID
0.803488,1.033064,TARGET_FOLLOW,FOLLOW
0.803189,1.023491,TARGET_FOLLOW,FOLLOW
0.803936,1.013354,TARGET_FOLLOW,FOLLOW
0.806581,1.003359,OBSTACLE_AND_TARGET_DETECTED,AVOID
0.809301,0.996526,TARGET_FOLLOW,FOLLOW
0.808233,0.986236,TARGET_FOLLOW,FOLLOW
0.808546,0.975208,TARGET_FOLLOW,FOLLOW
0.811165,0.964353,TARGET_FOLLOW,FOLLOW
0.815195,0.954200,OBSTACLE_AND_TARGET_DETECTED,AVOID
0.818473,0.947599,TARGET_FOLLOW,FOLLOW
0.818162,0.937162,TARGET_FOLLOW,FOLLOW
0.819042,0.926417,TARGET_FOLLOW,FOLLOW
0.821881,0.916222,OBSTACLE_AND_TARGET_DETECTED,AVOID
0.824710,0.909398,TARGET_FOLLOW,FOLLOW
0.823794,0.899130,TARGET_FOLLOW,FOLLOW
0.824216,0.888144,TARGET_FOLLOW,FOLLOW
0.826888,0.877318,OBSTACLE_AND_TARGET_DETECTED,AVOID
0.829582,0.870431,TARGET_FOLLOW,FOLLOW
0.828380,0.859356,TARGET_FOLLOW,FOLLOW
0.828765,0.847402,TARGET_FOLLOW,FOLLOW
0.831616,0.836004,TARGET_FOLLOW,FOLLOW
0.836027,0.825294,TARGET_FOLLOW,FOLLOW
0.841299,0.815095,TARGET_FOLLOW,FOLLOW
0.846871,0.805500,TARGET_FOLLOW,FOLLOW
0.852544,0.796330,TARGET_FOLLOW,FOLLOW
0.858269,0.787328,OBSTACLE_AND_TARGET_DETECTED,AVOID
0.862238,0.781125,TARGET_FOLLOW,FOLLOW
0.862866,0.770532,TARGET_FOLLOW,FOLLOW
0.864417,0.759315,OBSTACLE_AND_TARGET_DETECTED,AVOID
0.866526,0.752221,TARGET_FOLLOW,FOLLOW
0.866740,0.751554,TARGET_FOLLOW,FOLLOW
0.869550,0.741381,TARGET_FOLLOW,FOLLOW
0.874353,0.730621,TARGET_FOLLOW,FOLLOW
0.879685,0.720699,TARGET_FOLLOW,FOLLOW
0.885388,0.710969,TARGET_FOLLOW,FOLLOW
0.891130,0.701618,TARGET_FOLLOW,FOLLOW
0.896963,0.692376,OBSTACLE_AND_TARGET_DETECTED,AVOID
0.900921,0.686160,TARGET_FOLLOW,FOLLOW
0.901528,0.675584,TARGET_FOLLOW,FOLLOW
0.903042,0.664734,TARGET_FOLLOW,FOLLOW
0.906377,0.654107,TARGET_FOLLOW,FOLLOW
0.910970,0.643708,TARGET_FOLLOW,FOLLOW
0.916099,0.633896,TARGET_FOLLOW,FOLLOW
0.921354,0.624728,TARGET_FOLLOW,FOLLOW
0.926610,0.615992,TARGET_FOLLOW,FOLLOW
0.931748,0.607668,TARGET_FOLLOW,FOLLOW
0.937124,0.599041,OBSTACLE_AND_TARGET_DETECTED,AVOID
0.940985,0.592846,TARGET_FOLLOW,FOLLOW
0.941486,0.581755,TARGET_FOLLOW,FOLLOW
0.942937,0.570347,TARGET_FOLLOW,FOLLOW
0.946278,0.559159,OBSTACLE_AND_TARGET_DETECTED,AVOID
0.949135,0.552283,TARGET_FOLLOW,FOLLOW
0.947987,0.540277,TARGET_FOLLOW,FOLLOW
0.948411,0.527125,TARGET_FOLLOW,FOLLOW
0.951509,0.514036,TARGET_FOLLOW,FOLLOW
0.956424,0.501342,TARGET_FOLLOW,FOLLOW
0.962164,0.489575,TARGET_FOLLOW,FOLLOW
0.968462,0.478223,TARGET_FOLLOW,FOLLOW
0.975122,0.467002,TARGET_FOLLOW,FOLLOW
0.981999,0.455794,TARGET_FOLLOW,FOLLOW
0.988993,0.444576,TARGET_FOLLOW,FOLLOW
0.996039,0.433371,TARGET_FOLLOW,FOLLOW
1.002828,0.422634,TARGET_FOLLOW,FOLLOW
1.009544,0.412062,TARGET_FOLLOW,FOLLOW
1.016243,0.401493,TARGET_FOLLOW,FOLLOW
1.022926,0.390882,TARGET_FOLLOW,FOLLOW
1.029581,0.380244,TARGET_FOLLOW,FOLLOW
1.036204,0.369617,TARGET_FOLLOW,FOLLOW
1.042575,0.359388,TARGET_FOLLOW,FOLLOW
1.048914,0.349224,TARGET_FOLLOW,FOLLOW
1.055301,0.338955,TARGET_FOLLOW,FOLLOW
1.061454,0.328999,TARGET_FOLLOW,FOLLOW
1.067545,0.319096,TARGET_FOLLOW,FOLLOW
1.073653,0.309066,OBSTACLE_AND_TARGET_DETECTED,AVOID
1.077516,0.302647,OBSTACLE_AND_TARGET_DETECTED,AVOID
1.083516,0.299067,TARGET_FOLLOW,FOLLOW
1.084147,0.298737,TARGET_FOLLOW,FOLLOW
1.084151,0.298738,TARGET_FOLLOW,FOLLOW
1.084155,0.298739,TARGET_FOLLOW,FOLLOW
1.084159,0.298740,TARGET_FOLLOW,FOLLOW
1.084163,0.298742,TARGET_FOLLOW,FOLLOW
1.084167,0.298743,TARGET_FOLLOW,FOLLOW
1.084171,0.298744,TARGET_FOLLOW,FOLLOW
1.084175,0.298746,TARGET_FOLLOW,FOLLOW
1.084179,0.298747,TARGET_FOLLOW,FOLLOW
1.084183,0.298748,TARGET_FOLLOW,FOLLOW
1.084187,0.298749,TARGET_FOLLOW,FOLLOW
1.084191,0.298750,TARGET_FOLLOW,FOLLOW
1.084196,0.298751,TARGET_FOLLOW,FOLLOW
1.084200,0.298751,TARGET_FOLLOW,FOLLOW
1.084204,0.298752,TARGET_FOLLOW,FOLLOW
1.084208,0.298753,TARGET_FOLLOW,FOLLOW
1.084212,0.298753,TARGET_FOLLOW,FOLLOW
1.084216,0.298754,TARGET_FOLLOW,FOLLOW
1.084221,0.298754,TARGET_FOLLOW,FOLLOW
1.084225,0.298755,TARGET_FOLLOW,FOLLOW
1.084229,0.298755,TARGET_FOLLOW,FOLLOW
1.084233,0.298755,TARGET_FOLLOW,FOLLOW
1.084238,0.298755,TARGET_FOLLOW,FOLLOW
1.084242,0.298755,TARGET_FOLLOW,FOLLOW
1.084246,0.298755,TARGET_FOLLOW,FOLLOW
1.084250,0.298755,TARGET_FOLLOW,FOLLOW
1.084255,0.298755,TARGET_FOLLOW,FOLLOW
1.084259,0.298755,TARGET_FOLLOW,FOLLOW
1.084263,0.298755,TARGET_FOLLOW,FOLLOW
1.084267,0.298754,TARGET_FOLLOW,FOLLOW
1.084271,0.298754,TARGET_FOLLOW,FOLLOW
1.084276,0.298754,TARGET_FOLLOW,FOLLOW
1.084280,0.298753,TARGET_FOLLOW,FOLLOW
1.084284,0.298753,TARGET_FOLLOW,FOLLOW
1.084288,0.298752,TARGET_FOLLOW,FOLLOW
1.086221,0.298469,TARGET_FOLLOW,FOLLOW
1.088428,0.298123,TARGET_FOLLOW,FOLLOW
1.090696,0.297741,TARGET_FOLLOW,FOLLOW
1.093025,0.297324,TARGET_FOLLOW,FOLLOW
1.095415,0.296868,TARGET_FOLLOW,FOLLOW
1.097865,0.296375,TARGET_FOLLOW,FOLLOW
1.100377,0.295844,TARGET_FOLLOW,FOLLOW
1.102949,0.295273,TARGET_FOLLOW,FOLLOW
1.105581,0.294662,TARGET_FOLLOW,FOLLOW
1.108275,0.294010,TARGET_FOLLOW,FOLLOW
1.111029,0.293317,TARGET_FOLLOW,FOLLOW
1.113842,0.292583,TARGET_FOLLOW,FOLLOW
1.116710,0.291807,TARGET_FOLLOW,FOLLOW
1.119633,0.290990,TARGET_FOLLOW,FOLLOW
1.122610,0.290132,TARGET_FOLLOW,FOLLOW
1.125641,0.289232,TARGET_FOLLOW,FOLLOW
1.128725,0.288291,TARGET_FOLLOW,FOLLOW
1.131863,0.287307,TARGET_FOLLOW,FOLLOW
1.135056,0.286281,TARGET_FOLLOW,FOLLOW
1.138300,0.285212,TARGET_FOLLOW,FOLLOW
1.141594,0.284102,TARGET_FOLLOW,FOLLOW
1.144937,0.282950,TARGET_FOLLOW,FOLLOW
1.148329,0.281756,TARGET_FOLLOW,FOLLOW
1.151774,0.280519,TARGET_FOLLOW,FOLLOW
1.155272,0.279238,TARGET_FOLLOW,FOLLOW
1.158825,0.277913,TARGET_FOLLOW,FOLLOW
1.162428,0.276544,TARGET_FOLLOW,FOLLOW
1.166080,0.275132,TARGET_FOLLOW,FOLLOW
1.169781,0.273678,TARGET_FOLLOW,FOLLOW
1.173532,0.272181,TARGET_FOLLOW,FOLLOW
1.177336,0.270638,TARGET_FOLLOW,FOLLOW
1.181193,0.269051,TARGET_FOLLOW,FOLLOW
1.185100,0.267421,TARGET_FOLLOW,FOLLOW
1.189055,0.265748,TARGET_FOLLOW,FOLLOW
1.193057,0.264033,TARGET_FOLLOW,FOLLOW
1.197111,0.262274,TARGET_FOLLOW,FOLLOW
1.201219,0.260469,TARGET_FOLLOW,FOLLOW
1.205381,0.258620,TARGET_FOLLOW,FOLLOW
1.209595,0.256727,TARGET_FOLLOW,FOLLOW
1.213858,0.254791,TARGET_FOLLOW,FOLLOW
1.218170,0.252813,TARGET_FOLLOW,FOLLOW
1.222536,0.250791,TARGET_FOLLOW,FOLLOW
1.226981,0.248712,TARGET_FOLLOW,FOLLOW
1.231433,0.246612,NO_TARGET_TO_FOLLOW,WANDER
1.247558,0.238894,TARGET_FOLLOW,FOLLOW
1.257274,0.234237,OBSTACLE_DETECTED,AVOID
1.270676,0.235049,NO_TARGET_TO_FOLLOW,WANDER
1.272574,0.235234,OBSTACLE_DETECTED,AVOID
1.278740,0.234048,TARGET_FOLLOW,FOLLOW
1.281244,0.232367,TARGET_FOLLOW,FOLLOW
1.283379,0.230525,TARGET_FOLLOW,FOLLOW
1.285785,0.228665,TARGET_FOLLOW,FOLLOW
1.288455,0.226764,TARGET_FOLLOW,FOLLOW
1.291497,0.224699,TARGET_FOLLOW,FOLLOW
1.294695,0.222585,TARGET_FOLLOW,FOLLOW
1.295019,0.222371,OBSTACLE_AND_TARGET_DETECTED,AVOID
1.301296,0.222159,NO_TARGET_TO_FOLLOW,WANDER
1.317248,0.213584,NO_TARGET_TO_FOLLOW,WANDER
1.334058,0.202755,NO_TARGET_TO_FOLLOW,WANDER
1.350805,0.191822,TARGET_FOLLOW,FOLLOW
1.354908,0.189144,TARGET_FOLLOW,FOLLOW
1.356990,0.187660,TARGET_FOLLOW,FOLLOW
1.359283,0.185882,TARGET_FOLLOW,FOLLOW
1.361805,0.183813,TARGET_FOLLOW,FOLLOW
1.364435,0.181585,TARGET_FOLLOW,FOLLOW
1.367150,0.179245,TARGET_FOLLOW,FOLLOW
1.367426,0.179007,OBSTACLE_AND_TARGET_DETECTED,AVOID
1.373615,0.177922,NO_TARGET_TO_FOLLOW,WANDER
1.388217,0.167208,NO_TARGET_TO_FOLLOW,WANDER
1.403355,0.154143,NO_TARGET_TO_FOLLOW,WANDER
1.418416,0.140983,TARGET_FOLLOW,FOLLOW
1.422324,0.137569,TARGET_FOLLOW,FOLLOW
1.424628,0.135341,TARGET_FOLLOW,FOLLOW
1.427317,0.132499,TARGET_FOLLOW,FOLLOW
1.430394,0.129072,TARGET_FOLLOW,FOLLOW
1.433865,0.125128,TARGET_FOLLOW,FOLLOW
1.437725,0.120748,TARGET_FOLLOW,FOLLOW
1.441966,0.116012,TARGET_FOLLOW,FOLLOW
1.446576,0.110987,TARGET_FOLLOW,FOLLOW
1.451528,0.105745,TARGET_FOLLOW,FOLLOW
1.456794,0.100339,TARGET_FOLLOW,FOLLOW
1.462354,0.094808,TARGET_FOLLOW,FOLLOW
1.468187,0.089181,TARGET_FOLLOW,FOLLOW
1.474277,0.083484,TARGET_FOLLOW,FOLLOW
1.480604,0.077738,TARGET_FOLLOW,FOLLOW
1.486903,0.072180,TARGET_FOLLOW,FOLLOW
1.493493,0.066508,TARGET_FOLLOW,FOLLOW
1.500400,0.060668,TARGET_FOLLOW,FOLLOW
1.507559,0.054698,TARGET_FOLLOW,FOLLOW
1.514912,0.048648,TARGET_FOLLOW,FOLLOW
1.522402,0.042579,TARGET_FOLLOW,FOLLOW
1.529994,0.036532,TARGET_FOLLOW,FOLLOW
1.537671,0.030530,TARGET_FOLLOW,FOLLOW
1.545429,0.024586,TARGET_FOLLOW,FOLLOW
1.553270,0.018704,TARGET_FOLLOW,FOLLOW
1.561197,0.012885,TARGET_FOLLOW,FOLLOW
1.569215,0.007129,TARGET_FOLLOW,FOLLOW
1.577326,0.001438,TARGET_FOLLOW,FOLLOW
1.585528,-0.004188,TARGET_FOLLOW,FOLLOW
1.593800,-0.009733,TARGET_FOLLOW,FOLLOW
1.602137,-0.015198,TARGET_FOLLOW,FOLLOW
1.610541,-0.020587,TARGET_FOLLOW,FOLLOW
1.618993,-0.025892,TARGET_FOLLOW,FOLLOW
1.627487,-0.031111,TARGET_FOLLOW,FOLLOW
1.636028,-0.036251,TARGET_FOLLOW,FOLLOW
1.644623,-0.041320,TARGET_FOLLOW,FOLLOW
1.653281,-0.046322,TARGET_FOLLOW,FOLLOW
1.662004,-0.051261,TARGET_FOLLOW,FOLLOW
1.670795,-0.056137,TARGET_FOLLOW,FOLLOW
1.679652,-0.060952,TARGET_FOLLOW,FOLLOW
1.688552,-0.065693,TARGET_FOLLOW,FOLLOW
1.697491,-0.070362,TARGET_FOLLOW,FOLLOW
1.706475,-0.074964,TARGET_FOLLOW,FOLLOW
1.715485,-0.079492,TARGET_FOLLOW,FOLLOW
1.724517,-0.083948,OBSTACLE_AND_TARGET_DETECTED,AVOID
1.731091,-0.087134,OBSTACLE_AND_TARGET_DETECTED,AVOID
1.735182,-0.092761,TARGET_FOLLOW,FOLLOW
1.735435,-0.097964,TARGET_FOLLOW,FOLLOW
1.732694,-0.102187,TARGET_FOLLOW,FOLLOW
1.721626,-0.106311,TARGET_FOLLOW,FOLLOW
1.711342,-0.116389,TARGET_FOLLOW,FOLLOW
1.708046,-0.132271,TARGET_FOLLOW,FOLLOW
1.713790,-0.148656,TARGET_FOLLOW,FOLLOW
1.725198,-0.162044,TARGET_FOLLOW,FOLLOW
1.739065,-0.172233,TARGET_FOLLOW,FOLLOW
1.753694,-0.180020,OBSTACLE_AND_TARGET_DETECTED,AVOID
1.761026,-0.183193,OBSTACLE_AND_TARGET_DETECTED,AVOID
1.765482,-0.188528,TARGET_FOLLOW,FOLLOW
1.766053,-0.192820,TARGET_FOLLOW,FOLLOW
1.764068,-0.196388,TARGET_FOLLOW,FOLLOW
1.748347,-0.203409,TARGET_FOLLOW,FOLLOW
1.733450,-0.219914,TARGET_FOLLOW,FOLLOW
1.729612,-0.244596,TARGET_FOLLOW,FOLLOW
1.740353,-0.269017,TARGET_FOLLOW,FOLLOW
1.760069,-0.287223,TARGET_FOLLOW,FOLLOW
1.782690,-0.299277,TARGET_FOLLOW,FOLLOW
1.805408,-0.307092,TARGET_FOLLOW,FOLLOW
1.827195,-0.312235,TARGET_FOLLOW,FOLLOW
1.847808,-0.315762,TARGET_FOLLOW,FOLLOW
1.867303,-0.318324,TARGET_FOLLOW,FOLLOW
1.885816,-0.320305,TARGET_FOLLOW,FOLLOW
1.903485,-0.321935,TARGET_FOLLOW,FOLLOW
1.920428,-0.323346,TARGET_FOLLOW,FOLLOW
1.936740,-0.324619,TARGET_FOLLOW,FOLLOW
1.952500,-0.325802,OBSTACLE_AND_TARGET_DETECTED,AVOID
1.960350,-0.326381,TARGET_FOLLOW,FOLLOW
1.972424,-0.334457,TARGET_FOLLOW,FOLLOW
1.985987,-0.341909,TARGET_FOLLOW,FOLLOW
2.000332,-0.346952,TARGET_FOLLOW,FOLLOW
2.014853,-0.350253,TARGET_FOLLOW,FOLLOW
2.029245,-0.352472,TARGET_FOLLOW,FOLLOW
2.043366,-0.354036,TARGET_FOLLOW,FOLLOW
2.057202,-0.355211,TARGET_FOLLOW,FOLLOW
2.070781,-0.356163,TARGET_FOLLOW,FOLLOW
2.084136,-0.356987,TARGET_FOLLOW,FOLLOW
2.097287,-0.357744,TARGET_FOLLOW,FOLLOW
2.110251,-0.358469,TARGET_FOLLOW,FOLLOW
2.123006,-0.359181,TARGET_FOLLOW,FOLLOW
2.135577,-0.359893,TARGET_FOLLOW,FOLLOW
2.148003,-0.360615,TARGET_FOLLOW,FOLLOW
2.160271,-0.361352,TARGET_FOLLOW,FOLLOW
2.172402,-0.362106,TARGET_FOLLOW,FOLLOW
2.184429,-0.362882,TARGET_FOLLOW,FOLLOW
2.196377,-0.363682,TARGET_FOLLOW,FOLLOW
2.208260,-0.364508,TARGET_FOLLOW,FOLLOW
2.220081,-0.365360,TARGET_FOLLOW,FOLLOW
2.231838,-0.366238,TARGET_FOLLOW,FOLLOW
2.243496,-0.367140,TARGET_FOLLOW,FOLLOW
2.255061,-0.368066,TARGET_FOLLOW,FOLLOW
2.266542,-0.369017,TARGET_FOLLOW,FOLLOW
2.277877,-0.369989,TARGET_FOLLOW,FOLLOW
2.288984,-0.370983,TARGET_FOLLOW,FOLLOW
2.299801,-0.372010,TARGET_FOLLOW,FOLLOW
2.310304,-0.373078,TARGET_FOLLOW,FOLLOW
2.320483,-0.374195,TARGET_FOLLOW,FOLLOW
2.330342,-0.375364,TARGET_FOLLOW,FOLLOW
2.339890,-0.376584,TARGET_FOLLOW,FOLLOW
2.349140,-0.377852,TARGET_FOLLOW,FOLLOW
2.358104,-0.379166,TARGET_FOLLOW,FOLLOW
2.366797,-0.380521,TARGET_FOLLOW,FOLLOW
2.375233,-0.381913,TARGET_FOLLOW,FOLLOW
2.383434,-0.383339,TARGET_FOLLOW,FOLLOW
2.391412,-0.384795,TARGET_FOLLOW,FOLLOW
2.399178,-0.386278,TARGET_FOLLOW,FOLLOW
2.406741,-0.387785,TARGET_FOLLOW,FOLLOW
2.414111,-0.389312,TARGET_FOLLOW,FOLLOW
2.421297,-0.390856,TARGET_FOLLOW,FOLLOW
2.428307,-0.392415,TARGET_FOLLOW,FOLLOW
2.435150,-0.393987,TARGET_FOLLOW,FOLLOW
2.441841,-0.395571,TARGET_FOLLOW,FOLLOW
2.448387,-0.397167,TARGET_FOLLOW,FOLLOW
2.454791,-0.398771,TARGET_FOLLOW,FOLLOW
2.461059,-0.400383,TARGET_FOLLOW,FOLLOW
2.467195,-0.402001,TARGET_FOLLOW,FOLLOW
2.473203,-0.403623,TARGET_FOLLOW,FOLLOW
2.479087,-0.405248,TARGET_FOLLOW,FOLLOW
2.484860,-0.406877,TARGET_FOLLOW,FOLLOW
2.490526,-0.408509,TARGET_FOLLOW,FOLLOW
2.496088,-0.410144,TARGET_FOLLOW,FOLLOW
2.501546,-0.411780,TARGET_FOLLOW,FOLLOW
2.506906,-0.413417,TARGET_FOLLOW,FOLLOW
2.512168,-0.415053,TARGET_FOLLOW,FOLLOW
2.517337,-0.416688,TARGET_FOLLOW,FOLLOW
2.522415,-0.418322,TARGET_FOLLOW,FOLLOW
2.527405,-0.419954,TARGET_FOLLOW,FOLLOW
2.532317,-0.421585,TARGET_FOLLOW,FOLLOW
2.537151,-0.423215,TARGET_FOLLOW,FOLLOW
2.541910,-0.424844,TARGET_FOLLOW,FOLLOW
2.546593,-0.426471,TARGET_FOLLOW,FOLLOW
2.551203,-0.428094,TARGET_FOLLOW,FOLLOW
2.555740,-0.429715,TARGET_FOLLOW,FOLLOW
2.560208,-0.431332,TARGET_FOLLOW,FOLLOW
2.564612,-0.432947,TARGET_FOLLOW,FOLLOW
2.568956,-0.434560,TARGET_FOLLOW,FOLLOW
2.573239,-0.436171,TARGET_FOLLOW,FOLLOW
2.577460,-0.437779,TARGET_FOLLOW,FOLLOW
2.581622,-0.439382,TARGET_FOLLOW,FOLLOW
2.585724,-0.440982,TARGET_FOLLOW,FOLLOW
2.589769,-0.442578,TARGET_FOLLOW,FOLLOW
2.593763,-0.444171,TARGET_FOLLOW,FOLLOW
2.597706,-0.445762,TARGET_FOLLOW,FOLLOW
2.601597,-0.447349,TARGET_FOLLOW,FOLLOW
2.605437,-0.448932,TARGET_FOLLOW,FOLLOW
2.609230,-0.450513,TARGET_FOLLOW,FOLLOW
2.612975,-0.452090,TARGET_FOLLOW,FOLLOW
2.616673,-0.453663,TARGET_FOLLOW,FOLLOW
2.620323,-0.455232,TARGET_FOLLOW,FOLLOW
2.623928,-0.456797,TARGET_FOLLOW,FOLLOW
2.627488,-0.458358,TARGET_FOLLOW,FOLLOW
2.631002,-0.459914,TARGET_FOLLOW,FOLLOW
2.634471,-0.461465,TARGET_FOLLOW,FOLLOW
2.637897,-0.463011,TARGET_FOLLOW,FOLLOW
2.641281,-0.464552,TARGET_FOLLOW,FOLLOW
2.644621,-0.466088,TARGET_FOLLOW,FOLLOW
2.647918,-0.467617,TARGET_FOLLOW,FOLLOW
2.651174,-0.469142,TARGET_FOLLOW,FOLLOW
2.654391,-0.470661,TARGET_FOLLOW,FOLLOW
2.657566,-0.472174,TARGET_FOLLOW,FOLLOW
2.660700,-0.473680,TARGET_FOLLOW,FOLLOW
2.663796,-0.475181,TARGET_FOLLOW,FOLLOW
2.666853,-0.476677,TARGET_FOLLOW,FOLLOW
2.669872,-0.478165,TARGET_FOLLOW,FOLLOW
2.672853,-0.479648,TARGET_FOLLOW,FOLLOW
2.675797,-0.481124,TARGET_FOLLOW,FOLLOW
2.678706,-0.482594,TARGET_FOLLOW,FOLLOW
2.681578,-0.484058,TARGET_FOLLOW,FOLLOW
2.684413,-0.485516,TARGET_FOLLOW,FOLLOW
2.687214,-0.486966,TARGET_FOLLOW,FOLLOW
2.689982,-0.488412,TARGET_FOLLOW,FOLLOW
2.692718,-0.489852,TARGET_FOLLOW,FOLLOW
2.695421,-0.491286,TARGET_FOLLOW,FOLLOW
2.698091,-0.492714,TARGET_FOLLOW,FOLLOW
2.700731,-0.494137,TARGET_FOLLOW,FOLLOW
2.703340,-0.495554,TARGET_FOLLOW,FOLLOW
2.705920,-0.496967,TARGET_FOLLOW,FOLLOW
2.708472,-0.498375,TARGET_FOLLOW,FOLLOW
2.710998,-0.499780,TARGET_FOLLOW,FOLLOW
2.713498,-0.501182,TARGET_FOLLOW,FOLLOW
2.715971,-0.502580,TARGET_FOLLOW,FOLLOW
2.718419,-0.503974,TARGET_FOLLOW,FOLLOW
2.720841,-0.505365,TARGET_FOLLOW,FOLLOW
2.723239,-0.506753,TARGET_FOLLOW,FOLLOW
2.725613,-0.508137,TARGET_FOLLOW,FOLLOW
2.727964,-0.509520,TARGET_FOLLOW,FOLLOW
2.730294,-0.510901,TARGET_FOLLOW,FOLLOW
2.732600,-0.512279,TARGET_FOLLOW,FOLLOW
2.734883,-0.513655,TARGET_FOLLOW,FOLLOW
2.737144,-0.515028,TARGET_FOLLOW,FOLLOW
2.739383,-0.516398,TARGET_FOLLOW,FOLLOW
2.741601,-0.517767,TARGET_FOLLOW,FOLLOW
2.743798,-0.519134,TARGET_FOLLOW,FOLLOW
2.745974,-0.520498,TARGET_FOLLOW,FOLLOW
2.748128,-0.521860,TARGET_FOLLOW,FOLLOW
2.750261,-0.523220,TARGET_FOLLOW,FOLLOW
2.752373,-0.524577,TARGET_FOLLOW,FOLLOW
2.754466,-0.525933,TARGET_FOLLOW,FOLLOW
2.756539,-0.527287,TARGET_FOLLOW,FOLLOW
2.758595,-0.528640,TARGET_FOLLOW,FOLLOW
2.760632,-0.529993,TARGET_FOLLOW,FOLLOW
2.762651,-0.531345,TARGET_FOLLOW,FOLLOW
2.764651,-0.532695,TARGET_FOLLOW,FOLLOW
2.766632,-0.534044,TARGET_FOLLOW,FOLLOW
2.768595,-0.535392,TARGET_FOLLOW,FOLLOW
2.770541,-0.536740,TARGET_FOLLOW,FOLLOW
2.772470,-0.538088,TARGET_FOLLOW,FOLLOW
2.774380,-0.539434,TARGET_FOLLOW,FOLLOW
2.776272,-0.540779,TARGET_FOLLOW,FOLLOW
2.778147,-0.542123,TARGET_FOLLOW,FOLLOW
2.780004,-0.543466,TARGET_FOLLOW,FOLLOW
2.781845,-0.544810,TARGET_FOLLOW,FOLLOW
2.783671,-0.546153,TARGET_FOLLOW,FOLLOW
2.785482,-0.547498,TARGET_FOLLOW,FOLLOW
2.787278,-0.548846,TARGET_FOLLOW,FOLLOW
2.789060,-0.550194,TARGET_FOLLOW,FOLLOW
2.790827,-0.551545,TARGET_FOLLOW,FOLLOW
2.792579,-0.552896,TARGET_FOLLOW,FOLLOW
2.794316,-0.554249,TARGET_FOLLOW,FOLLOW
2.796036,-0.555603,TARGET_FOLLOW,FOLLOW
2.797741,-0.556957,TARGET_FOLLOW,FOLLOW
2.799428,-0.558310,TARGET_FOLLOW,FOLLOW
2.801100,-0.559664,TARGET_FOLLOW,FOLLOW
2.802756,-0.561019,TARGET_FOLLOW,FOLLOW
2.804398,-0.562375,TARGET_FOLLOW,FOLLOW
2.804565,-0.562513,TARGET_FOLLOW,FOLLOW
2.806049,-0.563766,TARGET_FOLLOW,FOLLOW
2.807686,-0.565161,TARGET_FOLLOW,FOLLOW
2.809308,-0.566557,TARGET_FOLLOW,FOLLOW
2.810913,-0.567953,TARGET_FOLLOW,FOLLOW
2.811077,-0.568096,TARGET_FOLLOW,FOLLOW
2.812529,-0.569389,TARGET_FOLLOW,FOLLOW
2.814132,-0.570830,TARGET_FOLLOW,FOLLOW
2.815719,-0.572274,TARGET_FOLLOW,FOLLOW
2.817289,-0.573719,TARGET_FOLLOW,FOLLOW
2.818843,-0.575166,TARGET_FOLLOW,FOLLOW
2.819001,-0.575314,TARGET_FOLLOW,FOLLOW
2.820406,-0.576656,TARGET_FOLLOW,FOLLOW
2.821956,-0.578155,TARGET_FOLLOW,FOLLOW
2.823491,-0.579658,TARGET_FOLLOW,FOLLOW
2.825009,-0.581164,TARGET_FOLLOW,FOLLOW
2.826511,-0.582675,TARGET_FOLLOW,FOLLOW
2.827997,-0.584191,TARGET_FOLLOW,FOLLOW
2.828148,-0.584345,TARGET_FOLLOW,FOLLOW
2.829490,-0.585755,TARGET_FOLLOW,FOLLOW
2.830968,-0.587329,TARGET_FOLLOW,FOLLOW
2.832430,-0.588909,TARGET_FOLLOW,FOLLOW
2.833875,-0.590494,TARGET_FOLLOW,FOLLOW
2.835304,-0.592085,TARGET_FOLLOW,FOLLOW
2.836716,-0.593682,TARGET_FOLLOW,FOLLOW
2.838111,-0.595286,TARGET_FOLLOW,FOLLOW
2.839489,-0.596896,TARGET_FOLLOW,FOLLOW
2.839629,-0.597060,TARGET_FOLLOW,FOLLOW
2.840867,-0.598558,TARGET_FOLLOW,FOLLOW
2.842228,-0.600231,TARGET_FOLLOW,FOLLOW
2.843571,-0.601909,TARGET_FOLLOW,FOLLOW
2.844894,-0.603591,TARGET_FOLLOW,FOLLOW
2.846197,-0.605277,TARGET_FOLLOW,FOLLOW
2.847480,-0.606967,TARGET_FOLLOW,FOLLOW
2.847610,-0.607139,TARGET_FOLLOW,FOLLOW
2.848753,-0.608701,TARGET_FOLLOW,FOLLOW
2.850005,-0.610440,TARGET_FOLLOW,FOLLOW
2.851235,-0.612180,TARGET_FOLLOW,FOLLOW
2.851360,-0.612357,TARGET_FOLLOW,FOLLOW
2.852450,-0.613959,TARGET_FOLLOW,FOLLOW
2.853643,-0.615741,TARGET_FOLLOW,FOLLOW
2.854811,-0.617520,TARGET_FOLLOW,FOLLOW
2.854930,-0.617701,TARGET_FOLLOW,FOLLOW
2.855959,-0.619332,TARGET_FOLLOW,FOLLOW
2.857082,-0.621142,TARGET_FOLLOW,FOLLOW
2.857196,-0.621326,TARGET_FOLLOW,FOLLOW
2.858182,-0.622981,TARGET_FOLLOW,FOLLOW
2.859255,-0.624814,TARGET_FOLLOW,FOLLOW
2.859364,-0.625001,TARGET_FOLLOW,FOLLOW
2.860301,-0.626670,TARGET_FOLLOW,FOLLOW
2.860407,-0.626859,TARGET_FOLLOW,FOLLOW
2.861318,-0.628550,TARGET_FOLLOW,FOLLOW
2.861421,-0.628741,TARGET_FOLLOW,FOLLOW
2.862304,-0.630452,TARGET_FOLLOW,FOLLOW
2.862404,-0.630646,TARGET_FOLLOW,FOLLOW
2.863257,-0.632374,TARGET_FOLLOW,FOLLOW
2.864179,-0.634283,TARGET_FOLLOW,FOLLOW
2.864273,-0.634477,TARGET_FOLLOW,FOLLOW
2.864275,-0.634481,TARGET_FOLLOW,FOLLOW
2.865062,-0.636249,TARGET_FOLLOW,FOLLOW
2.865909,-0.638204,TARGET_FOLLOW,FOLLOW
2.865995,-0.638402,TARGET_FOLLOW,FOLLOW
2.866714,-0.640179,TARGET_FOLLOW,FOLLOW
2.866795,-0.640380,TARGET_FOLLOW,FOLLOW
2.867471,-0.642179,TARGET_FOLLOW,FOLLOW
2.867548,-0.642383,TARGET_FOLLOW,FOLLOW
2.868180,-0.644209,TARGET_FOLLOW,FOLLOW
2.868853,-0.646232,TARGET_FOLLOW,FOLLOW
2.868921,-0.646438,TARGET_FOLLOW,FOLLOW
2.869475,-0.648287,TARGET_FOLLOW,FOLLOW
2.870059,-0.650340,TARGET_FOLLOW,FOLLOW
2.870608,-0.652388,TARGET_FOLLOW,FOLLOW
2.870663,-0.652596,TARGET_FOLLOW,FOLLOW
2.871101,-0.654481,TARGET_FOLLOW,FOLLOW
2.871556,-0.656581,TARGET_FOLLOW,FOLLOW
2.871974,-0.658683,TARGET_FOLLOW,FOLLOW
2.872357,-0.660789,TARGET_FOLLOW,FOLLOW
2.872703,-0.662902,TARGET_FOLLOW,FOLLOW
2.873013,-0.665024,TARGET_FOLLOW,FOLLOW
2.873286,-0.667156,TARGET_FOLLOW,FOLLOW
2.873523,-0.669302,TARGET_FOLLOW,FOLLOW
2.873723,-0.671462,TARGET_FOLLOW,FOLLOW
2.873885,-0.673639,TARGET_FOLLOW,FOLLOW
2.874009,-0.675835,TARGET_FOLLOW,FOLLOW
2.874095,-0.678052,TARGET_FOLLOW,FOLLOW
2.874142,-0.680291,TARGET_FOLLOW,FOLLOW
2.874149,-0.682554,TARGET_FOLLOW,FOLLOW
2.874116,-0.684846,TARGET_FOLLOW,FOLLOW
2.874040,-0.687167,TARGET_FOLLOW,FOLLOW
2.873922,-0.689520,TARGET_FOLLOW,FOLLOW
2.873760,-0.691907,TARGET_FOLLOW,FOLLOW
2.873552,-0.694329,TARGET_FOLLOW,FOLLOW
2.873298,-0.696787,TARGET_FOLLOW,FOLLOW
2.872995,-0.699286,TARGET_FOLLOW,FOLLOW
2.872644,-0.701826,TARGET_FOLLOW,FOLLOW
2.872241,-0.704408,TARGET_FOLLOW,FOLLOW
2.871786,-0.707034,TARGET_FOLLOW,FOLLOW
2.871277,-0.709706,TARGET_FOLLOW,FOLLOW
2.870711,-0.712426,TARGET_FOLLOW,FOLLOW
2.870088,-0.715195,TARGET_FOLLOW,FOLLOW
2.869405,-0.718013,TARGET_FOLLOW,FOLLOW
2.868661,-0.720882,TARGET_FOLLOW,FOLLOW
2.867854,-0.723804,TARGET_FOLLOW,FOLLOW
2.866982,-0.726778,TARGET_FOLLOW,FOLLOW
2.866044,-0.729804,TARGET_FOLLOW,FOLLOW
2.865949,-0.730111,TARGET_FOLLOW,FOLLOW
2.865946,-0.730114,TARGET_FOLLOW,FOLLOW
2.865943,-0.730117,TARGET_FOLLOW,FOLLOW
2.865940,-0.730120,TARGET_FOLLOW,FOLLOW
2.865937,-0.730122,TARGET_FOLLOW,FOLLOW
2.864192,-0.731166,TARGET_FOLLOW,FOLLOW
2.862161,-0.732324,TARGET_FOLLOW,FOLLOW
2.860042,-0.733494,TARGET_FOLLOW,FOLLOW
2.857842,-0.734690,TARGET_FOLLOW,FOLLOW
2.855563,-0.735920,TARGET_FOLLOW,FOLLOW
2.853206,-0.737193,TARGET_FOLLOW,FOLLOW
2.850738,-0.738528,TARGET_FOLLOW,FOLLOW
2.848188,-0.739916,TARGET_FOLLOW,FOLLOW
2.845557,-0.741351,TARGET_FOLLOW,FOLLOW
2.842838,-0.742834,TARGET_FOLLOW,FOLLOW
2.840033,-0.744363,TARGET_FOLLOW,FOLLOW
2.837144,-0.745939,TARGET_FOLLOW,FOLLOW
2.834170,-0.747564,TARGET_FOLLOW,FOLLOW
2.831112,-0.749239,TARGET_FOLLOW,FOLLOW
2.827974,-0.750965,TARGET_FOLLOW,FOLLOW
2.824756,-0.752743,TARGET_FOLLOW,FOLLOW
2.821457,-0.754574,TARGET_FOLLOW,FOLLOW
2.818048,-0.756476,TARGET_FOLLOW,FOLLOW
2.814566,-0.758427,TARGET_FOLLOW,FOLLOW
2.811011,-0.760422,TARGET_FOLLOW,FOLLOW
2.807369,-0.762461,TARGET_FOLLOW,FOLLOW
2.803638,-0.764544,TARGET_FOLLOW,FOLLOW
2.799822,-0.766670,TARGET_FOLLOW,FOLLOW
2.795924,-0.768840,TARGET_FOLLOW,FOLLOW
2.791943,-0.771057,TARGET_FOLLOW,FOLLOW
2.787883,-0.773322,TARGET_FOLLOW,FOLLOW
2.783746,-0.775632,TARGET_FOLLOW,FOLLOW
2.779537,-0.777989,TARGET_FOLLOW,FOLLOW
2.775235,-0.780404,TARGET_FOLLOW,FOLLOW
2.770881,-0.782854,TARGET_FOLLOW,FOLLOW
2.766471,-0.785332,TARGET_FOLLOW,FOLLOW
2.761975,-0.787846,TARGET_FOLLOW,FOLLOW
2.757402,-0.790389,TARGET_FOLLOW,FOLLOW
2.752869,-0.792908,TARGET_FOLLOW,FOLLOW
2.748314,-0.795457,TARGET_FOLLOW,FOLLOW
2.743811,-0.798006,TARGET_FOLLOW,FOLLOW
2.739291,-0.800606,TARGET_FOLLOW,FOLLOW
2.734821,-0.803217,TARGET_FOLLOW,FOLLOW
2.730119,-0.806014,TARGET_FOLLOW,FOLLOW
2.725319,-0.808928,TARGET_FOLLOW,FOLLOW
2.720536,-0.811871,TARGET_FOLLOW,FOLLOW
2.715707,-0.814850,TARGET_FOLLOW,FOLLOW
2.710662,-0.817955,TARGET_FOLLOW,FOLLOW
2.705506,-0.821086,TARGET_FOLLOW,FOLLOW
2.700098,-0.824323,TARGET_FOLLOW,FOLLOW
2.694227,-0.827765,TARGET_FOLLOW,FOLLOW
2.688006,-0.831337,TARGET_FOLLOW,FOLLOW
2.681877,-0.834823,TARGET_FOLLOW,FOLLOW
2.675873,-0.838246,TARGET_FOLLOW,FOLLOW
2.670036,-0.841598,TARGET_FOLLOW,FOLLOW
2.664095,-0.845055,TARGET_FOLLOW,FOLLOW
2.657968,-0.848676,TARGET_FOLLOW,FOLLOW
2.651746,-0.852393,TARGET_FOLLOW,FOLLOW
2.645365,-0.856241,TARGET_FOLLOW,FOLLOW
2.638893,-0.860164,TARGET_FOLLOW,FOLLOW
2.632267,-0.864205,TARGET_FOLLOW,FOLLOW
2.625555,-0.868312,TARGET_FOLLOW,FOLLOW
2.618450,-0.872680,TARGET_FOLLOW,FOLLOW
2.611223,-0.877131,TARGET_FOLLOW,FOLLOW
2.603941,-0.881633,TARGET_FOLLOW,FOLLOW
2.596380,-0.886316,TARGET_FOLLOW,FOLLOW
2.588748,-0.891070,TARGET_FOLLOW,FOLLOW
2.580854,-0.896004,TARGET_FOLLOW,FOLLOW
2.573043,-0.900919,TARGET_FOLLOW,FOLLOW
2.565012,-0.905997,TARGET_FOLLOW,FOLLOW
2.557091,-0.911040,OBSTACLE_AND_TARGET_DETECTED,AVOID
2.551009,-0.914930,TARGET_FOLLOW,FOLLOW
2.546478,-0.923335,TARGET_FOLLOW,FOLLOW
2.541175,-0.931614,OBSTACLE_AND_TARGET_DETECTED,AVOID
2.536328,-0.937065,TARGET_FOLLOW,FOLLOW
2.530629,-0.959637,TARGET_FOLLOW,FOLLOW
2.527331,-0.971814,TARGET_FOLLOW,FOLLOW
2.522220,-0.980456,TARGET_FOLLOW,FOLLOW
2.515513,-0.987760,TARGET_FOLLOW,FOLLOW
2.508051,-0.993990,TARGET_FOLLOW,FOLLOW
2.500108,-0.999604,TARGET_FOLLOW,FOLLOW
2.491664,-1.004966,OBSTACLE_AND_TARGET_DETECTED,AVOID
2.485383,-1.008686,TARGET_FOLLOW,FOLLOW
2.480567,-1.016775,TARGET_FOLLOW,FOLLOW
2.474873,-1.024615,OBSTACLE_AND_TARGET_DETECTED,AVOID
2.469606,-1.029744,TARGET_FOLLOW,FOLLOW
2.462100,-1.052287,TARGET_FOLLOW,FOLLOW
2.453321,-1.076827,TARGET_FOLLOW,FOLLOW
2.448999,-1.086460,TARGET_FOLLOW,FOLLOW
2.444058,-1.092408,TARGET_FOLLOW,FOLLOW
2.438074,-1.097296,TARGET_FOLLOW,FOLLOW
2.431250,-1.101613,TARGET_FOLLOW,FOLLOW
2.424128,-1.105421,TARGET_FOLLOW,FOLLOW
2.416921,-1.108860,TARGET_FOLLOW,FOLLOW
2.409326,-1.112234,TARGET_FOLLOW,FOLLOW
2.401334,-1.115618,TARGET_FOLLOW,FOLLOW
2.392991,-1.119026,TARGET_FOLLOW,FOLLOW
2.384353,-1.122449,OBSTACLE_AND_TARGET_DETECTED,AVOID
2.377628,-1.125047,TARGET_FOLLOW,FOLLOW
2.371685,-1.132124,TARGET_FOLLOW,FOLLOW
2.364826,-1.139055,TARGET_FOLLOW,FOLLOW
2.356658,-1.144880,TARGET_FOLLOW,FOLLOW
2.347598,-1.149824,TARGET_FOLLOW,FOLLOW
2.337991,-1.154168,TARGET_FOLLOW,FOLLOW
2.328055,-1.158118,TARGET_FOLLOW,FOLLOW
2.318246,-1.161699,TARGET_FOLLOW,FOLLOW
2.308429,-1.165097,TARGET_FOLLOW,FOLLOW
2.298528,-1.168390,TARGET_FOLLOW,FOLLOW
2.288547,-1.171607,TARGET_FOLLOW,FOLLOW
2.278785,-1.174685,TARGET_FOLLOW,FOLLOW
2.268990,-1.177734,TARGET_FOLLOW,FOLLOW
2.259112,-1.180760,TARGET_FOLLOW,FOLLOW
2.249107,-1.183760,TARGET_FOLLOW,FOLLOW
2.238984,-1.186734,TARGET_FOLLOW,FOLLOW
2.228798,-1.189685,OBSTACLE_AND_TARGET_DETECTED,AVOID
2.221745,-1.191716,OBSTACLE_AND_TARGET_DETECTED,AVOID
2.216756,-1.196581,TARGET_FOLLOW,FOLLOW
2.214669,-1.208422,TARGET_FOLLOW,FOLLOW
2.211448,-1.219794,TARGET_FOLLOW,FOLLOW
2.206374,-1.229967,TARGET_FOLLOW,FOLLOW
2.200330,-1.238857,TARGET_FOLLOW,FOLLOW
2.192736,-1.248160,OBSTACLE_AND_TARGET_DETECTED,AVOID
2.186883,-1.252870,TARGET_FOLLOW,FOLLOW
2.182807,-1.261304,TARGET_FOLLOW,FOLLOW
2.178524,-1.269410,TARGET_FOLLOW,FOLLOW
2.173293,-1.276747,TARGET_FOLLOW,FOLLOW
2.167140,-1.283747,TARGET_FOLLOW,FOLLOW
2.156985,-1.293816,TARGET_FOLLOW,FOLLOW
2.149244,-1.299042,TARGET_FOLLOW,FOLLOW
2.141981,-1.303754,TARGET_FOLLOW,FOLLOW
2.134990,-1.308636,TARGET_FOLLOW,FOLLOW
2.122393,-1.317886,TARGET_FOLLOW,FOLLOW
2.113193,-1.322815,TARGET_FOLLOW,FOLLOW
2.104693,-1.327588,TARGET_FOLLOW,FOLLOW
2.096911,-1.332553,TARGET_FOLLOW,FOLLOW
2.089491,-1.337623,TARGET_FOLLOW,FOLLOW
2.081972,-1.342901,TARGET_FOLLOW,FOLLOW
2.074477,-1.348205,TARGET_FOLLOW,FOLLOW
2.066789,-1.353622,TARGET_FOLLOW,FOLLOW
2.059087,-1.358999,TARGET_FOLLOW,FOLLOW
2.051167,-1.364446,TARGET_FOLLOW,FOLLOW
2.043227,-1.369824,TARGET_FOLLOW,FOLLOW
2.035063,-1.375254,TARGET_FOLLOW,FOLLOW
2.026755,-1.380686,TARGET_FOLLOW,FOLLOW
2.018731,-1.385823,TARGET_FOLLOW,FOLLOW
2.010793,-1.390753,TARGET_FOLLOW,FOLLOW
2.002601,-1.395675,TARGET_FOLLOW,FOLLOW
1.994331,-1.400512,TARGET_FOLLOW,FOLLOW
1.985811,-1.405372,TARGET_FOLLOW,FOLLOW
1.977242,-1.410160,TARGET_FOLLOW,FOLLOW
1.968440,-1.414976,TARGET_FOLLOW,FOLLOW
1.959608,-1.419724,TARGET_FOLLOW,FOLLOW
1.950555,-1.424497,TARGET_FOLLOW,FOLLOW
1.941488,-1.429199,TARGET_FOLLOW,FOLLOW
1.932208,-1.433924,TARGET_FOLLOW,FOLLOW
1.922771,-1.438654,TARGET_FOLLOW,FOLLOW
1.913613,-1.443156,TARGET_FOLLOW,FOLLOW
1.904556,-1.447473,TARGET_FOLLOW,FOLLOW
1.895273,-1.451750,TARGET_FOLLOW,FOLLOW
1.885934,-1.455942,TARGET_FOLLOW,FOLLOW
1.876376,-1.460128,TARGET_FOLLOW,FOLLOW
1.866789,-1.464249,TARGET_FOLLOW,FOLLOW
1.857000,-1.468376,TARGET_FOLLOW,FOLLOW
1.847201,-1.472443,TARGET_FOLLOW,FOLLOW
1.837212,-1.476517,TARGET_FOLLOW,FOLLOW
1.827056,-1.480602,TARGET_FOLLOW,FOLLOW
1.817163,-1.484509,TARGET_FOLLOW,FOLLOW
1.807367,-1.488257,TARGET_FOLLOW,FOLLOW
1.797379,-1.491944,TARGET_FOLLOW,FOLLOW
1.787343,-1.495551,TARGET_FOLLOW,FOLLOW
1.777121,-1.499135,TARGET_FOLLOW,FOLLOW
1.766876,-1.502665,TARGET_FOLLOW,FOLLOW
1.756460,-1.506186,TARGET_FOLLOW,FOLLOW
1.746039,-1.509662,TARGET_FOLLOW,FOLLOW
1.735458,-1.513133,TARGET_FOLLOW,FOLLOW
1.724884,-1.516560,TARGET_FOLLOW,FOLLOW
1.714158,-1.519984,TARGET_FOLLOW,FOLLOW
1.703449,-1.523364,TARGET_FOLLOW,FOLLOW
1.692594,-1.526739,TARGET_FOLLOW,FOLLOW
1.681763,-1.530071,TARGET_FOLLOW,FOLLOW
1.670792,-1.533398,TARGET_FOLLOW,FOLLOW
1.659648,-1.536742,TARGET_FOLLOW,FOLLOW
1.648772,-1.539955,TARGET_FOLLOW,FOLLOW
1.637576,-1.543219,TARGET_FOLLOW,FOLLOW
1.626526,-1.546481,TARGET_FOLLOW,FOLLOW
1.615437,-1.549816,TARGET_FOLLOW,FOLLOW
1.604667,-1.553068,TARGET_FOLLOW,FOLLOW
1.593537,-1.556428,TARGET_FOLLOW,FOLLOW
1.582479,-1.559831,TARGET_FOLLOW,FOLLOW
1.571857,-1.563174,TARGET_FOLLOW,FOLLOW
1.561608,-1.566436,TARGET_FOLLOW,FOLLOW
1.550953,-1.569846,TARGET_FOLLOW,FOLLOW
1.540778,-1.573174,TARGET_FOLLOW,FOLLOW
1.531058,-1.576424,TARGET_FOLLOW,FOLLOW
1.521354,-1.579703,TARGET_FOLLOW,FOLLOW
1.511611,-1.583012,TARGET_FOLLOW,FOLLOW
1.502090,-1.586256,TARGET_FOLLOW,FOLLOW
1.492378,-1.589574,TARGET_FOLLOW,FOLLOW
1.482847,-1.592873,TARGET_FOLLOW,FOLLOW
1.473144,-1.596276,TARGET_FOLLOW,FOLLOW
1.463502,-1.599726,TARGET_FOLLOW,FOLLOW
1.454006,-1.603180,TARGET_FOLLOW,FOLLOW
1.444661,-1.606614,TARGET_FOLLOW,FOLLOW
1.435464,-1.610009,TARGET_FOLLOW,FOLLOW
1.426411,-1.613356,TARGET_FOLLOW,FOLLOW
1.417504,-1.616646,TARGET_FOLLOW,FOLLOW
1.408747,-1.619875,TARGET_FOLLOW,FOLLOW
1.400140,-1.623040,TARGET_FOLLOW,FOLLOW
1.391679,-1.626144,TARGET_FOLLOW,FOLLOW
1.383358,-1.629188,TARGET_FOLLOW,FOLLOW
1.375178,-1.632172,TARGET_FOLLOW,FOLLOW
1.367182,-1.635082,TARGET_FOLLOW,FOLLOW
1.359353,-1.637939,TARGET_FOLLOW,FOLLOW
1.351665,-1.640764,TARGET_FOLLOW,FOLLOW
1.344080,-1.643573,TARGET_FOLLOW,FOLLOW
1.336658,-1.646340,TARGET_FOLLOW,FOLLOW
1.329363,-1.649087,TARGET_FOLLOW,FOLLOW
1.322176,-1.651821,TARGET_FOLLOW,FOLLOW
1.315084,-1.654536,TARGET_FOLLOW,FOLLOW
1.308089,-1.657226,TARGET_FOLLOW,FOLLOW
1.301142,-1.659903,TARGET_FOLLOW,FOLLOW
1.294325,-1.662532,TARGET_FOLLOW,FOLLOW
1.287637,-1.665122,OBSTACLE_AND_TARGET_DETECTED,AVOID
1.281124,-1.667663,TARGET_FOLLOW,FOLLOW
1.274224,-1.666830,TARGET_FOLLOW,FOLLOW
1.267276,-1.666453,OBSTACLE_AND_TARGET_DETECTED,AVOID
1.260350,-1.667239,TARGET_FOLLOW,FOLLOW
1.238448,-1.658703,TARGET_FOLLOW,FOLLOW
1.215071,-1.649968,TARGET_FOLLOW,FOLLOW
1.206975,-1.647499,TARGET_FOLLOW,FOLLOW
1.201687,-1.647430,TARGET_FOLLOW,FOLLOW
1.196444,-1.648401,TARGET_FOLLOW,FOLLOW
1.191339,-1.650011,TARGET_FOLLOW,FOLLOW
1.186368,-1.651989,TARGET_FOLLOW,FOLLOW
1.181498,-1.654179,TARGET_FOLLOW,FOLLOW
1.176698,-1.656487,TARGET_FOLLOW,FOLLOW
1.171869,-1.658900,TARGET_FOLLOW,FOLLOW
1.167085,-1.661341,TARGET_FOLLOW,FOLLOW
1.162352,-1.663794,TARGET_FOLLOW,FOLLOW
1.157653,-1.666258,OBSTACLE_AND_TARGET_DETECTED,AVOID
1.151638,-1.669442,TARGET_FOLLOW,FOLLOW
1.145118,-1.669430,OBSTACLE_AND_TARGET_DETECTED,AVOID
1.138179,-1.669855,TARGET_FOLLOW,FOLLOW
1.119619,-1.661468,TARGET_FOLLOW,FOLLOW
1.099802,-1.653896,TARGET_FOLLOW,FOLLOW
1.080991,-1.649590,TARGET_FOLLOW,FOLLOW
1.063627,-1.647455,TARGET_FOLLOW,FOLLOW
1.047788,-1.646579,TARGET_FOLLOW,FOLLOW
1.026969,-1.646380,TARGET_FOLLOW,FOLLOW
1.014990,-1.648549,TARGET_FOLLOW,FOLLOW
1.004689,-1.646027,TARGET_FOLLOW,FOLLOW
0.988171,-1.642136,TARGET_FOLLOW,FOLLOW
0.968613,-1.644328,TARGET_FOLLOW,FOLLOW
0.960485,-1.647251,TARGET_FOLLOW,FOLLOW
0.954442,-1.649467,TARGET_FOLLOW,FOLLOW
0.948643,-1.650958,TARGET_FOLLOW,FOLLOW
0.943151,-1.652001,TARGET_FOLLOW,FOLLOW
0.937977,-1.652799,TARGET_FOLLOW,FOLLOW
0.933104,-1.653468,TARGET_FOLLOW,FOLLOW
0.928512,-1.654075,TARGET_FOLLOW,FOLLOW
0.924098,-1.654674,TARGET_FOLLOW,FOLLOW
0.919773,-1.655299,TARGET_FOLLOW,FOLLOW
0.915485,-1.655970,TARGET_FOLLOW,FOLLOW
0.911203,-1.656697,TARGET_FOLLOW,FOLLOW
0.906911,-1.657486,TARGET_FOLLOW,FOLLOW
0.902599,-1.658341,TARGET_FOLLOW,FOLLOW
0.898259,-1.659263,TARGET_FOLLOW,FOLLOW
0.893891,-1.660253,TARGET_FOLLOW,FOLLOW
0.889498,-1.661310,TARGET_FOLLOW,FOLLOW
0.885080,-1.662435,TARGET_FOLLOW,FOLLOW
0.880633,-1.663628,TARGET_FOLLOW,FOLLOW
0.876155,-1.664889,TARGET_FOLLOW,FOLLOW
0.871648,-1.666219,TARGET_FOLLOW,FOLLOW
0.867113,-1.667618,TARGET_FOLLOW,FOLLOW
0.862551,-1.669085,TARGET_FOLLOW,FOLLOW
0.857966,-1.670620,TARGET_FOLLOW,FOLLOW
0.853360,-1.672221,TARGET_FOLLOW,FOLLOW
0.848735,-1.673888,TARGET_FOLLOW,FOLLOW
0.844094,-1.675619,TARGET_FOLLOW,FOLLOW
0.839441,-1.677412,TARGET_FOLLOW,FOLLOW
0.834778,-1.679266,TARGET_FOLLOW,FOLLOW
0.830108,-1.681181,TARGET_FOLLOW,FOLLOW
0.825437,-1.683151,TARGET_FOLLOW,FOLLOW
0.820769,-1.685176,TARGET_FOLLOW,FOLLOW
0.816103,-1.687255,TARGET_FOLLOW,FOLLOW
0.811433,-1.689388,TARGET_FOLLOW,FOLLOW
0.806761,-1.691575,TARGET_FOLLOW,FOLLOW
0.802095,-1.693811,TARGET_FOLLOW,FOLLOW
0.797432,-1.696098,TARGET_FOLLOW,FOLLOW
0.792768,-1.698436,TARGET_FOLLOW,FOLLOW
0.788109,-1.700823,TARGET_FOLLOW,FOLLOW
0.783447,-1.703262,TARGET_FOLLOW,FOLLOW
0.778787,-1.705752,TARGET_FOLLOW,FOLLOW
0.774132,-1.708289,TARGET_FOLLOW,FOLLOW
0.769474,-1.710879,TARGET_FOLLOW,FOLLOW
0.764811,-1.713522,TARGET_FOLLOW,FOLLOW
0.760138,-1.716221,TARGET_FOLLOW,FOLLOW
0.755461,-1.718975,TARGET_FOLLOW,FOLLOW
0.750787,-1.721779,TARGET_FOLLOW,FOLLOW
0.746123,-1.724628,TARGET_FOLLOW,FOLLOW
0.741464,-1.727525,TARGET_FOLLOW,FOLLOW
0.736802,-1.730473,TARGET_FOLLOW,FOLLOW
0.732126,-1.733482,TARGET_FOLLOW,FOLLOW
0.727435,-1.736553,TARGET_FOLLOW,FOLLOW
0.722138,-1.740083,TARGET_FOLLOW,FOLLOW
0.716764,-1.743764,TARGET_FOLLOW,FOLLOW
0.711511,-1.747466,TARGET_FOLLOW,FOLLOW
0.706369,-1.751177,TARGET_FOLLOW,FOLLOW
0.700714,-1.755343,TARGET_FOLLOW,FOLLOW
0.695057,-1.759625,TARGET_FOLLOW,FOLLOW
0.689564,-1.763893,TARGET_FOLLOW,FOLLOW
0.684207,-1.768149,TARGET_FOLLOW,FOLLOW
0.678951,-1.772403,TARGET_FOLLOW,FOLLOW
0.673772,-1.776664,TARGET_FOLLOW,FOLLOW
0.668650,-1.780940,TARGET_FOLLOW,FOLLOW
0.663571,-1.785240,TARGET_FOLLOW,FOLLOW
0.658523,-1.789573,TARGET_FOLLOW,FOLLOW
0.653496,-1.793947,TARGET_FOLLOW,FOLLOW
0.648480,-1.798369,TARGET_FOLLOW,FOLLOW
0.643470,-1.802849,TARGET_FOLLOW,FOLLOW
0.638455,-1.807396,TARGET_FOLLOW,FOLLOW
0.633442,-1.812008,TARGET_FOLLOW,FOLLOW
0.627926,-1.817159,TARGET_FOLLOW,FOLLOW
0.622384,-1.822446,TARGET_FOLLOW,FOLLOW
0.616950,-1.827744,TARGET_FOLLOW,FOLLOW
0.611610,-1.833055,TARGET_FOLLOW,FOLLOW
0.605863,-1.838875,TARGET_FOLLOW,FOLLOW
0.600148,-1.844794,TARGET_FOLLOW,FOLLOW
0.594583,-1.850682,TARGET_FOLLOW,FOLLOW
0.589130,-1.856564,TARGET_FOLLOW,FOLLOW
0.583755,-1.862462,TARGET_FOLLOW,FOLLOW
0.578425,-1.868402,TARGET_FOLLOW,FOLLOW
0.573120,-1.874399,TARGET_FOLLOW,FOLLOW
0.567816,-1.880476,TARGET_FOLLOW,FOLLOW
0.562503,-1.886644,TARGET_FOLLOW,FOLLOW
0.557163,-1.892923,TARGET_FOLLOW,FOLLOW
0.551790,-1.899321,TARGET_FOLLOW,FOLLOW
0.546395,-1.905825,TARGET_FOLLOW,FOLLOW
0.540972,-1.912443,TARGET_FOLLOW,FOLLOW
0.535530,-1.919166,TARGET_FOLLOW,FOLLOW
0.530065,-1.925998,TARGET_FOLLOW,FOLLOW
0.524587,-1.932930,TARGET_FOLLOW,FOLLOW
0.519111,-1.939942,TARGET_FOLLOW,FOLLOW
0.513651,-1.947020,TARGET_FOLLOW,FOLLOW
0.508219,-1.954146,TARGET_FOLLOW,FOLLOW
0.502822,-1.961310,TARGET_FOLLOW,FOLLOW
0.497469,-1.968501,TARGET_FOLLOW,FOLLOW
0.492165,-1.975712,TARGET_FOLLOW,FOLLOW
0.486914,-1.982934,TARGET_FOLLOW,FOLLOW
0.481719,-1.990164,TARGET_FOLLOW,FOLLOW
0.476583,-1.997396,TARGET_FOLLOW,FOLLOW
0.471494,-2.004647,TARGET_FOLLOW,FOLLOW
0.466442,-2.011930,TARGET_FOLLOW,FOLLOW
0.461414,-2.019267,TARGET_FOLLOW,FOLLOW
0.456405,-2.026666,TARGET_FOLLOW,FOLLOW
0.451420,-2.034123,TARGET_FOLLOW,FOLLOW
0.446450,-2.041649,TARGET_FOLLOW,FOLLOW
0.441500,-2.049240,TARGET_FOLLOW,FOLLOW
0.436579,-2.056880,TARGET_FOLLOW,FOLLOW
0.431694,-2.064560,TARGET_FOLLOW,FOLLOW
0.426852,-2.072267,TARGET_FOLLOW,FOLLOW
0.422046,-2.080012,TARGET_FOLLOW,FOLLOW
0.417271,-2.087802,TARGET_FOLLOW,FOLLOW
0.412531,-2.095633,TARGET_FOLLOW,FOLLOW
0.407817,-2.103517,TARGET_FOLLOW,FOLLOW
0.403132,-2.111452,TARGET_FOLLOW,FOLLOW
0.398484,-2.119424,TARGET_FOLLOW,FOLLOW
0.393867,-2.127443,TARGET_FOLLOW,FOLLOW
0.389280,-2.135511,TARGET_FOLLOW,FOLLOW
0.384726,-2.143624,TARGET_FOLLOW,FOLLOW
0.380205,-2.151782,TARGET_FOLLOW,FOLLOW
0.375707,-2.160000,TARGET_FOLLOW,FOLLOW
0.371233,-2.168281,TARGET_FOLLOW,FOLLOW
0.366799,-2.176594,TARGET_FOLLOW,FOLLOW
0.362420,-2.184907,TARGET_FOLLOW,FOLLOW
0.358097,-2.193216,TARGET_FOLLOW,FOLLOW
0.353824,-2.201529,TARGET_FOLLOW,FOLLOW
0.349592,-2.209863,TARGET_FOLLOW,FOLLOW
0.345398,-2.218222,TARGET_FOLLOW,FOLLOW
0.341256,-2.226583,TARGET_FOLLOW,FOLLOW
0.337177,-2.234920,TARGET_FOLLOW,FOLLOW
0.333158,-2.243237,TARGET_FOLLOW,FOLLOW
0.329191,-2.251547,TARGET_FOLLOW,FOLLOW
0.325268,-2.259866,TARGET_FOLLOW,FOLLOW
0.321395,-2.268182,TARGET_FOLLOW,FOLLOW
0.317581,-2.276480,TARGET_FOLLOW,FOLLOW
0.313820,-2.284768,TARGET_FOLLOW,FOLLOW
0.310107,-2.293053,TARGET_FOLLOW,FOLLOW
0.306438,-2.301346,TARGET_FOLLOW,FOLLOW
0.302804,-2.309664,TARGET_FOLLOW,FOLLOW
0.299198,-2.318023,TARGET_FOLLOW,FOLLOW
0.295621,-2.326424,TARGET_FOLLOW,FOLLOW
0.292081,-2.334847,TARGET_FOLLOW,FOLLOW
0.288581,-2.343281,TARGET_FOLLOW,FOLLOW
0.285119,-2.351731,TARGET_FOLLOW,FOLLOW
0.281689,-2.360210,TARGET_FOLLOW,FOLLOW
0.278287,-2.368733,TARGET_FOLLOW,FOLLOW
0.274915,-2.377297,TARGET_FOLLOW,FOLLOW
0.271579,-2.385883,TARGET_FOLLOW,FOLLOW
0.268284,-2.394482,TARGET_FOLLOW,FOLLOW
0.265027,-2.403101,TARGET_FOLLOW,FOLLOW
0.261802,-2.411754,TARGET_FOLLOW,FOLLOW
0.258606,-2.420452,TARGET_FOLLOW,FOLLOW
0.255440,-2.429196,TARGET_FOLLOW,FOLLOW
0.252317,-2.437951,TARGET_FOLLOW,FOLLOW
0.249237,-2.446714,TARGET_FOLLOW,FOLLOW
0.246197,-2.455491,TARGET_FOLLOW,FOLLOW
0.243197,-2.464283,TARGET_FOLLOW,FOLLOW
0.240236,-2.473096,TARGET_FOLLOW,FOLLOW
0.237313,-2.481932,TARGET_FOLLOW,FOLLOW
0.234428,-2.490800,TARGET_FOLLOW,FOLLOW
0.231571,-2.499732,TARGET_FOLLOW,FOLLOW
0.228751,-2.508713,TARGET_FOLLOW,FOLLOW
0.225814,-2.518244,TARGET_FOLLOW,FOLLOW
0.222935,-2.527821,TARGET_FOLLOW,FOLLOW
0.220152,-2.537326,TARGET_FOLLOW,FOLLOW
0.217457,-2.546782,TARGET_FOLLOW,FOLLOW
0.214835,-2.556228,TARGET_FOLLOW,FOLLOW
0.212278,-2.565683,TARGET_FOLLOW,FOLLOW
0.209775,-2.575172,TARGET_FOLLOW,FOLLOW
0.207322,-2.584705,TARGET_FOLLOW,FOLLOW
0.204921,-2.594264,TARGET_FOLLOW,FOLLOW
0.202572,-2.603850,TARGET_FOLLOW,FOLLOW
0.200275,-2.613445,TARGET_FOLLOW,FOLLOW
0.198027,-2.623067,TARGET_FOLLOW,FOLLOW
0.195828,-2.632705,TARGET_FOLLOW,FOLLOW
0.193674,-2.642375,TARGET_FOLLOW,FOLLOW
0.191567,-2.652065,TARGET_FOLLOW,FOLLOW
0.189504,-2.661792,TARGET_FOLLOW,FOLLOW
0.187486,-2.671540,TARGET_FOLLOW,FOLLOW
0.185511,-2.681325,TARGET_FOLLOW,FOLLOW
0.183577,-2.691151,TARGET_FOLLOW,FOLLOW
0.181688,-2.701001,TARGET_FOLLOW,FOLLOW
0.179855,-2.710814,TARGET_FOLLOW,FOLLOW
0.178096,-2.720513,TARGET_FOLLOW,FOLLOW
0.176432,-2.730047,TARGET_FOLLOW,FOLLOW
0.174874,-2.739386,TARGET_FOLLOW,FOLLOW
0.173429,-2.748525,TARGET_FOLLOW,FOLLOW
0.172096,-2.757462,TARGET_FOLLOW,FOLLOW
0.170876,-2.766201,TARGET_FOLLOW,FOLLOW
0.169764,-2.774749,TARGET_FOLLOW,FOLLOW
0.168755,-2.783118,TARGET_FOLLOW,FOLLOW
0.167844,-2.791317,TARGET_FOLLOW,FOLLOW
0.167026,-2.799355,TARGET_FOLLOW,FOLLOW
0.166295,-2.807242,TARGET_FOLLOW,FOLLOW
0.165646,-2.814990,TARGET_FOLLOW,FOLLOW
0.165076,-2.822607,TARGET_FOLLOW,FOLLOW
0.164580,-2.830100,TARGET_FOLLOW,FOLLOW
0.164154,-2.837480,TARGET_FOLLOW,FOLLOW
0.163796,-2.844754,TARGET_FOLLOW,FOLLOW
0.163501,-2.851930,TARGET_FOLLOW,FOLLOW
0.163269,-2.859015,TARGET_FOLLOW,FOLLOW
0.163095,-2.866015,TARGET_FOLLOW,FOLLOW
0.162979,-2.872939,TARGET_FOLLOW,FOLLOW
0.162918,-2.879791,TARGET_FOLLOW,FOLLOW
0.162911,-2.886577,TARGET_FOLLOW,FOLLOW
0.162956,-2.893304,TARGET_FOLLOW,FOLLOW
0.163052,-2.899976,TARGET_FOLLOW,FOLLOW
0.163198,-2.906597,TARGET_FOLLOW,FOLLOW
0.163394,-2.913173,TARGET_FOLLOW,FOLLOW
0.163638,-2.919709,TARGET_FOLLOW,FOLLOW
0.163930,-2.926212,TARGET_FOLLOW,FOLLOW
0.164270,-2.932686,TARGET_FOLLOW,FOLLOW
0.164657,-2.939133,TARGET_FOLLOW,FOLLOW
0.165091,-2.945558,TARGET_FOLLOW,FOLLOW
0.165572,-2.951966,TARGET_FOLLOW,FOLLOW
0.166100,-2.958359,TARGET_FOLLOW,FOLLOW
0.166675,-2.964737,TARGET_FOLLOW,FOLLOW
0.167296,-2.971104,TARGET_FOLLOW,FOLLOW
0.167964,-2.977466,TARGET_FOLLOW,FOLLOW
0.168679,-2.983826,TARGET_FOLLOW,FOLLOW
0.169442,-2.990187,TARGET_FOLLOW,FOLLOW
0.170252,-2.996548,TARGET_FOLLOW,FOLLOW
0.171111,-3.002912,TARGET_FOLLOW,FOLLOW
0.172017,-3.009284,TARGET_FOLLOW,FOLLOW
0.172973,-3.015664,TARGET_FOLLOW,FOLLOW
0.173977,-3.022049,TARGET_FOLLOW,FOLLOW
0.175029,-3.028442,TARGET_FOLLOW,FOLLOW
0.176132,-3.034849,TARGET_FOLLOW,FOLLOW
0.177284,-3.041266,TARGET_FOLLOW,FOLLOW
0.178485,-3.047692,TARGET_FOLLOW,FOLLOW
0.179737,-3.054131,TARGET_FOLLOW,FOLLOW
0.181040,-3.060586,TARGET_FOLLOW,FOLLOW
0.182394,-3.067055,TARGET_FOLLOW,FOLLOW
0.183799,-3.073538,TARGET_FOLLOW,FOLLOW
0.185256,-3.080036,TARGET_FOLLOW,FOLLOW
0.186767,-3.086554,TARGET_FOLLOW,FOLLOW
0.188330,-3.093090,TARGET_FOLLOW,FOLLOW
0.189948,-3.099643,TARGET_FOLLOW,FOLLOW
0.191620,-3.106220,TARGET_FOLLOW,FOLLOW
0.193351,-3.112828,TARGET_FOLLOW,FOLLOW
0.195140,-3.119463,TARGET_FOLLOW,FOLLOW
0.196988,-3.126122,TARGET_FOLLOW,FOLLOW
0.198894,-3.132810,TARGET_FOLLOW,FOLLOW
0.200863,-3.139530,TARGET_FOLLOW,FOLLOW
0.202891,-3.146276,TARGET_FOLLOW,FOLLOW
0.204980,-3.153044,TARGET_FOLLOW,FOLLOW
0.207131,-3.159839,TARGET_FOLLOW,FOLLOW
0.209346,-3.166666,TARGET_FOLLOW,FOLLOW
0.211628,-3.173532,TARGET_FOLLOW,FOLLOW
0.213975,-3.180428,TARGET_FOLLOW,FOLLOW
0.216388,-3.187349,TARGET_FOLLOW,FOLLOW
0.218865,-3.194295,TARGET_FOLLOW,FOLLOW
0.221408,-3.201267,TARGET_FOLLOW,FOLLOW
0.224013,-3.208256,TARGET_FOLLOW,FOLLOW
0.226678,-3.215254,TARGET_FOLLOW,FOLLOW
0.229402,-3.222258,TARGET_FOLLOW,FOLLOW
0.232183,-3.229268,TARGET_FOLLOW,FOLLOW
0.235020,-3.236278,TARGET_FOLLOW,FOLLOW
0.237909,-3.243279,TARGET_FOLLOW,FOLLOW
0.240848,-3.250269,TARGET_FOLLOW,FOLLOW
0.243837,-3.257249,TARGET_FOLLOW,FOLLOW
0.246873,-3.264213,TARGET_FOLLOW,FOLLOW
0.249954,-3.271156,TARGET_FOLLOW,FOLLOW
0.253077,-3.278075,TARGET_FOLLOW,FOLLOW
0.256243,-3.284972,TARGET_FOLLOW,FOLLOW
0.259449,-3.291842,TARGET_FOLLOW,FOLLOW
0.262694,-3.298683,TARGET_FOLLOW,FOLLOW
0.265975,-3.305492,TARGET_FOLLOW,FOLLOW
0.269293,-3.312272,TARGET_FOLLOW,FOLLOW
0.272646,-3.319020,TARGET_FOLLOW,FOLLOW
0.276033,-3.325734,TARGET_FOLLOW,FOLLOW
0.279452,-3.332412,TARGET_FOLLOW,FOLLOW
0.282904,-3.339058,TARGET_FOLLOW,FOLLOW
0.286388,-3.345671,TARGET_FOLLOW,FOLLOW
0.289903,-3.352247,TARGET_FOLLOW,FOLLOW
0.293447,-3.358788,TARGET_FOLLOW,FOLLOW
0.297023,-3.365296,TARGET_FOLLOW,FOLLOW
0.300629,-3.371770,TARGET_FOLLOW,FOLLOW
0.304264,-3.378209,TARGET_FOLLOW,FOLLOW
0.307927,-3.384613,TARGET_FOLLOW,FOLLOW
0.311621,-3.390986,TARGET_FOLLOW,FOLLOW
0.315345,-3.397327,TARGET_FOLLOW,FOLLOW
0.319096,-3.403634,TARGET_FOLLOW,FOLLOW
0.322876,-3.409909,TARGET_FOLLOW,FOLLOW
0.326686,-3.416154,TARGET_FOLLOW,FOLLOW
0.330526,-3.422370,TARGET_FOLLOW,FOLLOW
0.334395,-3.428555,TARGET_FOLLOW,FOLLOW
0.338293,-3.434710,TARGET_FOLLOW,FOLLOW
0.342223,-3.440839,TARGET_FOLLOW,FOLLOW
0.346183,-3.446940,TARGET_FOLLOW,FOLLOW
0.350172,-3.453013,TARGET_FOLLOW,FOLLOW
0.354192,-3.459059,TARGET_FOLLOW,FOLLOW
0.358244,-3.465082,TARGET_FOLLOW,FOLLOW
0.362329,-3.471080,TARGET_FOLLOW,FOLLOW
0.366444,-3.477053,TARGET_FOLLOW,FOLLOW
0.370591,-3.483001,TARGET_FOLLOW,FOLLOW
0.374773,-3.488929,TARGET_FOLLOW,FOLLOW
0.378989,-3.494835,TARGET_FOLLOW,FOLLOW
0.382824,-3.500146,TARGET_FOLLOW,FOLLOW
0.388534,-3.502922,TARGET_REACHED,STAY
0.389126,-3.503172,TARGET_REACHED,STAY
0.389126,-3.503172,TARGET_REACHED,STAY
0.389126,-3.503172,TARGET_REACHED,STAY
0.389126,-3.503172,TARGET_REACHED,STAY
0.389126,-3.503172,TARGET_REACHED,STAY
0.389126,-3.503172,TARGET_REACHED,STAY
0.389126,-3.503172,TARGET_REACHED,STAY
0.389126,-3.503172,TARGET_REACHED,STAY
0.389126,-3.503172,TARGET_REACHED,STAY
0.389126,-3.503172,TARGET_REACHED,STAY
0.389126,-3.503172,TARGET_REACHED,STAY
0.389126,-3.503172,TARGET_REACHED,STAY
0.389126,-3.503172,TARGET_REACHED,STAY
0.389126,-3.503172,TARGET_REACHED,STAY
0.389126,-3.503172,TARGET_REACHED,STAY
0.389126,-3.503172,TARGET_REACHED,STAY
0.389126,-3.503172,TARGET_REACHED,STAY
0.389126,-3.503172,TARGET_REACHED,STAY
0.389126,-3.503172,TARGET_REACHED,STAY
0.389126,-3.503172,TARGET_REACHED,STAY
0.389126,-3.503172,TARGET_REACHED,STAY
0.389126,-3.503172,TARGET_REACHED,STAY
0.389126,-3.503172,TARGET_REACHED,STAY
0.389126,-3.503172,TARGET_REACHED,STAY
0.389126,-3.503172,TARGET_REACHED,STAY
0.389126,-3.503172,TARGET_REACHED,STAY
0.389126,-3.503172,TARGET_REACHED,STAY
0.389126,-3.503172,TARGET_REACHED,STAY
0.389126,-3.503172,TARGET_REACHED,STAY
0.389126,-3.503172,TARGET_REACHED,STAY
0.389126,-3.503172,TARGET_REACHED,STAY
0.389126,-3.503172,TARGET_REACHED,STAY
0.389126,-3.503172,TARGET_REACHED,STAY
0.389126,-3.503172,TARGET_REACHED,STAY
0.389126,-3.503172,TARGET_REACHED,STAY
0.389126,-3.503172,TARGET_REACHED,STAY
0.389126,-3.503172,TARGET_REACHED,STAY
0.389126,-3.503172,TARGET_REACHED,STAY
0.389126,-3.503172,TARGET_REACHED,STAY
0.389126,-3.503172,TARGET_REACHED,STAY
0.389126,-3.503172,TARGET_REACHED,STAY
0.389126,-3.503172,TARGET_REACHED,STAY
0.389126,-3.503172,TARGET_REACHED,STAY
0.389126,-3.503172,TARGET_REACHED,STAY
0.389126,-3.503172,TARGET_REACHED,STAY
0.389126,-3.503172,TARGET_REACHED,STAY
0.389126,-3.503172,TARGET_REACHED,STAY
0.389126,-3.503172,TARGET_REACHED,STAY
0.389126,-3.503172,TARGET_REACHED,STAY
0.389126,-3.503172,TARGET_REACHED,STAY
0.389126,-3.503172,TARGET_REACHED,STAY
0.389126,-3.503172,TARGET_REACHED,STAY
0.389126,-3.503172,TARGET_REACHED,STAY
0.389126,-3.503172,TARGET_REACHED,STAY
0.389126,-3.503172,TARGET_REACHED,STAY
0.389126,-3.503172,TARGET_REACHED,STAY
0.389126,-3.503172,TARGET_REACHED,STAY
0.389126,-3.503172,TARGET_REACHED,STAY
0.389126,-3.503172,TARGET_REACHED,STAY
0.389126,-3.503172,TARGET_REACHED,STAY
0.389126,-3.503172,TARGET_REACHED,STAY
0.389126,-3.503172,TARGET_REACHED,STAY
0.389126,-3.503172,TARGET_REACHED,STAY
0.389126,-3.503172,TARGET_REACHED,STAY
0.389126,-3.503172,TARGET_REACHED,STAY
0.389126,-3.503172,TARGET_REACHED,STAY
0.389126,-3.503172,TARGET_REACHED,STAY
0.389126,-3.503172,TARGET_REACHED,STAY
0.389126,-3.503172,TARGET_REACHED,STAY
0.389126,-3.503172,TARGET_REACHED,STAY
0.389126,-3.503172,TARGET_REACHED,STAY
0.389126,-3.503172,TARGET_REACHED,STAY
0.389126,-3.503172,TARGET_REACHED,STAY
0.389126,-3.503172,TARGET_REACHED,STAY
0.389126,-3.503172,TARGET_REACHED,STAY
0.389126,-3.503172,TARGET_REACHED,STAY
0.389126,-3.503172,TARGET_REACHED,STAY
0.389126,-3.503172,TARGET_REACHED,STAY
0.389126,-3.503172,TARGET_REACHED,STAY
0.389126,-3.503172,TARGET_REACHED,STAY
0.389126,-3.503172,TARGET_REACHED,STAY
0.389126,-3.503172,TARGET_REACHED,STAY
0.389126,-3.503172,TARGET_REACHED,STAY
0.389126,-3.503172,TARGET_REACHED,STAY
0.389126,-3.503172,TARGET_REACHED,STAY
0.389126,-3.503172,TARGET_REACHED,STAY
0.389126,-3.503172,TARGET_REACHED,STAY
0.389126,-3.503172,TARGET_REACHED,STAY
0.389126,-3.503172,TARGET_REACHED,STAY
0.389126,-3.503172,TARGET_REACHED,STAY
0.389126,-3.503172,TARGET_REACHED,STAY
0.389126,-3.503172,TARGET_REACHED,STAY
0.389126,-3.503172,TARGET_REACHED,STAY
0.389126,-3.503172,TARGET_REACHED,STAY
0.389126,-3.503172,TARGET_REACHED,STAY
0.389126,-3.503172,TARGET_REACHED,STAY
0.389126,-3.503172,TARGET_REACHED,STAY
0.389126,-3.503172,TARGET_REACHED,STAY
0.389126,-3.503172,TARGET_REACHED,STAY
0.389126,-3.503172,TARGET_REACHED,STAY
0.389126,-3.503172,TARGET_REACHED,STAY
0.389126,-3.503172,TARGET_REACHED,STAY
0.389126,-3.503172,TARGET_REACHED,STAY
0.389126,-3.503172,TARGET_REACHED,STAY
0.389126,-3.503172,TARGET_REACHED,STAY
0.389126,-3.503172,TARGET_REACHED,STAY
0.389126,-3.503172,TARGET_REACHED,STAY
0.389126,-3.503172,TARGET_REACHED,STAY
0.389126,-3.503172,TARGET_REACHED,STAY
0.389126,-3.503172,TARGET_REACHED,STAY
0.389126,-3.503172,TARGET_REACHED,STAY
0.389126,-3.503172,TARGET_REACHED,STAY
0.389126,-3.503172,TARGET_REACHED,STAY
0.389126,-3.503172,TARGET_REACHED,STAY
0.389126,-3.503172,TARGET_REACHED,STAY
0.389126,-3.503172,TARGET_REACHED,STAY
0.389126,-3.503172,TARGET_REACHED,STAY
0.389126,-3.503172,TARGET_REACHED,STAY
0.389126,-3.503172,TARGET_REACHED,STAY
0.389126,-3.503172,TARGET_REACHED,STAY
0.389126,-3.503172,TARGET_REACHED,STAY
0.389126,-3.503172,TARGET_REACHED,STAY
0.389126,-3.503172,TARGET_REACHED,STAY
0.389126,-3.503172,TARGET_REACHED,STAY
0.389126,-3.503172,TARGET_REACHED,STAY
0.389126,-3.503172,TARGET_REACHED,STAY
0.389126,-3.503172,TARGET_REACHED,STAY
0.389126,-3.503172,TARGET_REACHED,STAY
0.389126,-3.503172,TARGET_REACHED,STAY
0.389126,-3.503172,TARGET_REACHED,STAY
0.389126,-3.503172,TARGET_REACHED,STAY
0.389126,-3.503172,TARGET_REACHED,STAY
0.389126,-3.503172,TARGET_REACHED,STAY
0.389126,-3.503172,TARGET_REACHED,STAY
0.389126,-3.503172,TARGET_REACHED,STAY
0.389126,-3.503172,TARGET_REACHED,STAY
0.389126,-3.503172,TARGET_REACHED,STAY
0.389126,-3.503172,TARGET_REACHED,STAY
0.389126,-3.503172,TARGET_REACHED,STAY
0.389126,-3.503172,TARGET_REACHED,STAY
0.389126,-3.503172,TARGET_REACHED,STAY
0.389126,-3.503172,TARGET_REACHED,STAY
0.389126,-3.503172,TARGET_REACHED,STAY
0.389126,-3.503172,TARGET_REACHED,STAY
0.389126,-3.503172,TARGET_REACHED,STAY
0.389126,-3.503172,TARGET_REACHED,STAY
0.389126,-3.503172,TARGET_REACHED,STAY
0.389126,-3.503172,TARGET_REACHED,STAY
0.389126,-3.503172,TARGET_REACHED,STAY
0.389126,-3.503172,TARGET_REACHED,STAY
0.389126,-3.503172,TARGET_REACHED,STAY
0.389126,-3.503172,TARGET_REACHED,STAY
0.389126,-3.503172,TARGET_REACHED,STAY
0.389126,-3.503172,TARGET_REACHED,STAY
0.389126,-3.503172,TARGET_REACHED,STAY
0.389126,-3.503172,TARGET_REACHED,STAY
0.389126,-3.503172,TARGET_REACHED,STAY
0.389126,-3.503172,TARGET_REACHED,STAY
0.389126,-3.503172,TARGET_REACHED,STAY
0.389126,-3.503172,TARGET_REACHED,STAY
0.389126,-3.503172,TARGET_REACHED,STAY
0.389126,-3.503172,TARGET_REACHED,STAY
0.389126,-3.503172,TARGET_REACHED,STAY
0.389126,-3.503172,TARGET_REACHED,STAY
0.389126,-3.503172,TARGET_REACHED,STAY
0.389126,-3.503172,TARGET_REACHED,STAY
0.389126,-3.503172,TARGET_REACHED,STAY
0.389126,-3.503172,TARGET_REACHED,STAY
0.389126,-3.503172,TARGET_REACHED,STAY
0.389126,-3.503172,TARGET_REACHED,STAY
0.389126,-3.503172,TARGET_REACHED,STAY
0.389126,-3.503172,TARGET_REACHED,STAY
0.389126,-3.503172,TARGET_REACHED,STAY
0.389126,-3.503172,TARGET_REACHED,STAY
0.389126,-3.503172,TARGET_REACHED,STAY
0.389126,-3.503172,TARGET_REACHED,STAY
0.389126,-3.503172,TARGET_REACHED,STAY
0.389126,-3.503172,TARGET_REACHED,STAY
0.389126,-3.503172,TARGET_REACHED,STAY
0.389126,-3.503172,TARGET_REACHED,STAY
0.389126,-3.503172,TARGET_REACHED,STAY
0.389126,-3.503172,TARGET_REACHED,STAY
0.389126,-3.503172,TARGET_REACHED,STAY
0.389126,-3.503172,TARGET_REACHED,STAY
0.389126,-3.503172,TARGET_REACHED,STAY
0.389126,-3.503172,TARGET_REACHED,STAY
0.389126,-3.503172,TARGET_REACHED,STAY
0.389126,-3.503172,TARGET_REACHED,STAY
0.389126,-3.503172,TARGET_REACHED,STAY
0.389126,-3.503172,TARGET_REACHED,STAY
0.389126,-3.503172,TARGET_REACHED,STAY
0.389126,-3.503172,TARGET_REACHED,STAY
0.389126,-3.503172,TARGET_REACHED,STAY
